MSHX1
GROUPS 1
LABEL Styx
MATERIAL 1
GEOM 10242 20480
-0.501319 0.000000 0.811150 -0.19200 -0.00000 0.98140
0.501319 0.000000 0.811150 0.19200 -0.00000 0.98140
-0.501319 0.000000 -0.811150 -0.19200 -0.00000 -0.98140
0.501319 0.000000 -0.811150 0.19200 -0.00000 -0.98140
0.000000 0.669039 -0.413489 -0.00000 0.89855 -0.43886
0.000000 0.669039 0.413489 0.00000 0.89855 0.43886
0.000000 -0.669039 -0.413489 -0.00000 -0.89855 -0.43886
0.000000 -0.669039 0.413489 0.00000 -0.89855 0.43886
0.960234 -0.593457 0.000000 0.37564 -0.92677 -0.00000
0.960234 0.593457 0.000000 0.37564 0.92677 0.00000
-0.960234 -0.593457 0.000000 -0.37564 -0.92677 0.00000
-0.960234 0.593457 0.000000 -0.37564 0.92677 -0.00000
0.000000 0.000000 0.858769 0.00000 -0.00000 1.00000
0.000000 0.000000 -0.858769 -0.00000 -0.00000 -1.00000
-0.265225 0.429142 -0.694367 -0.09486 0.61325 -0.78417
0.265225 0.429142 -0.694367 0.09486 0.61325 -0.78417
-0.265225 0.429142 0.694367 -0.09486 0.61325 0.78417
0.265225 0.429142 0.694367 0.09486 0.61325 0.78417
0.000000 0.763350 0.000000 0.00000 1.00000 0.00000
-0.265225 -0.429142 -0.694367 -0.09486 -0.61325 -0.78417
0.265225 -0.429142 -0.694367 0.09486 -0.61325 -0.78417
-0.265225 -0.429142 0.694367 -0.09486 -0.61325 0.78417
0.265225 -0.429142 0.694367 0.09486 -0.61325 0.78417
0.000000 -0.763350 0.000000 0.00000 -1.00000 0.00000
0.913882 -0.349072 0.564810 0.37461 -0.57100 0.73050
0.913882 -0.349072 -0.564810 0.37461 -0.57100 -0.73050
0.428751 -0.693734 -0.264983 0.14648 -0.94700 -0.28588
0.428751 -0.693734 0.264983 0.14648 -0.94700 0.28588
0.913882 0.349072 0.564810 0.37461 0.57100 0.73050
0.913882 0.349072 -0.564810 0.37461 0.57100 -0.73050
0.428751 0.693734 -0.264983 0.14648 0.94700 -0.28588
0.428751 0.693734 0.264983 0.14648 0.94700 0.28588
1.526701 0.000000 0.000000 1.00000 0.00000 0.00000
-0.913882 -0.349072 0.564810 -0.37461 -0.57100 0.73050
-0.913882 -0.349072 -0.564810 -0.37461 -0.57100 -0.73050
-0.428751 -0.693734 -0.264983 -0.14648 -0.94700 -0.28588
-0.428751 -0.693734 0.264983 -0.14648 -0.94700 0.28588
-0.913882 0.349072 0.564810 -0.37461 0.57100 0.73050
-0.913882 0.349072 -0.564810 -0.37461 0.57100 -0.73050
-0.428751 0.693734 -0.264983 -0.14648 0.94700 -0.28588
-0.428751 0.693734 0.264983 -0.14648 0.94700 0.28588
-1.526701 0.000000 0.000000 -1.00000 0.00000 0.00000
-0.240902 0.000000 0.848011 -0.08967 0.00000 0.99597
0.240902 0.000000 0.848011 0.08967 -0.00000 0.99597
-0.240902 0.000000 -0.848011 -0.08967 -0.00000 -0.99597
0.240902 0.000000 -0.848011 0.08967 0.00000 -0.99597
-0.395133 0.236678 -0.785613 -0.14672 0.35173 -0.92453
-0.130731 0.571399 -0.564672 -0.04550 0.78766 -0.61443
-0.139494 0.225706 -0.816611 -0.05049 0.33010 -0.94260
0.395133 0.236678 -0.785613 0.14672 0.35173 -0.92453
0.130731 0.571399 -0.564672 0.04550 0.78766 -0.61443
0.139494 0.225706 -0.816611 0.05049 0.33010 -0.94260
0.000000 0.435769 -0.705088 0.00000 0.61483 -0.78866
-0.395133 0.236678 0.785613 -0.14672 0.35173 0.92453
-0.130731 0.571399 0.564672 -0.04550 0.78766 0.61443
-0.139494 0.225706 0.816611 -0.05049 0.33010 0.94260
0.395133 0.236678 0.785613 0.14672 0.35173 0.92453
0.130731 0.571399 0.564672 0.04550 0.78766 0.61443
0.139494 0.225706 0.816611 0.05049 0.33010 0.94260
0.000000 0.435769 0.705088 -0.00000 0.61483 0.78866
0.000000 0.740119 -0.210252 0.00000 0.97567 -0.21926
0.000000 0.740119 0.210252 -0.00000 0.97567 0.21926
-0.395133 -0.236678 -0.785613 -0.14672 -0.35173 -0.92453
-0.130731 -0.571399 -0.564672 -0.04550 -0.78766 -0.61443
-0.139494 -0.225706 -0.816611 -0.05049 -0.33010 -0.94260
0.395133 -0.236678 -0.785613 0.14672 -0.35173 -0.92453
0.130731 -0.571399 -0.564672 0.04550 -0.78766 -0.61443
0.139494 -0.225706 -0.816611 0.05049 -0.33010 -0.94260
0.000000 -0.435769 -0.705088 -0.00000 -0.61483 -0.78866
-0.395133 -0.236678 0.785613 -0.14672 -0.35173 0.92453
-0.130731 -0.571399 0.564672 -0.04550 -0.78766 0.61443
-0.139494 -0.225706 0.816611 -0.05049 -0.33010 0.94260
0.395133 -0.236678 0.785613 0.14672 -0.35173 0.92453
0.130731 -0.571399 0.564672 0.04550 -0.78766 0.61443
0.139494 -0.225706 0.816611 0.05049 -0.33010 0.94260
0.000000 -0.435769 0.705088 0.00000 -0.61483 0.78866
0.000000 -0.740119 -0.210252 0.00000 -0.97567 -0.21926
0.000000 -0.740119 0.210252 -0.00000 -0.97567 0.21926
0.723672 -0.167543 0.732294 0.28848 -0.26517 0.92003
1.006955 -0.506459 0.303360 0.41024 -0.82437 0.39002
0.560209 -0.405371 0.655904 0.20843 -0.60388 0.76934
0.723672 -0.167543 -0.732294 0.28848 -0.26517 -0.92003
1.006955 -0.506459 -0.303360 0.41024 -0.82437 -0.39002
0.560209 -0.405371 -0.655904 0.20843 -0.60388 -0.76934
0.207987 -0.690379 -0.347234 0.06994 -0.92687 -0.36881
0.677911 -0.669930 -0.155100 0.24178 -0.95457 -0.17418
0.364866 -0.590366 -0.504233 0.12764 -0.82195 -0.55508
0.206674 -0.747753 -0.127731 0.06880 -0.98877 -0.13269
0.674373 -0.575983 -0.416785 0.24607 -0.84092 -0.48197
0.207987 -0.690379 0.347234 0.06994 -0.92687 0.36881
0.677911 -0.669930 0.155100 0.24178 -0.95457 0.17418
0.364866 -0.590366 0.504233 0.12764 -0.82195 0.55508
0.206674 -0.747753 0.127731 0.06880 -0.98877 0.13269
0.674373 -0.575983 0.416785 0.24607 -0.84092 0.48197
0.450746 -0.729322 0.000000 0.15248 -0.98831 0.00000
0.723672 0.167543 0.732294 0.28848 0.26517 0.92003
1.006955 0.506459 0.303360 0.41024 0.82437 0.39002
0.560209 0.405371 0.655904 0.20843 0.60388 0.76934
1.027621 0.000000 0.635105 0.45750 0.00000 0.88921
0.723672 0.167543 -0.732294 0.28848 0.26517 -0.92003
1.006955 0.506459 -0.303360 0.41024 0.82437 -0.39002
0.560209 0.405371 -0.655904 0.20843 0.60388 -0.76934
1.027621 0.000000 -0.635105 0.45750 0.00000 -0.88921
0.207987 0.690379 -0.347234 0.06994 0.92687 -0.36881
0.677911 0.669930 -0.155100 0.24178 0.95457 -0.17418
0.364866 0.590366 -0.504233 0.12764 0.82195 -0.55508
0.206674 0.747753 -0.127731 0.06880 0.98877 -0.13269
0.674373 0.575983 -0.416785 0.24607 0.84092 -0.48197
0.207987 0.690379 0.347234 0.06994 0.92687 0.36881
0.677911 0.669930 0.155100 0.24178 0.95457 0.17418
0.364866 0.590366 0.504233 0.12764 0.82195 0.55508
0.206674 0.747753 0.127731 0.06880 0.98877 0.13269
0.674373 0.575983 0.416785 0.24607 0.84092 0.48197
0.450746 0.729322 0.000000 0.15248 0.98831 -0.00000
1.327413 -0.377090 0.000000 0.66140 -0.75003 0.00000
1.327413 0.377090 0.000000 0.66140 0.75003 0.00000
1.310022 -0.223778 0.362081 0.67110 -0.45376 0.58627
1.310022 -0.223778 -0.362081 0.67110 -0.45376 -0.58627
1.310022 0.223778 0.362081 0.67110 0.45376 0.58627
1.310022 0.223778 -0.362081 0.67110 0.45376 -0.58627
-0.723672 -0.167543 0.732294 -0.28848 -0.26517 0.92003
-1.006955 -0.506459 0.303360 -0.41024 -0.82437 0.39002
-0.560209 -0.405371 0.655904 -0.20843 -0.60388 0.76934
-0.723672 -0.167543 -0.732294 -0.28848 -0.26517 -0.92003
-1.006955 -0.506459 -0.303360 -0.41024 -0.82437 -0.39002
-0.560209 -0.405371 -0.655904 -0.20843 -0.60388 -0.76934
-0.207987 -0.690379 -0.347234 -0.06994 -0.92687 -0.36881
-0.677911 -0.669930 -0.155100 -0.24178 -0.95457 -0.17418
-0.364866 -0.590366 -0.504233 -0.12764 -0.82195 -0.55508
-0.206674 -0.747753 -0.127731 -0.06880 -0.98877 -0.13269
-0.674373 -0.575983 -0.416785 -0.24607 -0.84092 -0.48197
-0.207987 -0.690379 0.347234 -0.06994 -0.92687 0.36881
-0.677911 -0.669930 0.155100 -0.24178 -0.95457 0.17418
-0.364866 -0.590366 0.504233 -0.12764 -0.82195 0.55508
-0.206674 -0.747753 0.127731 -0.06880 -0.98877 0.13269
-0.674373 -0.575983 0.416785 -0.24607 -0.84092 0.48197
-0.450746 -0.729322 0.000000 -0.15248 -0.98831 -0.00000
-0.723672 0.167543 0.732294 -0.28848 0.26517 0.92003
-1.006955 0.506459 0.303360 -0.41024 0.82437 0.39002
-0.560209 0.405371 0.655904 -0.20843 0.60388 0.76934
-1.027621 0.000000 0.635105 -0.45750 0.00000 0.88921
-0.723672 0.167543 -0.732294 -0.28848 0.26517 -0.92003
-1.006955 0.506459 -0.303360 -0.41024 0.82437 -0.39002
-0.560209 0.405371 -0.655904 -0.20843 0.60388 -0.76934
-1.027621 0.000000 -0.635105 -0.45750 0.00000 -0.88921
-0.207987 0.690379 -0.347234 -0.06994 0.92687 -0.36881
-0.677911 0.669930 -0.155100 -0.24178 0.95457 -0.17418
-0.364866 0.590366 -0.504233 -0.12764 0.82195 -0.55508
-0.206674 0.747753 -0.127731 -0.06880 0.98877 -0.13269
-0.674373 0.575983 -0.416785 -0.24607 0.84092 -0.48197
-0.207987 0.690379 0.347234 -0.06994 0.92687 0.36881
-0.677911 0.669930 0.155100 -0.24178 0.95457 0.17418
-0.364866 0.590366 0.504233 -0.12764 0.82195 0.55508
-0.206674 0.747753 0.127731 -0.06880 0.98877 0.13269
-0.674373 0.575983 0.416785 -0.24607 0.84092 0.48197
-0.450746 0.729322 0.000000 -0.15248 0.98831 0.00000
-1.327413 -0.377090 0.000000 -0.66140 -0.75003 -0.00000
-1.327413 0.377090 0.000000 -0.66140 0.75003 -0.00000
-1.310022 -0.223778 0.362081 -0.67110 -0.45376 0.58627
-1.310022 -0.223778 -0.362081 -0.67110 -0.45376 -0.58627
-1.310022 0.223778 0.362081 -0.67110 0.45376 0.58627
-1.310022 0.223778 -0.362081 -0.67110 0.45376 -0.58627
-0.367423 0.000000 0.833528 -0.13837 -0.00000 0.99038
-0.119247 0.000000 0.856146 -0.04412 0.00000 0.99903
0.367423 0.000000 0.833528 0.13837 0.00000 0.99038
0.119247 0.000000 0.856146 0.04412 -0.00000 0.99903
-0.367423 0.000000 -0.833528 -0.13837 0.00000 -0.99038
-0.119247 0.000000 -0.856146 -0.04412 -0.00000 -0.99903
0.367423 0.000000 -0.833528 0.13837 -0.00000 -0.99038
0.119247 0.000000 -0.856146 0.04412 0.00000 -0.99903
-0.452803 0.122632 -0.808442 -0.17094 0.18502 -0.96775
-0.331673 0.339257 -0.746331 -0.12070 0.49453 -0.86074
-0.321278 0.118075 -0.828963 -0.11981 0.17622 -0.97703
-0.064690 0.625343 -0.491154 -0.02255 0.84976 -0.52669
-0.197813 0.506305 -0.632982 -0.06976 0.70994 -0.70080
-0.070624 0.114273 -0.848162 -0.02558 0.16824 -0.98541
-0.204899 0.331534 -0.764911 -0.07356 0.48000 -0.87418
-0.191776 0.115695 -0.841966 -0.07104 0.17093 -0.98272
-0.264532 0.231888 -0.804542 -0.09740 0.34061 -0.93515
0.452803 0.122632 -0.808442 0.17094 0.18502 -0.96775
0.331673 0.339257 -0.746331 0.12070 0.49453 -0.86074
0.321278 0.118075 -0.828963 0.11981 0.17622 -0.97703
0.064690 0.625343 -0.491154 0.02255 0.84976 -0.52669
0.197813 0.506305 -0.632982 0.06976 0.70994 -0.70080
0.000000 0.573506 -0.566753 -0.00000 0.78793 -0.61577
0.070624 0.114273 -0.848162 0.02558 0.16824 -0.98541
0.204899 0.331534 -0.764911 0.07356 0.48000 -0.87418
0.191776 0.115695 -0.841966 0.07104 0.17093 -0.98272
0.000000 0.226654 -0.820041 0.00000 0.33061 -0.94377
0.264532 0.231888 -0.804542 0.09740 0.34061 -0.93515
-0.130799 0.434166 -0.702496 -0.04644 0.61415 -0.78782
0.130799 0.434166 -0.702496 0.04644 0.61415 -0.78782
-0.066509 0.508390 -0.639508 -0.02310 0.70908 -0.70475
-0.069398 0.336865 -0.769636 -0.02482 0.48422 -0.87460
0.066509 0.508390 -0.639508 0.02310 0.70908 -0.70475
0.069398 0.336865 -0.769636 0.02482 0.48422 -0.87460
-0.452803 0.122632 0.808442 -0.17094 0.18502 0.96775
-0.331673 0.339257 0.746331 -0.12070 0.49453 0.86074
-0.321278 0.118075 0.828963 -0.11981 0.17622 0.97703
-0.064690 0.625343 0.491154 -0.02255 0.84976 0.52669
-0.197813 0.506305 0.632982 -0.06976 0.70994 0.70080
-0.070624 0.114273 0.848162 -0.02558 0.16824 0.98541
-0.204899 0.331534 0.764911 -0.07356 0.48000 0.87418
-0.191776 0.115695 0.841966 -0.07104 0.17093 0.98272
-0.264532 0.231888 0.804542 -0.09740 0.34061 0.93515
0.452803 0.122632 0.808442 0.17094 0.18502 0.96775
0.331673 0.339257 0.746331 0.12070 0.49453 0.86074
0.321278 0.118075 0.828963 0.11981 0.17622 0.97703
0.064690 0.625343 0.491154 0.02255 0.84976 0.52669
0.197813 0.506305 0.632982 0.06976 0.70994 0.70080
0.000000 0.573506 0.566753 0.00000 0.78793 0.61577
0.070624 0.114273 0.848162 0.02558 0.16824 0.98541
0.204899 0.331534 0.764911 0.07356 0.48000 0.87418
0.191776 0.115695 0.841966 0.07104 0.17093 0.98272
0.000000 0.226654 0.820041 -0.00000 0.33061 0.94377
0.264532 0.231888 0.804542 0.09740 0.34061 0.93515
-0.130799 0.434166 0.702496 -0.04644 0.61415 0.78782
0.130799 0.434166 0.702496 0.04644 0.61415 0.78782
-0.066509 0.508390 0.639508 -0.02310 0.70908 0.70475
-0.069398 0.336865 0.769636 -0.02482 0.48422 0.87460
0.066509 0.508390 0.639508 0.02310 0.70908 0.70475
0.069398 0.336865 0.769636 0.02482 0.48422 0.87460
0.000000 0.710739 -0.313297 -0.00000 0.94427 -0.32917
0.000000 0.757566 -0.105517 0.00000 0.99398 -0.10954
0.000000 0.710739 0.313297 0.00000 0.94427 0.32917
0.000000 0.757566 0.105517 -0.00000 0.99398 0.10954
-0.452803 -0.122632 -0.808442 -0.17094 -0.18502 -0.96775
-0.331673 -0.339257 -0.746331 -0.12070 -0.49453 -0.86074
-0.321278 -0.118075 -0.828963 -0.11981 -0.17622 -0.97703
-0.064690 -0.625343 -0.491154 -0.02255 -0.84976 -0.52669
-0.197813 -0.506305 -0.632982 -0.06976 -0.70994 -0.70080
-0.070624 -0.114273 -0.848162 -0.02558 -0.16824 -0.98541
-0.204899 -0.331534 -0.764911 -0.07356 -0.48000 -0.87418
-0.191776 -0.115695 -0.841966 -0.07104 -0.17093 -0.98272
-0.264532 -0.231888 -0.804542 -0.09740 -0.34061 -0.93515
0.452803 -0.122632 -0.808442 0.17094 -0.18502 -0.96775
0.331673 -0.339257 -0.746331 0.12070 -0.49453 -0.86074
0.321278 -0.118075 -0.828963 0.11981 -0.17622 -0.97703
0.064690 -0.625343 -0.491154 0.02255 -0.84976 -0.52669
0.197813 -0.506305 -0.632982 0.06976 -0.70994 -0.70080
0.000000 -0.573506 -0.566753 0.00000 -0.78793 -0.61577
0.070624 -0.114273 -0.848162 0.02558 -0.16824 -0.98541
0.204899 -0.331534 -0.764911 0.07356 -0.48000 -0.87418
0.191776 -0.115695 -0.841966 0.07104 -0.17093 -0.98272
0.000000 -0.226654 -0.820041 0.00000 -0.33061 -0.94377
0.264532 -0.231888 -0.804542 0.09740 -0.34061 -0.93515
-0.130799 -0.434166 -0.702496 -0.04644 -0.61415 -0.78782
0.130799 -0.434166 -0.702496 0.04644 -0.61415 -0.78782
-0.066509 -0.508390 -0.639508 -0.02310 -0.70908 -0.70475
-0.069398 -0.336865 -0.769636 -0.02482 -0.48422 -0.87460
0.066509 -0.508390 -0.639508 0.02310 -0.70908 -0.70475
0.069398 -0.336865 -0.769636 0.02482 -0.48422 -0.87460
-0.452803 -0.122632 0.808442 -0.17094 -0.18502 0.96775
-0.331673 -0.339257 0.746331 -0.12070 -0.49453 0.86074
-0.321278 -0.118075 0.828963 -0.11981 -0.17622 0.97703
-0.064690 -0.625343 0.491154 -0.02255 -0.84976 0.52669
-0.197813 -0.506305 0.632982 -0.06976 -0.70994 0.70080
-0.070624 -0.114273 0.848162 -0.02558 -0.16824 0.98541
-0.204899 -0.331534 0.764911 -0.07356 -0.48000 0.87418
-0.191776 -0.115695 0.841966 -0.07104 -0.17093 0.98272
-0.264532 -0.231888 0.804542 -0.09740 -0.34061 0.93515
0.452803 -0.122632 0.808442 0.17094 -0.18502 0.96775
0.331673 -0.339257 0.746331 0.12070 -0.49453 0.86074
0.321278 -0.118075 0.828963 0.11981 -0.17622 0.97703
0.064690 -0.625343 0.491154 0.02255 -0.84976 0.52669
0.197813 -0.506305 0.632982 0.06976 -0.70994 0.70080
0.000000 -0.573506 0.566753 -0.00000 -0.78793 0.61577
0.070624 -0.114273 0.848162 0.02558 -0.16824 0.98541
0.204899 -0.331534 0.764911 0.07356 -0.48000 0.87418
0.191776 -0.115695 0.841966 0.07104 -0.17093 0.98272
0.000000 -0.226654 0.820041 -0.00000 -0.33061 0.94377
0.264532 -0.231888 0.804542 0.09740 -0.34061 0.93515
-0.130799 -0.434166 0.702496 -0.04644 -0.61415 0.78782
0.130799 -0.434166 0.702496 0.04644 -0.61415 0.78782
-0.066509 -0.508390 0.639508 -0.02310 -0.70908 0.70475
-0.069398 -0.336865 0.769636 -0.02482 -0.48422 0.87460
0.066509 -0.508390 0.639508 0.02310 -0.70908 0.70475
0.069398 -0.336865 0.769636 0.02482 -0.48422 0.87460
0.000000 -0.710739 -0.313297 0.00000 -0.94427 -0.32917
0.000000 -0.757566 -0.105517 0.00000 -0.99398 -0.10954
0.000000 -0.710739 0.313297 -0.00000 -0.94427 0.32917
0.000000 -0.757566 0.105517 0.00000 -0.99398 0.10954
0.613495 -0.080804 0.781110 0.24008 -0.12468 0.96271
0.826425 -0.258266 0.661035 0.33512 -0.41678 0.84498
0.552296 -0.205954 0.766346 0.21133 -0.31510 0.92523
1.000703 -0.560488 0.151796 0.40069 -0.89597 0.19156
0.976762 -0.434078 0.444003 0.40109 -0.71253 0.57570
0.407048 -0.419995 0.679565 0.14776 -0.61055 0.77807
0.728445 -0.382966 0.619652 0.28156 -0.59261 0.75468
0.480826 -0.322481 0.729874 0.17936 -0.47991 0.85879
0.647734 -0.296152 0.702659 0.24940 -0.45553 0.85457
0.613495 -0.080804 -0.781110 0.24008 -0.12468 -0.96271
0.826425 -0.258266 -0.661035 0.33512 -0.41678 -0.84498
0.552296 -0.205954 -0.766346 0.21133 -0.31510 -0.92523
1.000703 -0.560488 -0.151796 0.40069 -0.89597 -0.19156
0.976762 -0.434078 -0.444003 0.40109 -0.71253 -0.57570
0.407048 -0.419995 -0.679565 0.14776 -0.61055 -0.77807
0.728445 -0.382966 -0.619652 0.28156 -0.59261 -0.75468
0.480826 -0.322481 -0.729874 0.17936 -0.47991 -0.85879
0.647734 -0.296152 -0.702659 0.24940 -0.45553 -0.85457
0.103418 -0.681775 -0.381858 0.03477 -0.91368 -0.40495
0.315748 -0.694614 -0.308690 0.10675 -0.93801 -0.32976
0.171648 -0.638695 -0.460299 0.05841 -0.86745 -0.49409
0.102568 -0.720092 -0.279083 0.03417 -0.95565 -0.29251
0.815901 -0.640821 -0.084403 0.30222 -0.94819 -0.09802
0.548959 -0.686308 -0.214478 0.19077 -0.95308 -0.23505
0.839680 -0.605146 -0.225662 0.31608 -0.90993 -0.26856
0.318985 -0.516129 -0.606746 0.11319 -0.72765 -0.67655
0.401752 -0.650049 -0.389368 0.13883 -0.89507 -0.42376
0.245615 -0.582755 -0.537202 0.08487 -0.80552 -0.58646
0.463585 -0.509530 -0.583869 0.16666 -0.73096 -0.66176
0.285894 -0.647068 -0.426275 0.09748 -0.88271 -0.45970
0.102335 -0.759556 -0.063246 0.03407 -0.99732 -0.06475
0.314937 -0.726618 -0.194642 0.10594 -0.97295 -0.20530
0.102574 -0.746479 -0.170027 0.03390 -0.98358 -0.17727
0.209189 -0.725788 -0.238637 0.06956 -0.96551 -0.25090
0.799953 -0.479158 -0.494398 0.30757 -0.73668 -0.60225
0.548936 -0.645313 -0.339261 0.19248 -0.90593 -0.37714
0.833761 -0.549264 -0.368381 0.31833 -0.83775 -0.44367
0.627015 -0.497843 -0.547182 0.23142 -0.73450 -0.63794
0.685472 -0.631891 -0.288908 0.24763 -0.91118 -0.32929
0.512658 -0.587453 -0.466431 0.18206 -0.83263 -0.52304
0.103418 -0.681775 0.381858 0.03477 -0.91368 0.40495
0.315748 -0.694614 0.308690 0.10675 -0.93801 0.32976
0.171648 -0.638695 0.460299 0.05841 -0.86745 0.49409
0.102568 -0.720092 0.279083 0.03417 -0.95565 0.29251
0.815901 -0.640821 0.084403 0.30222 -0.94819 0.09802
0.548959 -0.686308 0.214478 0.19077 -0.95308 0.23505
0.839680 -0.605146 0.225662 0.31608 -0.90993 0.26856
0.689246 -0.681131 0.000000 0.24542 -0.96942 -0.00000
0.318985 -0.516129 0.606746 0.11319 -0.72765 0.67655
0.401752 -0.650049 0.389368 0.13883 -0.89507 0.42376
0.245615 -0.582755 0.537202 0.08487 -0.80552 0.58646
0.463585 -0.509530 0.583869 0.16666 -0.73096 0.66176
0.285894 -0.647068 0.426275 0.09748 -0.88271 0.45970
0.102335 -0.759556 0.063246 0.03407 -0.99732 0.06475
0.314937 -0.726618 0.194642 0.10594 -0.97295 0.20530
0.102574 -0.746479 0.170027 0.03390 -0.98358 0.17727
0.208999 -0.756164 0.000000 0.06911 -0.99761 0.00000
0.209189 -0.725788 0.238637 0.06956 -0.96551 0.25090
0.799953 -0.479158 0.494398 0.30757 -0.73668 0.60225
0.548936 -0.645313 0.339261 0.19248 -0.90593 0.37714
0.833761 -0.549264 0.368381 0.31833 -0.83775 0.44367
0.627015 -0.497843 0.547182 0.23142 -0.73450 0.63794
0.685472 -0.631891 0.288908 0.24763 -0.91118 0.32929
0.512658 -0.587453 0.466431 0.18206 -0.83263 0.52304
0.445214 -0.720372 -0.134127 0.15091 -0.97801 -0.14394
0.445214 -0.720372 0.134127 0.15091 -0.97801 0.14394
0.561856 -0.706763 -0.073504 0.19465 -0.97759 -0.08014
0.325393 -0.743427 -0.067035 0.10850 -0.99160 -0.07037
0.561856 -0.706763 0.073504 0.19465 -0.97759 0.08014
0.325393 -0.743427 0.067035 0.10850 -0.99160 0.07037
0.613495 0.080804 0.781110 0.24008 0.12468 0.96271
0.826425 0.258266 0.661035 0.33512 0.41678 0.84498
0.552296 0.205954 0.766346 0.21133 0.31510 0.92523
0.741759 0.000000 0.750597 0.29894 0.00000 0.95427
1.000703 0.560488 0.151796 0.40069 0.89597 0.19156
0.976762 0.434078 0.444003 0.40109 0.71253 0.57570
0.407048 0.419995 0.679565 0.14776 0.61055 0.77807
0.728445 0.382966 0.619652 0.28156 0.59261 0.75468
0.480826 0.322481 0.729874 0.17936 0.47991 0.85879
0.647734 0.296152 0.702659 0.24940 0.45553 0.85457
0.996786 -0.185594 0.616047 0.43325 -0.32154 0.84197
0.996786 0.185594 0.616047 0.43325 0.32154 0.84197
0.875532 -0.091056 0.696023 0.36580 -0.15145 0.91829
0.875532 0.091056 0.696023 0.36580 0.15145 0.91829
0.613495 0.080804 -0.781110 0.24008 0.12468 -0.96271
0.826425 0.258266 -0.661035 0.33512 0.41678 -0.84498
0.552296 0.205954 -0.766346 0.21133 0.31510 -0.92523
0.741759 0.000000 -0.750597 0.29894 -0.00000 -0.95427
1.000703 0.560488 -0.151796 0.40069 0.89597 -0.19156
0.976762 0.434078 -0.444003 0.40109 0.71253 -0.57570
0.407048 0.419995 -0.679565 0.14776 0.61055 -0.77807
0.728445 0.382966 -0.619652 0.28156 0.59261 -0.75468
0.480826 0.322481 -0.729874 0.17936 0.47991 -0.85879
0.647734 0.296152 -0.702659 0.24940 0.45553 -0.85457
0.996786 -0.185594 -0.616047 0.43325 -0.32154 -0.84197
0.996786 0.185594 -0.616047 0.43325 0.32154 -0.84197
0.875532 -0.091056 -0.696023 0.36580 -0.15145 -0.91829
0.875532 0.091056 -0.696023 0.36580 0.15145 -0.91829
0.103418 0.681775 -0.381858 0.03477 0.91368 -0.40495
0.315748 0.694614 -0.308690 0.10675 0.93801 -0.32976
0.171648 0.638695 -0.460299 0.05841 0.86745 -0.49409
0.102568 0.720092 -0.279083 0.03417 0.95565 -0.29251
0.815901 0.640821 -0.084403 0.30222 0.94819 -0.09802
0.548959 0.686308 -0.214478 0.19077 0.95308 -0.23505
0.839680 0.605146 -0.225662 0.31608 0.90993 -0.26856
0.318985 0.516129 -0.606746 0.11319 0.72765 -0.67655
0.401752 0.650049 -0.389368 0.13883 0.89507 -0.42376
0.245615 0.582755 -0.537202 0.08487 0.80552 -0.58646
0.463585 0.509530 -0.583869 0.16666 0.73096 -0.66176
0.285894 0.647068 -0.426275 0.09748 0.88271 -0.45970
0.102335 0.759556 -0.063246 0.03407 0.99732 -0.06475
0.314937 0.726618 -0.194642 0.10594 0.97295 -0.20530
0.102574 0.746479 -0.170027 0.03390 0.98358 -0.17727
0.209189 0.725788 -0.238637 0.06956 0.96551 -0.25090
0.799953 0.479158 -0.494398 0.30757 0.73668 -0.60225
0.548936 0.645313 -0.339261 0.19248 0.90593 -0.37714
0.833761 0.549264 -0.368381 0.31833 0.83775 -0.44367
0.627015 0.497843 -0.547182 0.23142 0.73450 -0.63794
0.685472 0.631891 -0.288908 0.24763 0.91118 -0.32929
0.512658 0.587453 -0.466431 0.18206 0.83263 -0.52304
0.103418 0.681775 0.381858 0.03477 0.91368 0.40495
0.315748 0.694614 0.308690 0.10675 0.93801 0.32976
0.171648 0.638695 0.460299 0.05841 0.86745 0.49409
0.102568 0.720092 0.279083 0.03417 0.95565 0.29251
0.815901 0.640821 0.084403 0.30222 0.94819 0.09802
0.548959 0.686308 0.214478 0.19077 0.95308 0.23505
0.839680 0.605146 0.225662 0.31608 0.90993 0.26856
0.689246 0.681131 0.000000 0.24542 0.96942 -0.00000
0.318985 0.516129 0.606746 0.11319 0.72765 0.67655
0.401752 0.650049 0.389368 0.13883 0.89507 0.42376
0.245615 0.582755 0.537202 0.08487 0.80552 0.58646
0.463585 0.509530 0.583869 0.16666 0.73096 0.66176
0.285894 0.647068 0.426275 0.09748 0.88271 0.45970
0.102335 0.759556 0.063246 0.03407 0.99732 0.06475
0.314937 0.726618 0.194642 0.10594 0.97295 0.20530
0.102574 0.746479 0.170027 0.03390 0.98358 0.17727
0.208999 0.756164 0.000000 0.06911 0.99761 -0.00000
0.209189 0.725788 0.238637 0.06956 0.96551 0.25090
0.799953 0.479158 0.494398 0.30757 0.73668 0.60225
0.548936 0.645313 0.339261 0.19248 0.90593 0.37714
0.833761 0.549264 0.368381 0.31833 0.83775 0.44367
0.627015 0.497843 0.547182 0.23142 0.73450 0.63794
0.685472 0.631891 0.288908 0.24763 0.91118 0.32929
0.512658 0.587453 0.466431 0.18206 0.83263 0.52304
0.445214 0.720372 -0.134127 0.15091 0.97801 -0.14394
0.445214 0.720372 0.134127 0.15091 0.97801 0.14394
0.561856 0.706763 -0.073504 0.19465 0.97759 -0.08014
0.325393 0.743427 -0.067035 0.10850 0.99160 -0.07037
0.561856 0.706763 0.073504 0.19465 0.97759 0.08014
0.325393 0.743427 0.067035 0.10850 0.99160 0.07037
1.145200 -0.504810 0.000000 0.49381 -0.86957 0.00000
1.470703 -0.204845 0.000000 0.87431 -0.48537 -0.00000
1.183187 -0.458563 0.168530 0.52785 -0.81549 0.23737
1.183187 -0.458563 -0.168530 0.52785 -0.81549 -0.23737
1.145200 0.504810 0.000000 0.49381 0.86957 0.00000
1.470703 0.204845 0.000000 0.87431 0.48537 0.00000
1.183187 0.458563 0.168530 0.52785 0.81549 0.23737
1.183187 0.458563 -0.168530 0.52785 0.81549 -0.23737
1.113237 -0.298207 0.482509 0.49939 -0.53143 0.68424
1.465609 -0.122038 0.197461 0.88098 -0.28775 0.37559
1.172658 -0.385567 0.337987 0.53120 -0.69664 0.48220
1.192881 -0.107562 0.522117 0.57466 -0.20561 0.79214
1.356226 -0.308910 0.186360 0.70471 -0.64041 0.30539
1.113237 -0.298207 -0.482509 0.49939 -0.53143 -0.68424
1.465609 -0.122038 -0.197461 0.88098 -0.28775 -0.37559
1.172658 -0.385567 -0.337987 0.53120 -0.69664 -0.48220
1.192881 -0.107562 -0.522117 0.57466 -0.20561 -0.79214
1.356226 -0.308910 -0.186360 0.70471 -0.64041 -0.30539
1.113237 0.298207 0.482509 0.49939 0.53143 0.68424
1.465609 0.122038 0.197461 0.88098 0.28775 0.37559
1.172658 0.385567 0.337987 0.53120 0.69664 0.48220
1.192881 0.107562 0.522117 0.57466 0.20561 0.79214
1.356226 0.308910 0.186360 0.70471 0.64041 0.30539
1.370222 0.000000 0.378720 0.75383 0.00000 0.65707
1.113237 0.298207 -0.482509 0.49939 0.53143 -0.68424
1.465609 0.122038 -0.197461 0.88098 0.28775 -0.37559
1.172658 0.385567 -0.337987 0.53120 0.69664 -0.48220
1.192881 0.107562 -0.522117 0.57466 0.20561 -0.79214
1.356226 0.308910 -0.186360 0.70471 0.64041 -0.30539
1.370222 0.000000 -0.378720 0.75383 0.00000 -0.65707
-0.613495 -0.080804 0.781110 -0.24008 -0.12468 0.96271
-0.826425 -0.258266 0.661035 -0.33512 -0.41678 0.84498
-0.552296 -0.205954 0.766346 -0.21133 -0.31510 0.92523
-1.000703 -0.560488 0.151796 -0.40069 -0.89597 0.19156
-0.976762 -0.434078 0.444003 -0.40109 -0.71253 0.57570
-0.407048 -0.419995 0.679565 -0.14776 -0.61055 0.77807
-0.728445 -0.382966 0.619652 -0.28156 -0.59261 0.75468
-0.480826 -0.322481 0.729874 -0.17936 -0.47991 0.85879
-0.647734 -0.296152 0.702659 -0.24940 -0.45553 0.85457
-0.613495 -0.080804 -0.781110 -0.24008 -0.12468 -0.96271
-0.826425 -0.258266 -0.661035 -0.33512 -0.41678 -0.84498
-0.552296 -0.205954 -0.766346 -0.21133 -0.31510 -0.92523
-1.000703 -0.560488 -0.151796 -0.40069 -0.89597 -0.19156
-0.976762 -0.434078 -0.444003 -0.40109 -0.71253 -0.57570
-0.407048 -0.419995 -0.679565 -0.14776 -0.61055 -0.77807
-0.728445 -0.382966 -0.619652 -0.28156 -0.59261 -0.75468
-0.480826 -0.322481 -0.729874 -0.17936 -0.47991 -0.85879
-0.647734 -0.296152 -0.702659 -0.24940 -0.45553 -0.85457
-0.103418 -0.681775 -0.381858 -0.03477 -0.91368 -0.40495
-0.315748 -0.694614 -0.308690 -0.10675 -0.93801 -0.32976
-0.171648 -0.638695 -0.460299 -0.05841 -0.86745 -0.49409
-0.102568 -0.720092 -0.279083 -0.03417 -0.95565 -0.29251
-0.815901 -0.640821 -0.084403 -0.30222 -0.94819 -0.09802
-0.548959 -0.686308 -0.214478 -0.19077 -0.95308 -0.23505
-0.839680 -0.605146 -0.225662 -0.31608 -0.90993 -0.26856
-0.318985 -0.516129 -0.606746 -0.11319 -0.72765 -0.67655
-0.401752 -0.650049 -0.389368 -0.13883 -0.89507 -0.42376
-0.245615 -0.582755 -0.537202 -0.08487 -0.80552 -0.58646
-0.463585 -0.509530 -0.583869 -0.16666 -0.73096 -0.66176
-0.285894 -0.647068 -0.426275 -0.09748 -0.88271 -0.45970
-0.102335 -0.759556 -0.063246 -0.03407 -0.99732 -0.06475
-0.314937 -0.726618 -0.194642 -0.10594 -0.97295 -0.20530
-0.102574 -0.746479 -0.170027 -0.03390 -0.98358 -0.17727
-0.209189 -0.725788 -0.238637 -0.06956 -0.96551 -0.25090
-0.799953 -0.479158 -0.494398 -0.30757 -0.73668 -0.60225
-0.548936 -0.645313 -0.339261 -0.19248 -0.90593 -0.37714
-0.833761 -0.549264 -0.368381 -0.31833 -0.83775 -0.44367
-0.627015 -0.497843 -0.547182 -0.23142 -0.73450 -0.63794
-0.685472 -0.631891 -0.288908 -0.24763 -0.91118 -0.32929
-0.512658 -0.587453 -0.466431 -0.18206 -0.83263 -0.52304
-0.103418 -0.681775 0.381858 -0.03477 -0.91368 0.40495
-0.315748 -0.694614 0.308690 -0.10675 -0.93801 0.32976
-0.171648 -0.638695 0.460299 -0.05841 -0.86745 0.49409
-0.102568 -0.720092 0.279083 -0.03417 -0.95565 0.29251
-0.815901 -0.640821 0.084403 -0.30222 -0.94819 0.09802
-0.548959 -0.686308 0.214478 -0.19077 -0.95308 0.23505
-0.839680 -0.605146 0.225662 -0.31608 -0.90993 0.26856
-0.689246 -0.681131 0.000000 -0.24542 -0.96942 0.00000
-0.318985 -0.516129 0.606746 -0.11319 -0.72765 0.67655
-0.401752 -0.650049 0.389368 -0.13883 -0.89507 0.42376
-0.245615 -0.582755 0.537202 -0.08487 -0.80552 0.58646
-0.463585 -0.509530 0.583869 -0.16666 -0.73096 0.66176
-0.285894 -0.647068 0.426275 -0.09748 -0.88271 0.45970
-0.102335 -0.759556 0.063246 -0.03407 -0.99732 0.06475
-0.314937 -0.726618 0.194642 -0.10594 -0.97295 0.20530
-0.102574 -0.746479 0.170027 -0.03390 -0.98358 0.17727
-0.208999 -0.756164 0.000000 -0.06911 -0.99761 0.00000
-0.209189 -0.725788 0.238637 -0.06956 -0.96551 0.25090
-0.799953 -0.479158 0.494398 -0.30757 -0.73668 0.60225
-0.548936 -0.645313 0.339261 -0.19248 -0.90593 0.37714
-0.833761 -0.549264 0.368381 -0.31833 -0.83775 0.44367
-0.627015 -0.497843 0.547182 -0.23142 -0.73450 0.63794
-0.685472 -0.631891 0.288908 -0.24763 -0.91118 0.32929
-0.512658 -0.587453 0.466431 -0.18206 -0.83263 0.52304
-0.445214 -0.720372 -0.134127 -0.15091 -0.97801 -0.14394
-0.445214 -0.720372 0.134127 -0.15091 -0.97801 0.14394
-0.561856 -0.706763 -0.073504 -0.19465 -0.97759 -0.08014
-0.325393 -0.743427 -0.067035 -0.10850 -0.99160 -0.07037
-0.561856 -0.706763 0.073504 -0.19465 -0.97759 0.08014
-0.325393 -0.743427 0.067035 -0.10850 -0.99160 0.07037
-0.613495 0.080804 0.781110 -0.24008 0.12468 0.96271
-0.826425 0.258266 0.661035 -0.33512 0.41678 0.84498
-0.552296 0.205954 0.766346 -0.21133 0.31510 0.92523
-0.741759 0.000000 0.750597 -0.29894 -0.00000 0.95427
-1.000703 0.560488 0.151796 -0.40069 0.89597 0.19156
-0.976762 0.434078 0.444003 -0.40109 0.71253 0.57570
-0.407048 0.419995 0.679565 -0.14776 0.61055 0.77807
-0.728445 0.382966 0.619652 -0.28156 0.59261 0.75468
-0.480826 0.322481 0.729874 -0.17936 0.47991 0.85879
-0.647734 0.296152 0.702659 -0.24940 0.45553 0.85457
-0.996786 -0.185594 0.616047 -0.43325 -0.32154 0.84197
-0.996786 0.185594 0.616047 -0.43325 0.32154 0.84197
-0.875532 -0.091056 0.696023 -0.36580 -0.15145 0.91829
-0.875532 0.091056 0.696023 -0.36580 0.15145 0.91829
-0.613495 0.080804 -0.781110 -0.24008 0.12468 -0.96271
-0.826425 0.258266 -0.661035 -0.33512 0.41678 -0.84498
-0.552296 0.205954 -0.766346 -0.21133 0.31510 -0.92523
-0.741759 0.000000 -0.750597 -0.29894 0.00000 -0.95427
-1.000703 0.560488 -0.151796 -0.40069 0.89597 -0.19156
-0.976762 0.434078 -0.444003 -0.40109 0.71253 -0.57570
-0.407048 0.419995 -0.679565 -0.14776 0.61055 -0.77807
-0.728445 0.382966 -0.619652 -0.28156 0.59261 -0.75468
-0.480826 0.322481 -0.729874 -0.17936 0.47991 -0.85879
-0.647734 0.296152 -0.702659 -0.24940 0.45553 -0.85457
-0.996786 -0.185594 -0.616047 -0.43325 -0.32154 -0.84197
-0.996786 0.185594 -0.616047 -0.43325 0.32154 -0.84197
-0.875532 -0.091056 -0.696023 -0.36580 -0.15145 -0.91829
-0.875532 0.091056 -0.696023 -0.36580 0.15145 -0.91829
-0.103418 0.681775 -0.381858 -0.03477 0.91368 -0.40495
-0.315748 0.694614 -0.308690 -0.10675 0.93801 -0.32976
-0.171648 0.638695 -0.460299 -0.05841 0.86745 -0.49409
-0.102568 0.720092 -0.279083 -0.03417 0.95565 -0.29251
-0.815901 0.640821 -0.084403 -0.30222 0.94819 -0.09802
-0.548959 0.686308 -0.214478 -0.19077 0.95308 -0.23505
-0.839680 0.605146 -0.225662 -0.31608 0.90993 -0.26856
-0.318985 0.516129 -0.606746 -0.11319 0.72765 -0.67655
-0.401752 0.650049 -0.389368 -0.13883 0.89507 -0.42376
-0.245615 0.582755 -0.537202 -0.08487 0.80552 -0.58646
-0.463585 0.509530 -0.583869 -0.16666 0.73096 -0.66176
-0.285894 0.647068 -0.426275 -0.09748 0.88271 -0.45970
-0.102335 0.759556 -0.063246 -0.03407 0.99732 -0.06475
-0.314937 0.726618 -0.194642 -0.10594 0.97295 -0.20530
-0.102574 0.746479 -0.170027 -0.03390 0.98358 -0.17727
-0.209189 0.725788 -0.238637 -0.06956 0.96551 -0.25090
-0.799953 0.479158 -0.494398 -0.30757 0.73668 -0.60225
-0.548936 0.645313 -0.339261 -0.19248 0.90593 -0.37714
-0.833761 0.549264 -0.368381 -0.31833 0.83775 -0.44367
-0.627015 0.497843 -0.547182 -0.23142 0.73450 -0.63794
-0.685472 0.631891 -0.288908 -0.24763 0.91118 -0.32929
-0.512658 0.587453 -0.466431 -0.18206 0.83263 -0.52304
-0.103418 0.681775 0.381858 -0.03477 0.91368 0.40495
-0.315748 0.694614 0.308690 -0.10675 0.93801 0.32976
-0.171648 0.638695 0.460299 -0.05841 0.86745 0.49409
-0.102568 0.720092 0.279083 -0.03417 0.95565 0.29251
-0.815901 0.640821 0.084403 -0.30222 0.94819 0.09802
-0.548959 0.686308 0.214478 -0.19077 0.95308 0.23505
-0.839680 0.605146 0.225662 -0.31608 0.90993 0.26856
-0.689246 0.681131 0.000000 -0.24542 0.96942 0.00000
-0.318985 0.516129 0.606746 -0.11319 0.72765 0.67655
-0.401752 0.650049 0.389368 -0.13883 0.89507 0.42376
-0.245615 0.582755 0.537202 -0.08487 0.80552 0.58646
-0.463585 0.509530 0.583869 -0.16666 0.73096 0.66176
-0.285894 0.647068 0.426275 -0.09748 0.88271 0.45970
-0.102335 0.759556 0.063246 -0.03407 0.99732 0.06475
-0.314937 0.726618 0.194642 -0.10594 0.97295 0.20530
-0.102574 0.746479 0.170027 -0.03390 0.98358 0.17727
-0.208999 0.756164 0.000000 -0.06911 0.99761 0.00000
-0.209189 0.725788 0.238637 -0.06956 0.96551 0.25090
-0.799953 0.479158 0.494398 -0.30757 0.73668 0.60225
-0.548936 0.645313 0.339261 -0.19248 0.90593 0.37714
-0.833761 0.549264 0.368381 -0.31833 0.83775 0.44367
-0.627015 0.497843 0.547182 -0.23142 0.73450 0.63794
-0.685472 0.631891 0.288908 -0.24763 0.91118 0.32929
-0.512658 0.587453 0.466431 -0.18206 0.83263 0.52304
-0.445214 0.720372 -0.134127 -0.15091 0.97801 -0.14394
-0.445214 0.720372 0.134127 -0.15091 0.97801 0.14394
-0.561856 0.706763 -0.073504 -0.19465 0.97759 -0.08014
-0.325393 0.743427 -0.067035 -0.10850 0.99160 -0.07037
-0.561856 0.706763 0.073504 -0.19465 0.97759 0.08014
-0.325393 0.743427 0.067035 -0.10850 0.99160 0.07037
-1.145200 -0.504810 0.000000 -0.49381 -0.86957 -0.00000
-1.470703 -0.204845 0.000000 -0.87431 -0.48537 0.00000
-1.183187 -0.458563 0.168530 -0.52785 -0.81549 0.23737
-1.183187 -0.458563 -0.168530 -0.52785 -0.81549 -0.23737
-1.145200 0.504810 0.000000 -0.49381 0.86957 -0.00000
-1.470703 0.204845 0.000000 -0.87431 0.48537 -0.00000
-1.183187 0.458563 0.168530 -0.52785 0.81549 0.23737
-1.183187 0.458563 -0.168530 -0.52785 0.81549 -0.23737
-1.113237 -0.298207 0.482509 -0.49939 -0.53143 0.68424
-1.465609 -0.122038 0.197461 -0.88098 -0.28775 0.37559
-1.172658 -0.385567 0.337987 -0.53120 -0.69664 0.48220
-1.192881 -0.107562 0.522117 -0.57466 -0.20561 0.79214
-1.356226 -0.308910 0.186360 -0.70471 -0.64041 0.30539
-1.113237 -0.298207 -0.482509 -0.49939 -0.53143 -0.68424
-1.465609 -0.122038 -0.197461 -0.88098 -0.28775 -0.37559
-1.172658 -0.385567 -0.337987 -0.53120 -0.69664 -0.48220
-1.192881 -0.107562 -0.522117 -0.57466 -0.20561 -0.79214
-1.356226 -0.308910 -0.186360 -0.70471 -0.64041 -0.30539
-1.113237 0.298207 0.482509 -0.49939 0.53143 0.68424
-1.465609 0.122038 0.197461 -0.88098 0.28775 0.37559
-1.172658 0.385567 0.337987 -0.53120 0.69664 0.48220
-1.192881 0.107562 0.522117 -0.57466 0.20561 0.79214
-1.356226 0.308910 0.186360 -0.70471 0.64041 0.30539
-1.370222 0.000000 0.378720 -0.75383 0.00000 0.65707
-1.113237 0.298207 -0.482509 -0.49939 0.53143 -0.68424
-1.465609 0.122038 -0.197461 -0.88098 0.28775 -0.37559
-1.172658 0.385567 -0.337987 -0.53120 0.69664 -0.48220
-1.192881 0.107562 -0.522117 -0.57466 0.20561 -0.79214
-1.356226 0.308910 -0.186360 -0.70471 0.64041 -0.30539
-1.370222 0.000000 -0.378720 -0.75383 0.00000 -0.65707
-0.433293 0.000000 0.823457 -0.16451 0.00000 0.98637
-0.303398 0.000000 0.841641 -0.11353 -0.00000 0.99354
-0.059474 0.000000 0.858117 -0.02199 -0.00000 0.99976
-0.179622 0.000000 0.852805 -0.06662 -0.00000 0.99778
0.433293 0.000000 0.823457 0.16451 -0.00000 0.98637
0.303398 0.000000 0.841641 0.11353 -0.00000 0.99354
0.059474 0.000000 0.858117 0.02199 -0.00000 0.99976
0.179622 0.000000 0.852805 0.06662 -0.00000 0.99778
-0.433293 0.000000 -0.823457 -0.16451 -0.00000 -0.98637
-0.303398 0.000000 -0.841641 -0.11353 -0.00000 -0.99354
-0.059474 0.000000 -0.858117 -0.02199 -0.00000 -0.99976
-0.179622 0.000000 -0.852805 -0.06662 -0.00000 -0.99778
0.433293 0.000000 -0.823457 0.16451 0.00000 -0.98637
0.303398 0.000000 -0.841641 0.11353 -0.00000 -0.99354
0.059474 0.000000 -0.858117 0.02199 -0.00000 -0.99976
0.179622 0.000000 -0.852805 0.06662 -0.00000 -0.99778
-0.478425 0.062137 -0.812512 -0.18179 0.09404 -0.97883
-0.424893 0.180951 -0.799326 -0.15909 0.27118 -0.94929
-0.411097 0.060753 -0.824221 -0.15536 0.09179 -0.98358
-0.298677 0.385810 -0.721714 -0.10756 0.55667 -0.82374
-0.363934 0.289512 -0.767786 -0.13381 0.42628 -0.89464
-0.281703 0.058730 -0.841433 -0.10493 0.08758 -0.99062
-0.359229 0.177568 -0.810400 -0.13393 0.26491 -0.95493
-0.345246 0.059683 -0.833824 -0.12955 0.08947 -0.98753
-0.386069 0.120427 -0.819737 -0.14512 0.18073 -0.97277
-0.032168 0.648422 -0.452795 -0.01146 0.87579 -0.48256
-0.097554 0.599706 -0.528484 -0.03394 0.82049 -0.57065
-0.231543 0.469284 -0.664677 -0.08235 0.66429 -0.74293
-0.164175 0.540306 -0.599568 -0.05748 0.75091 -0.65790
-0.035422 0.057315 -0.856113 -0.01268 0.08460 -0.99633
-0.105387 0.170520 -0.834967 -0.03824 0.25027 -0.96742
-0.095136 0.057494 -0.854656 -0.03514 0.08478 -0.99578
-0.235793 0.381522 -0.731895 -0.08422 0.54907 -0.83153
-0.172733 0.279488 -0.793209 -0.06226 0.40686 -0.91137
-0.267594 0.335652 -0.756465 -0.09724 0.48716 -0.86788
-0.216848 0.058364 -0.847523 -0.08057 0.08656 -0.99298
-0.165918 0.171591 -0.831571 -0.06121 0.25224 -0.96573
-0.155867 0.057804 -0.851803 -0.05761 0.08544 -0.99468
-0.255827 0.116977 -0.836336 -0.09497 0.17360 -0.98023
-0.130866 0.115070 -0.845758 -0.04824 0.16936 -0.98437
-0.328965 0.234469 -0.796031 -0.12178 0.34623 -0.93021
-0.201488 0.228962 -0.811351 -0.07390 0.33500 -0.93932
-0.298968 0.286324 -0.778104 -0.10963 0.41958 -0.90107
-0.293502 0.176121 -0.819128 -0.10882 0.26094 -0.95920
-0.234987 0.283006 -0.786540 -0.08583 0.41285 -0.90675
-0.228795 0.174160 -0.826155 -0.08448 0.25678 -0.96277
0.478425 0.062137 -0.812512 0.18179 0.09404 -0.97883
0.424893 0.180951 -0.799326 0.15909 0.27118 -0.94929
0.411097 0.060753 -0.824221 0.15536 0.09179 -0.98358
0.298677 0.385810 -0.721714 0.10756 0.55667 -0.82374
0.363934 0.289512 -0.767786 0.13381 0.42628 -0.89464
0.281703 0.058730 -0.841433 0.10493 0.08758 -0.99062
0.359229 0.177568 -0.810400 0.13393 0.26491 -0.95493
0.345246 0.059683 -0.833824 0.12955 0.08947 -0.98753
0.386069 0.120427 -0.819737 0.14512 0.18073 -0.97277
0.032168 0.648422 -0.452795 0.01146 0.87579 -0.48256
0.097554 0.599706 -0.528484 0.03394 0.82049 -0.57065
0.000000 0.625905 -0.491595 -0.00000 0.84960 -0.52742
0.231543 0.469284 -0.664677 0.08235 0.66429 -0.74293
0.164175 0.540306 -0.599568 0.05748 0.75091 -0.65790
-0.065119 0.572984 -0.566237 -0.02242 0.78773 -0.61562
0.065119 0.572984 -0.566237 0.02242 0.78773 -0.61562
-0.032574 0.600626 -0.529691 -0.01111 0.82038 -0.57171
0.032574 0.600626 -0.529691 0.01111 0.82038 -0.57171
0.035422 0.057315 -0.856113 0.01268 0.08460 -0.99633
0.105387 0.170520 -0.834967 0.03824 0.25027 -0.96742
0.095136 0.057494 -0.854656 0.03514 0.08478 -0.99578
0.000000 0.114395 -0.849071 0.00000 0.16818 -0.98576
0.235793 0.381522 -0.731895 0.08422 0.54907 -0.83153
0.172733 0.279488 -0.793209 0.06226 0.40686 -0.91137
0.267594 0.335652 -0.756465 0.09724 0.48716 -0.86788
0.216848 0.058364 -0.847523 0.08057 0.08656 -0.99298
0.165918 0.171591 -0.831571 0.06121 0.25224 -0.96573
0.155867 0.057804 -0.851803 0.05761 0.08544 -0.99468
0.255827 0.116977 -0.836336 0.09497 0.17360 -0.98023
0.130866 0.115070 -0.845758 0.04824 0.16936 -0.98437
-0.069499 0.226419 -0.819191 -0.02537 0.33050 -0.94346
0.069499 0.226419 -0.819191 0.02537 0.33050 -0.94346
-0.035258 0.171258 -0.836643 -0.01288 0.25067 -0.96799
0.035258 0.171258 -0.836643 0.01288 0.25067 -0.96799
0.328965 0.234469 -0.796031 0.12178 0.34623 -0.93021
0.201488 0.228962 -0.811351 0.07390 0.33500 -0.93932
0.298968 0.286324 -0.778104 0.10963 0.41958 -0.90107
0.293502 0.176121 -0.819128 0.10882 0.26094 -0.95920
0.234987 0.283006 -0.786540 0.08583 0.41285 -0.90675
0.228795 0.174160 -0.826155 0.08448 0.25678 -0.96277
-0.197328 0.432113 -0.699174 -0.07029 0.61328 -0.78674
-0.065175 0.435371 -0.704446 -0.02310 0.61466 -0.78845
-0.164701 0.471301 -0.669160 -0.05806 0.66424 -0.74526
-0.167901 0.384766 -0.735660 -0.06014 0.55084 -0.83244
0.197328 0.432113 -0.699174 0.07029 0.61328 -0.78674
0.065175 0.435371 -0.704446 0.02310 0.61466 -0.78845
0.164701 0.471301 -0.669160 0.05806 0.66424 -0.74526
0.167901 0.384766 -0.735660 0.06014 0.55084 -0.83244
-0.098934 0.541101 -0.603179 -0.03418 0.75002 -0.66053
-0.033511 0.473276 -0.673529 -0.01169 0.66448 -0.74722
-0.131701 0.507831 -0.636869 -0.04605 0.70945 -0.70325
-0.033049 0.542325 -0.604067 -0.01142 0.75056 -0.66071
-0.098539 0.472629 -0.672085 -0.03469 0.66438 -0.74658
-0.104468 0.282727 -0.795527 -0.03771 0.40967 -0.91145
-0.034512 0.387924 -0.739358 -0.01220 0.55298 -0.83310
-0.136668 0.334557 -0.768059 -0.04931 0.48220 -0.87467
-0.034974 0.282947 -0.797354 -0.01263 0.40959 -0.91218
-0.100526 0.386876 -0.738144 -0.03597 0.55229 -0.83287
0.098934 0.541101 -0.603179 0.03418 0.75002 -0.66053
0.033511 0.473276 -0.673529 0.01169 0.66448 -0.74722
0.131701 0.507831 -0.636869 0.04605 0.70945 -0.70325
0.033049 0.542325 -0.604067 0.01142 0.75056 -0.66071
0.098539 0.472629 -0.672085 0.03469 0.66438 -0.74658
0.000000 0.508873 -0.640116 -0.00000 0.70927 -0.70494
0.104468 0.282727 -0.795527 0.03771 0.40967 -0.91145
0.034512 0.387924 -0.739358 0.01220 0.55298 -0.83310
0.136668 0.334557 -0.768059 0.04931 0.48220 -0.87467
0.034974 0.282947 -0.797354 0.01263 0.40959 -0.91218
0.100526 0.386876 -0.738144 0.03597 0.55229 -0.83287
0.000000 0.337214 -0.770432 0.00000 0.48435 -0.87487
-0.478425 0.062137 0.812512 -0.18179 0.09404 0.97883
-0.424893 0.180951 0.799326 -0.15909 0.27118 0.94929
-0.411097 0.060753 0.824221 -0.15536 0.09179 0.98358
-0.298677 0.385810 0.721714 -0.10756 0.55667 0.82374
-0.363934 0.289512 0.767786 -0.13381 0.42628 0.89464
-0.281703 0.058730 0.841433 -0.10493 0.08758 0.99062
-0.359229 0.177568 0.810400 -0.13393 0.26491 0.95493
-0.345246 0.059683 0.833824 -0.12955 0.08947 0.98753
-0.386069 0.120427 0.819737 -0.14512 0.18073 0.97277
-0.032168 0.648422 0.452795 -0.01146 0.87579 0.48256
-0.097554 0.599706 0.528484 -0.03394 0.82049 0.57065
-0.231543 0.469284 0.664677 -0.08235 0.66429 0.74293
-0.164175 0.540306 0.599568 -0.05748 0.75091 0.65790
-0.035422 0.057315 0.856113 -0.01268 0.08460 0.99633
-0.105387 0.170520 0.834967 -0.03824 0.25027 0.96742
-0.095136 0.057494 0.854656 -0.03514 0.08478 0.99578
-0.235793 0.381522 0.731895 -0.08422 0.54907 0.83153
-0.172733 0.279488 0.793209 -0.06226 0.40686 0.91137
-0.267594 0.335652 0.756465 -0.09724 0.48716 0.86788
-0.216848 0.058364 0.847523 -0.08057 0.08656 0.99298
-0.165918 0.171591 0.831571 -0.06121 0.25224 0.96573
-0.155867 0.057804 0.851803 -0.05761 0.08544 0.99468
-0.255827 0.116977 0.836336 -0.09497 0.17360 0.98023
-0.130866 0.115070 0.845758 -0.04824 0.16936 0.98437
-0.328965 0.234469 0.796031 -0.12178 0.34623 0.93021
-0.201488 0.228962 0.811351 -0.07390 0.33500 0.93932
-0.298968 0.286324 0.778104 -0.10963 0.41958 0.90107
-0.293502 0.176121 0.819128 -0.10882 0.26094 0.95920
-0.234987 0.283006 0.786540 -0.08583 0.41285 0.90675
-0.228795 0.174160 0.826155 -0.08448 0.25678 0.96277
0.478425 0.062137 0.812512 0.18179 0.09404 0.97883
0.424893 0.180951 0.799326 0.15909 0.27118 0.94929
0.411097 0.060753 0.824221 0.15536 0.09179 0.98358
0.298677 0.385810 0.721714 0.10756 0.55667 0.82374
0.363934 0.289512 0.767786 0.13381 0.42628 0.89464
0.281703 0.058730 0.841433 0.10493 0.08758 0.99062
0.359229 0.177568 0.810400 0.13393 0.26491 0.95493
0.345246 0.059683 0.833824 0.12955 0.08947 0.98753
0.386069 0.120427 0.819737 0.14512 0.18073 0.97277
0.032168 0.648422 0.452795 0.01146 0.87579 0.48256
0.097554 0.599706 0.528484 0.03394 0.82049 0.57065
0.000000 0.625905 0.491595 0.00000 0.84960 0.52742
0.231543 0.469284 0.664677 0.08235 0.66429 0.74293
0.164175 0.540306 0.599568 0.05748 0.75091 0.65790
-0.065119 0.572984 0.566237 -0.02242 0.78773 0.61562
0.065119 0.572984 0.566237 0.02242 0.78773 0.61562
-0.032574 0.600626 0.529691 -0.01111 0.82038 0.57171
0.032574 0.600626 0.529691 0.01111 0.82038 0.57171
0.035422 0.057315 0.856113 0.01268 0.08460 0.99633
0.105387 0.170520 0.834967 0.03824 0.25027 0.96742
0.095136 0.057494 0.854656 0.03514 0.08478 0.99578
0.000000 0.114395 0.849071 -0.00000 0.16818 0.98576
0.235793 0.381522 0.731895 0.08422 0.54907 0.83153
0.172733 0.279488 0.793209 0.06226 0.40686 0.91137
0.267594 0.335652 0.756465 0.09724 0.48716 0.86788
0.216848 0.058364 0.847523 0.08057 0.08656 0.99298
0.165918 0.171591 0.831571 0.06121 0.25224 0.96573
0.155867 0.057804 0.851803 0.05761 0.08544 0.99468
0.255827 0.116977 0.836336 0.09497 0.17360 0.98023
0.130866 0.115070 0.845758 0.04824 0.16936 0.98437
-0.069499 0.226419 0.819191 -0.02537 0.33050 0.94346
0.069499 0.226419 0.819191 0.02537 0.33050 0.94346
-0.035258 0.171258 0.836643 -0.01288 0.25067 0.96799
0.035258 0.171258 0.836643 0.01288 0.25067 0.96799
0.328965 0.234469 0.796031 0.12178 0.34623 0.93021
0.201488 0.228962 0.811351 0.07390 0.33500 0.93932
0.298968 0.286324 0.778104 0.10963 0.41958 0.90107
0.293502 0.176121 0.819128 0.10882 0.26094 0.95920
0.234987 0.283006 0.786540 0.08583 0.41285 0.90675
0.228795 0.174160 0.826155 0.08448 0.25678 0.96277
-0.197328 0.432113 0.699174 -0.07029 0.61328 0.78674
-0.065175 0.435371 0.704446 -0.02310 0.61466 0.78845
-0.164701 0.471301 0.669160 -0.05806 0.66424 0.74526
-0.167901 0.384766 0.735660 -0.06014 0.55084 0.83244
0.197328 0.432113 0.699174 0.07029 0.61328 0.78674
0.065175 0.435371 0.704446 0.02310 0.61466 0.78845
0.164701 0.471301 0.669160 0.05806 0.66424 0.74526
0.167901 0.384766 0.735660 0.06014 0.55084 0.83244
-0.098934 0.541101 0.603179 -0.03418 0.75002 0.66053
-0.033511 0.473276 0.673529 -0.01169 0.66448 0.74722
-0.131701 0.507831 0.636869 -0.04605 0.70945 0.70325
-0.033049 0.542325 0.604067 -0.01142 0.75056 0.66071
-0.098539 0.472629 0.672085 -0.03469 0.66438 0.74658
-0.104468 0.282727 0.795527 -0.03771 0.40967 0.91145
-0.034512 0.387924 0.739358 -0.01220 0.55298 0.83310
-0.136668 0.334557 0.768059 -0.04931 0.48220 0.87467
-0.034974 0.282947 0.797354 -0.01263 0.40959 0.91218
-0.100526 0.386876 0.738144 -0.03597 0.55229 0.83287
0.098934 0.541101 0.603179 0.03418 0.75002 0.66053
0.033511 0.473276 0.673529 0.01169 0.66448 0.74722
0.131701 0.507831 0.636869 0.04605 0.70945 0.70325
0.033049 0.542325 0.604067 0.01142 0.75056 0.66071
0.098539 0.472629 0.672085 0.03469 0.66438 0.74658
0.000000 0.508873 0.640116 0.00000 0.70927 0.70494
0.104468 0.282727 0.795527 0.03771 0.40967 0.91145
0.034512 0.387924 0.739358 0.01220 0.55298 0.83310
0.136668 0.334557 0.768059 0.04931 0.48220 0.87467
0.034974 0.282947 0.797354 0.01263 0.40959 0.91218
0.100526 0.386876 0.738144 0.03597 0.55229 0.83287
0.000000 0.337214 0.770432 -0.00000 0.48435 0.87487
0.000000 0.691455 -0.363835 0.00000 0.92327 -0.38416
0.000000 0.726942 -0.262051 0.00000 0.96168 -0.27416
0.000000 0.761906 -0.052806 0.00000 0.99850 -0.05481
0.000000 0.750314 -0.158035 0.00000 0.98641 -0.16432
0.000000 0.691455 0.363835 0.00000 0.92327 0.38416
0.000000 0.726942 0.262051 -0.00000 0.96168 0.27416
0.000000 0.761906 0.052806 -0.00000 0.99850 0.05481
0.000000 0.750314 0.158035 0.00000 0.98641 0.16432
-0.478425 -0.062137 -0.812512 -0.18179 -0.09404 -0.97883
-0.424893 -0.180951 -0.799326 -0.15909 -0.27118 -0.94929
-0.411097 -0.060753 -0.824221 -0.15536 -0.09179 -0.98358
-0.298677 -0.385810 -0.721714 -0.10756 -0.55667 -0.82374
-0.363934 -0.289512 -0.767786 -0.13381 -0.42628 -0.89464
-0.281703 -0.058730 -0.841433 -0.10493 -0.08758 -0.99062
-0.359229 -0.177568 -0.810400 -0.13393 -0.26491 -0.95493
-0.345246 -0.059683 -0.833824 -0.12955 -0.08947 -0.98753
-0.386069 -0.120427 -0.819737 -0.14512 -0.18073 -0.97277
-0.032168 -0.648422 -0.452795 -0.01146 -0.87579 -0.48256
-0.097554 -0.599706 -0.528484 -0.03394 -0.82049 -0.57065
-0.231543 -0.469284 -0.664677 -0.08235 -0.66429 -0.74293
-0.164175 -0.540306 -0.599568 -0.05748 -0.75091 -0.65790
-0.035422 -0.057315 -0.856113 -0.01268 -0.08460 -0.99633
-0.105387 -0.170520 -0.834967 -0.03824 -0.25027 -0.96742
-0.095136 -0.057494 -0.854656 -0.03514 -0.08478 -0.99578
-0.235793 -0.381522 -0.731895 -0.08422 -0.54907 -0.83153
-0.172733 -0.279488 -0.793209 -0.06226 -0.40686 -0.91137
-0.267594 -0.335652 -0.756465 -0.09724 -0.48716 -0.86788
-0.216848 -0.058364 -0.847523 -0.08057 -0.08656 -0.99298
-0.165918 -0.171591 -0.831571 -0.06121 -0.25224 -0.96573
-0.155867 -0.057804 -0.851803 -0.05761 -0.08544 -0.99468
-0.255827 -0.116977 -0.836336 -0.09497 -0.17360 -0.98023
-0.130866 -0.115070 -0.845758 -0.04824 -0.16936 -0.98437
-0.328965 -0.234469 -0.796031 -0.12178 -0.34623 -0.93021
-0.201488 -0.228962 -0.811351 -0.07390 -0.33500 -0.93932
-0.298968 -0.286324 -0.778104 -0.10963 -0.41958 -0.90107
-0.293502 -0.176121 -0.819128 -0.10882 -0.26094 -0.95920
-0.234987 -0.283006 -0.786540 -0.08583 -0.41285 -0.90675
-0.228795 -0.174160 -0.826155 -0.08448 -0.25678 -0.96277
0.478425 -0.062137 -0.812512 0.18179 -0.09404 -0.97883
0.424893 -0.180951 -0.799326 0.15909 -0.27118 -0.94929
0.411097 -0.060753 -0.824221 0.15536 -0.09179 -0.98358
0.298677 -0.385810 -0.721714 0.10756 -0.55667 -0.82374
0.363934 -0.289512 -0.767786 0.13381 -0.42628 -0.89464
0.281703 -0.058730 -0.841433 0.10493 -0.08758 -0.99062
0.359229 -0.177568 -0.810400 0.13393 -0.26491 -0.95493
0.345246 -0.059683 -0.833824 0.12955 -0.08947 -0.98753
0.386069 -0.120427 -0.819737 0.14512 -0.18073 -0.97277
0.032168 -0.648422 -0.452795 0.01146 -0.87579 -0.48256
0.097554 -0.599706 -0.528484 0.03394 -0.82049 -0.57065
0.000000 -0.625905 -0.491595 0.00000 -0.84960 -0.52742
0.231543 -0.469284 -0.664677 0.08235 -0.66429 -0.74293
0.164175 -0.540306 -0.599568 0.05748 -0.75091 -0.65790
-0.065119 -0.572984 -0.566237 -0.02242 -0.78773 -0.61562
0.065119 -0.572984 -0.566237 0.02242 -0.78773 -0.61562
-0.032574 -0.600626 -0.529691 -0.01111 -0.82038 -0.57171
0.032574 -0.600626 -0.529691 0.01111 -0.82038 -0.57171
0.035422 -0.057315 -0.856113 0.01268 -0.08460 -0.99633
0.105387 -0.170520 -0.834967 0.03824 -0.25027 -0.96742
0.095136 -0.057494 -0.854656 0.03514 -0.08478 -0.99578
0.000000 -0.114395 -0.849071 0.00000 -0.16818 -0.98576
0.235793 -0.381522 -0.731895 0.08422 -0.54907 -0.83153
0.172733 -0.279488 -0.793209 0.06226 -0.40686 -0.91137
0.267594 -0.335652 -0.756465 0.09724 -0.48716 -0.86788
0.216848 -0.058364 -0.847523 0.08057 -0.08656 -0.99298
0.165918 -0.171591 -0.831571 0.06121 -0.25224 -0.96573
0.155867 -0.057804 -0.851803 0.05761 -0.08544 -0.99468
0.255827 -0.116977 -0.836336 0.09497 -0.17360 -0.98023
0.130866 -0.115070 -0.845758 0.04824 -0.16936 -0.98437
-0.069499 -0.226419 -0.819191 -0.02537 -0.33050 -0.94346
0.069499 -0.226419 -0.819191 0.02537 -0.33050 -0.94346
-0.035258 -0.171258 -0.836643 -0.01288 -0.25067 -0.96799
0.035258 -0.171258 -0.836643 0.01288 -0.25067 -0.96799
0.328965 -0.234469 -0.796031 0.12178 -0.34623 -0.93021
0.201488 -0.228962 -0.811351 0.07390 -0.33500 -0.93932
0.298968 -0.286324 -0.778104 0.10963 -0.41958 -0.90107
0.293502 -0.176121 -0.819128 0.10882 -0.26094 -0.95920
0.234987 -0.283006 -0.786540 0.08583 -0.41285 -0.90675
0.228795 -0.174160 -0.826155 0.08448 -0.25678 -0.96277
-0.197328 -0.432113 -0.699174 -0.07029 -0.61328 -0.78674
-0.065175 -0.435371 -0.704446 -0.02310 -0.61466 -0.78845
-0.164701 -0.471301 -0.669160 -0.05806 -0.66424 -0.74526
-0.167901 -0.384766 -0.735660 -0.06014 -0.55084 -0.83244
0.197328 -0.432113 -0.699174 0.07029 -0.61328 -0.78674
0.065175 -0.435371 -0.704446 0.02310 -0.61466 -0.78845
0.164701 -0.471301 -0.669160 0.05806 -0.66424 -0.74526
0.167901 -0.384766 -0.735660 0.06014 -0.55084 -0.83244
-0.098934 -0.541101 -0.603179 -0.03418 -0.75002 -0.66053
-0.033511 -0.473276 -0.673529 -0.01169 -0.66448 -0.74722
-0.131701 -0.507831 -0.636869 -0.04605 -0.70945 -0.70325
-0.033049 -0.542325 -0.604067 -0.01142 -0.75056 -0.66071
-0.098539 -0.472629 -0.672085 -0.03469 -0.66438 -0.74658
-0.104468 -0.282727 -0.795527 -0.03771 -0.40967 -0.91145
-0.034512 -0.387924 -0.739358 -0.01220 -0.55298 -0.83310
-0.136668 -0.334557 -0.768059 -0.04931 -0.48220 -0.87467
-0.034974 -0.282947 -0.797354 -0.01263 -0.40959 -0.91218
-0.100526 -0.386876 -0.738144 -0.03597 -0.55229 -0.83287
0.098934 -0.541101 -0.603179 0.03418 -0.75002 -0.66053
0.033511 -0.473276 -0.673529 0.01169 -0.66448 -0.74722
0.131701 -0.507831 -0.636869 0.04605 -0.70945 -0.70325
0.033049 -0.542325 -0.604067 0.01142 -0.75056 -0.66071
0.098539 -0.472629 -0.672085 0.03469 -0.66438 -0.74658
0.000000 -0.508873 -0.640116 -0.00000 -0.70927 -0.70494
0.104468 -0.282727 -0.795527 0.03771 -0.40967 -0.91145
0.034512 -0.387924 -0.739358 0.01220 -0.55298 -0.83310
0.136668 -0.334557 -0.768059 0.04931 -0.48220 -0.87467
0.034974 -0.282947 -0.797354 0.01263 -0.40959 -0.91218
0.100526 -0.386876 -0.738144 0.03597 -0.55229 -0.83287
0.000000 -0.337214 -0.770432 0.00000 -0.48435 -0.87487
-0.478425 -0.062137 0.812512 -0.18179 -0.09404 0.97883
-0.424893 -0.180951 0.799326 -0.15909 -0.27118 0.94929
-0.411097 -0.060753 0.824221 -0.15536 -0.09179 0.98358
-0.298677 -0.385810 0.721714 -0.10756 -0.55667 0.82374
-0.363934 -0.289512 0.767786 -0.13381 -0.42628 0.89464
-0.281703 -0.058730 0.841433 -0.10493 -0.08758 0.99062
-0.359229 -0.177568 0.810400 -0.13393 -0.26491 0.95493
-0.345246 -0.059683 0.833824 -0.12955 -0.08947 0.98753
-0.386069 -0.120427 0.819737 -0.14512 -0.18073 0.97277
-0.032168 -0.648422 0.452795 -0.01146 -0.87579 0.48256
-0.097554 -0.599706 0.528484 -0.03394 -0.82049 0.57065
-0.231543 -0.469284 0.664677 -0.08235 -0.66429 0.74293
-0.164175 -0.540306 0.599568 -0.05748 -0.75091 0.65790
-0.035422 -0.057315 0.856113 -0.01268 -0.08460 0.99633
-0.105387 -0.170520 0.834967 -0.03824 -0.25027 0.96742
-0.095136 -0.057494 0.854656 -0.03514 -0.08478 0.99578
-0.235793 -0.381522 0.731895 -0.08422 -0.54907 0.83153
-0.172733 -0.279488 0.793209 -0.06226 -0.40686 0.91137
-0.267594 -0.335652 0.756465 -0.09724 -0.48716 0.86788
-0.216848 -0.058364 0.847523 -0.08057 -0.08656 0.99298
-0.165918 -0.171591 0.831571 -0.06121 -0.25224 0.96573
-0.155867 -0.057804 0.851803 -0.05761 -0.08544 0.99468
-0.255827 -0.116977 0.836336 -0.09497 -0.17360 0.98023
-0.130866 -0.115070 0.845758 -0.04824 -0.16936 0.98437
-0.328965 -0.234469 0.796031 -0.12178 -0.34623 0.93021
-0.201488 -0.228962 0.811351 -0.07390 -0.33500 0.93932
-0.298968 -0.286324 0.778104 -0.10963 -0.41958 0.90107
-0.293502 -0.176121 0.819128 -0.10882 -0.26094 0.95920
-0.234987 -0.283006 0.786540 -0.08583 -0.41285 0.90675
-0.228795 -0.174160 0.826155 -0.08448 -0.25678 0.96277
0.478425 -0.062137 0.812512 0.18179 -0.09404 0.97883
0.424893 -0.180951 0.799326 0.15909 -0.27118 0.94929
0.411097 -0.060753 0.824221 0.15536 -0.09179 0.98358
0.298677 -0.385810 0.721714 0.10756 -0.55667 0.82374
0.363934 -0.289512 0.767786 0.13381 -0.42628 0.89464
0.281703 -0.058730 0.841433 0.10493 -0.08758 0.99062
0.359229 -0.177568 0.810400 0.13393 -0.26491 0.95493
0.345246 -0.059683 0.833824 0.12955 -0.08947 0.98753
0.386069 -0.120427 0.819737 0.14512 -0.18073 0.97277
0.032168 -0.648422 0.452795 0.01146 -0.87579 0.48256
0.097554 -0.599706 0.528484 0.03394 -0.82049 0.57065
0.000000 -0.625905 0.491595 0.00000 -0.84960 0.52742
0.231543 -0.469284 0.664677 0.08235 -0.66429 0.74293
0.164175 -0.540306 0.599568 0.05748 -0.75091 0.65790
-0.065119 -0.572984 0.566237 -0.02242 -0.78773 0.61562
0.065119 -0.572984 0.566237 0.02242 -0.78773 0.61562
-0.032574 -0.600626 0.529691 -0.01111 -0.82038 0.57171
0.032574 -0.600626 0.529691 0.01111 -0.82038 0.57171
0.035422 -0.057315 0.856113 0.01268 -0.08460 0.99633
0.105387 -0.170520 0.834967 0.03824 -0.25027 0.96742
0.095136 -0.057494 0.854656 0.03514 -0.08478 0.99578
0.000000 -0.114395 0.849071 -0.00000 -0.16818 0.98576
0.235793 -0.381522 0.731895 0.08422 -0.54907 0.83153
0.172733 -0.279488 0.793209 0.06226 -0.40686 0.91137
0.267594 -0.335652 0.756465 0.09724 -0.48716 0.86788
0.216848 -0.058364 0.847523 0.08057 -0.08656 0.99298
0.165918 -0.171591 0.831571 0.06121 -0.25224 0.96573
0.155867 -0.057804 0.851803 0.05761 -0.08544 0.99468
0.255827 -0.116977 0.836336 0.09497 -0.17360 0.98023
0.130866 -0.115070 0.845758 0.04824 -0.16936 0.98437
-0.069499 -0.226419 0.819191 -0.02537 -0.33050 0.94346
0.069499 -0.226419 0.819191 0.02537 -0.33050 0.94346
-0.035258 -0.171258 0.836643 -0.01288 -0.25067 0.96799
0.035258 -0.171258 0.836643 0.01288 -0.25067 0.96799
0.328965 -0.234469 0.796031 0.12178 -0.34623 0.93021
0.201488 -0.228962 0.811351 0.07390 -0.33500 0.93932
0.298968 -0.286324 0.778104 0.10963 -0.41958 0.90107
0.293502 -0.176121 0.819128 0.10882 -0.26094 0.95920
0.234987 -0.283006 0.786540 0.08583 -0.41285 0.90675
0.228795 -0.174160 0.826155 0.08448 -0.25678 0.96277
-0.197328 -0.432113 0.699174 -0.07029 -0.61328 0.78674
-0.065175 -0.435371 0.704446 -0.02310 -0.61466 0.78845
-0.164701 -0.471301 0.669160 -0.05806 -0.66424 0.74526
-0.167901 -0.384766 0.735660 -0.06014 -0.55084 0.83244
0.197328 -0.432113 0.699174 0.07029 -0.61328 0.78674
0.065175 -0.435371 0.704446 0.02310 -0.61466 0.78845
0.164701 -0.471301 0.669160 0.05806 -0.66424 0.74526
0.167901 -0.384766 0.735660 0.06014 -0.55084 0.83244
-0.098934 -0.541101 0.603179 -0.03418 -0.75002 0.66053
-0.033511 -0.473276 0.673529 -0.01169 -0.66448 0.74722
-0.131701 -0.507831 0.636869 -0.04605 -0.70945 0.70325
-0.033049 -0.542325 0.604067 -0.01142 -0.75056 0.66071
-0.098539 -0.472629 0.672085 -0.03469 -0.66438 0.74658
-0.104468 -0.282727 0.795527 -0.03771 -0.40967 0.91145
-0.034512 -0.387924 0.739358 -0.01220 -0.55298 0.83310
-0.136668 -0.334557 0.768059 -0.04931 -0.48220 0.87467
-0.034974 -0.282947 0.797354 -0.01263 -0.40959 0.91218
-0.100526 -0.386876 0.738144 -0.03597 -0.55229 0.83287
0.098934 -0.541101 0.603179 0.03418 -0.75002 0.66053
0.033511 -0.473276 0.673529 0.01169 -0.66448 0.74722
0.131701 -0.507831 0.636869 0.04605 -0.70945 0.70325
0.033049 -0.542325 0.604067 0.01142 -0.75056 0.66071
0.098539 -0.472629 0.672085 0.03469 -0.66438 0.74658
0.000000 -0.508873 0.640116 0.00000 -0.70927 0.70494
0.104468 -0.282727 0.795527 0.03771 -0.40967 0.91145
0.034512 -0.387924 0.739358 0.01220 -0.55298 0.83310
0.136668 -0.334557 0.768059 0.04931 -0.48220 0.87467
0.034974 -0.282947 0.797354 0.01263 -0.40959 0.91218
0.100526 -0.386876 0.738144 0.03597 -0.55229 0.83287
0.000000 -0.337214 0.770432 -0.00000 -0.48435 0.87487
0.000000 -0.691455 -0.363835 -0.00000 -0.92327 -0.38416
0.000000 -0.726942 -0.262051 0.00000 -0.96168 -0.27416
0.000000 -0.761906 -0.052806 -0.00000 -0.99850 -0.05481
0.000000 -0.750314 -0.158035 -0.00000 -0.98641 -0.16432
0.000000 -0.691455 0.363835 0.00000 -0.92327 0.38416
0.000000 -0.726942 0.262051 -0.00000 -0.96168 0.27416
0.000000 -0.761906 0.052806 0.00000 -0.99850 0.05481
0.000000 -0.750314 0.158035 0.00000 -0.98641 0.16432
0.557415 -0.039600 0.798241 0.21614 -0.05983 0.97453
0.669113 -0.123513 0.759288 0.26435 -0.19316 0.94489
0.531580 -0.102581 0.796716 0.20423 -0.15749 0.96617
0.872636 -0.303986 0.616109 0.35628 -0.49420 0.79299
0.776416 -0.212600 0.699674 0.31229 -0.34004 0.88704
0.472115 -0.222128 0.777504 0.17805 -0.33496 0.92526
0.636060 -0.187869 0.751535 0.24776 -0.29260 0.92358
0.502877 -0.163970 0.789584 0.19155 -0.24935 0.94928
0.584539 -0.144847 0.776414 0.22608 -0.22373 0.94807
0.984388 -0.579630 0.075282 0.38988 -0.91608 0.09374
1.008385 -0.536022 0.228277 0.40763 -0.86549 0.29114
0.948967 -0.392725 0.507294 0.38960 -0.64468 0.65772
0.996314 -0.472257 0.375683 0.40805 -0.77299 0.48578
0.334968 -0.425150 0.687908 0.12055 -0.61279 0.78100
0.481964 -0.413484 0.669032 0.17687 -0.60765 0.77426
0.370013 -0.380285 0.714937 0.13479 -0.55324 0.82205
0.819022 -0.367755 0.595040 0.32498 -0.58417 0.74373
0.642244 -0.395334 0.639664 0.24306 -0.59899 0.76298
0.779299 -0.323698 0.642430 0.30828 -0.51131 0.80220
0.438590 -0.279792 0.759962 0.16368 -0.41636 0.89435
0.521496 -0.364453 0.695217 0.19437 -0.54213 0.81750
0.404835 -0.331518 0.739277 0.14917 -0.48808 0.85996
0.517667 -0.266207 0.750336 0.19558 -0.40164 0.89467
0.444459 -0.373203 0.706190 0.16346 -0.54837 0.82011
0.687671 -0.234127 0.720057 0.26929 -0.36620 0.89072
0.604932 -0.353268 0.680992 0.22890 -0.53406 0.81387
0.734981 -0.278659 0.684314 0.28956 -0.43846 0.85083
0.600955 -0.251015 0.737204 0.23074 -0.38501 0.89360
0.689664 -0.339992 0.663846 0.26630 -0.52412 0.80894
0.562299 -0.310334 0.718021 0.21269 -0.46870 0.85737
0.557415 -0.039600 -0.798241 0.21614 -0.05983 -0.97453
0.669113 -0.123513 -0.759288 0.26435 -0.19316 -0.94489
0.531580 -0.102581 -0.796716 0.20423 -0.15749 -0.96617
0.872636 -0.303986 -0.616109 0.35628 -0.49420 -0.79299
0.776416 -0.212600 -0.699674 0.31229 -0.34004 -0.88704
0.472115 -0.222128 -0.777504 0.17805 -0.33496 -0.92526
0.636060 -0.187869 -0.751535 0.24776 -0.29260 -0.92358
0.502877 -0.163970 -0.789584 0.19155 -0.24935 -0.94928
0.584539 -0.144847 -0.776414 0.22608 -0.22373 -0.94807
0.984388 -0.579630 -0.075282 0.38988 -0.91608 -0.09374
1.008385 -0.536022 -0.228277 0.40763 -0.86549 -0.29114
0.948967 -0.392725 -0.507294 0.38960 -0.64468 -0.65772
0.996314 -0.472257 -0.375683 0.40805 -0.77299 -0.48578
0.334968 -0.425150 -0.687908 0.12055 -0.61279 -0.78100
0.481964 -0.413484 -0.669032 0.17687 -0.60765 -0.77426
0.370013 -0.380285 -0.714937 0.13479 -0.55324 -0.82205
0.819022 -0.367755 -0.595040 0.32498 -0.58417 -0.74373
0.642244 -0.395334 -0.639664 0.24306 -0.59899 -0.76298
0.779299 -0.323698 -0.642430 0.30828 -0.51131 -0.80220
0.438590 -0.279792 -0.759962 0.16368 -0.41636 -0.89435
0.521496 -0.364453 -0.695217 0.19437 -0.54213 -0.81750
0.404835 -0.331518 -0.739277 0.14917 -0.48808 -0.85996
0.517667 -0.266207 -0.750336 0.19558 -0.40164 -0.89467
0.444459 -0.373203 -0.706190 0.16346 -0.54837 -0.82011
0.687671 -0.234127 -0.720057 0.26929 -0.36620 -0.89072
0.604932 -0.353268 -0.680992 0.22890 -0.53406 -0.81387
0.734981 -0.278659 -0.684314 0.28956 -0.43846 -0.85083
0.600955 -0.251015 -0.737204 0.23074 -0.38501 -0.89360
0.689664 -0.339992 -0.663846 0.26630 -0.52412 -0.80894
0.562299 -0.310334 -0.718021 0.21269 -0.46870 -0.85737
0.051692 -0.675926 -0.398001 0.01743 -0.90629 -0.42229
0.155431 -0.686598 -0.364971 0.05223 -0.92052 -0.38720
0.084406 -0.655560 -0.437398 0.02850 -0.88420 -0.46624
0.051408 -0.697445 -0.347865 0.01719 -0.93022 -0.36661
0.371468 -0.694884 -0.287574 0.12617 -0.94277 -0.30865
0.261340 -0.693076 -0.328521 0.08806 -0.93270 -0.34974
0.151734 -0.606983 -0.513719 0.05201 -0.83005 -0.55526
0.190415 -0.666501 -0.404712 0.06438 -0.89969 -0.43175
0.117999 -0.632500 -0.476190 0.04007 -0.85873 -0.51085
0.137390 -0.661591 -0.421360 0.04634 -0.89227 -0.44913
0.051038 -0.731231 -0.244809 0.01699 -0.96665 -0.25554
0.154813 -0.706547 -0.313193 0.05178 -0.94255 -0.33002
0.051247 -0.715968 -0.296447 0.01704 -0.95026 -0.31099
0.103208 -0.702527 -0.330867 0.03442 -0.93663 -0.34861
0.887633 -0.619837 -0.044035 0.33704 -0.94005 -0.05204
0.745846 -0.657268 -0.121326 0.27060 -0.95270 -0.13837
0.907034 -0.605186 -0.116785 0.34786 -0.92681 -0.14150
0.487842 -0.690963 -0.240699 0.16793 -0.95052 -0.26138
0.612280 -0.679436 -0.186045 0.21528 -0.95454 -0.20619
0.923524 -0.560781 -0.263846 0.36049 -0.87412 -0.32552
0.757435 -0.641054 -0.189344 0.27671 -0.93573 -0.21875
0.919165 -0.585406 -0.190880 0.35584 -0.90498 -0.23320
0.830754 -0.625449 -0.154985 0.31033 -0.93290 -0.18275
0.293012 -0.474103 -0.652564 0.10475 -0.67272 -0.73244
0.342985 -0.554962 -0.557200 0.12083 -0.77742 -0.61727
0.257789 -0.511622 -0.620622 0.09064 -0.71896 -0.68912
0.363249 -0.470671 -0.644484 0.13006 -0.67292 -0.72819
0.416534 -0.673967 -0.328179 0.14323 -0.92365 -0.35546
0.384495 -0.622126 -0.448174 0.13361 -0.86119 -0.49041
0.358557 -0.674089 -0.348872 0.12225 -0.91862 -0.37576
0.187781 -0.577521 -0.551546 0.06474 -0.79668 -0.60092
0.304541 -0.587061 -0.521492 0.10559 -0.81405 -0.57111
0.222433 -0.546239 -0.586683 0.07748 -0.76009 -0.64518
0.208499 -0.612341 -0.499169 0.07149 -0.83852 -0.54017
0.282267 -0.551137 -0.572572 0.09855 -0.76910 -0.63149
0.512496 -0.460565 -0.621221 0.18740 -0.67211 -0.71635
0.414203 -0.552644 -0.544665 0.14663 -0.78053 -0.60768
0.436722 -0.466211 -0.634075 0.15770 -0.67261 -0.72299
0.389916 -0.513540 -0.596327 0.13870 -0.72955 -0.66972
0.246768 -0.670263 -0.386823 0.08343 -0.90663 -0.41361
0.325300 -0.620530 -0.465471 0.11199 -0.85472 -0.50686
0.301716 -0.672820 -0.368443 0.10247 -0.91291 -0.39509
0.228274 -0.643416 -0.443901 0.07774 -0.87529 -0.47732
0.343058 -0.649149 -0.408559 0.11758 -0.88918 -0.44219
0.266619 -0.616876 -0.483090 0.09157 -0.84675 -0.52404
0.051041 -0.762408 -0.031545 0.01720 -0.99935 -0.03177
0.154130 -0.754715 -0.095258 0.05123 -0.99384 -0.09827
0.051073 -0.759216 -0.084512 0.01679 -0.99601 -0.08767
0.371071 -0.711846 -0.229334 0.12584 -0.96153 -0.24418
0.260202 -0.738474 -0.160814 0.08698 -0.98189 -0.16829
0.316108 -0.712419 -0.252014 0.10631 -0.95761 -0.26772
0.051229 -0.743923 -0.190341 0.01697 -0.97997 -0.19841
0.154300 -0.747772 -0.149198 0.05101 -0.98648 -0.15573
0.051101 -0.753027 -0.137792 0.01683 -0.98957 -0.14305
0.102794 -0.734935 -0.224810 0.03402 -0.97144 -0.23483
0.102657 -0.754519 -0.116749 0.03376 -0.99204 -0.12131
0.209066 -0.709785 -0.293324 0.06982 -0.94826 -0.30972
0.208383 -0.738429 -0.183379 0.06905 -0.97894 -0.19213
0.261880 -0.711674 -0.273444 0.08780 -0.95318 -0.28939
0.155574 -0.723563 -0.259260 0.05168 -0.96090 -0.27203
0.261537 -0.726871 -0.217161 0.08732 -0.96951 -0.22897
0.155444 -0.737370 -0.204207 0.05144 -0.97557 -0.21357
0.859430 -0.418489 -0.531157 0.34057 -0.66293 -0.66673
0.737696 -0.531429 -0.455921 0.27587 -0.79496 -0.54031
0.886536 -0.458823 -0.471560 0.35165 -0.72663 -0.59021
0.767550 -0.432612 -0.560547 0.29644 -0.66723 -0.68332
0.488053 -0.671764 -0.301633 0.16848 -0.92874 -0.33024
0.611193 -0.613657 -0.377738 0.21829 -0.87723 -0.42757
0.550602 -0.667907 -0.277429 0.19241 -0.93235 -0.30609
0.473814 -0.648787 -0.365675 0.16475 -0.90095 -0.40143
0.918855 -0.530290 -0.338291 0.36128 -0.83279 -0.41944
0.752218 -0.564253 -0.394335 0.28041 -0.84038 -0.46382
0.906719 -0.496528 -0.406604 0.35843 -0.78364 -0.50738
0.840200 -0.579665 -0.298090 0.31868 -0.87808 -0.35696
0.819914 -0.516035 -0.433303 0.31474 -0.79082 -0.52492
0.595756 -0.453057 -0.604484 0.22081 -0.67116 -0.70766
0.653394 -0.539038 -0.484417 0.23998 -0.79151 -0.56207
0.679103 -0.444040 -0.584824 0.25652 -0.66961 -0.69700
0.543306 -0.504747 -0.567137 0.19755 -0.73307 -0.65084
0.711354 -0.489949 -0.523031 0.26778 -0.73628 -0.62144
0.683965 -0.653203 -0.222391 0.24553 -0.93609 -0.25189
0.682291 -0.606086 -0.353942 0.24808 -0.87955 -0.40601
0.616210 -0.661835 -0.250926 0.21786 -0.93489 -0.28023
0.761023 -0.620372 -0.259125 0.28003 -0.91156 -0.30108
0.615816 -0.639766 -0.315393 0.21904 -0.90917 -0.35418
0.759232 -0.594572 -0.328146 0.28127 -0.87960 -0.38366
0.437260 -0.589786 -0.486563 0.15370 -0.82747 -0.54007
0.591553 -0.583012 -0.443366 0.21287 -0.83722 -0.50374
0.456752 -0.621211 -0.427862 0.15963 -0.86707 -0.47192
0.489896 -0.550451 -0.527321 0.17497 -0.78494 -0.59435
0.532640 -0.618506 -0.404418 0.18808 -0.87254 -0.45088
0.569987 -0.546036 -0.507283 0.20612 -0.78869 -0.57920
0.051692 -0.675926 0.398001 0.01743 -0.90629 0.42229
0.155431 -0.686598 0.364971 0.05223 -0.92052 0.38720
0.084406 -0.655560 0.437398 0.02850 -0.88420 0.46624
0.051408 -0.697445 0.347865 0.01719 -0.93022 0.36661
0.371468 -0.694884 0.287574 0.12617 -0.94277 0.30865
0.261340 -0.693076 0.328521 0.08806 -0.93270 0.34974
0.151734 -0.606983 0.513719 0.05201 -0.83005 0.55526
0.190415 -0.666501 0.404712 0.06438 -0.89969 0.43175
0.117999 -0.632500 0.476190 0.04007 -0.85873 0.51085
0.137390 -0.661591 0.421360 0.04634 -0.89227 0.44913
0.051038 -0.731231 0.244809 0.01699 -0.96665 0.25554
0.154813 -0.706547 0.313193 0.05178 -0.94255 0.33002
0.051247 -0.715968 0.296447 0.01704 -0.95026 0.31099
0.103208 -0.702527 0.330867 0.03442 -0.93663 0.34861
0.887633 -0.619837 0.044035 0.33704 -0.94005 0.05204
0.745846 -0.657268 0.121326 0.27060 -0.95270 0.13837
0.907034 -0.605186 0.116785 0.34786 -0.92681 0.14150
0.819870 -0.643939 0.000000 0.30366 -0.95278 0.00000
0.487842 -0.690963 0.240699 0.16793 -0.95052 0.26138
0.612280 -0.679436 0.186045 0.21528 -0.95454 0.20619
0.923524 -0.560781 0.263846 0.36049 -0.87412 0.32552
0.757435 -0.641054 0.189344 0.27671 -0.93573 0.21875
0.919165 -0.585406 0.190880 0.35584 -0.90498 0.23320
0.830754 -0.625449 0.154985 0.31033 -0.93290 0.18275
0.686396 -0.678315 -0.078008 0.24447 -0.96568 -0.08777
0.686396 -0.678315 0.078008 0.24447 -0.96568 0.08777
0.752126 -0.663299 -0.040791 0.27281 -0.96094 -0.04664
0.752126 -0.663299 0.040791 0.27281 -0.96094 0.04664
0.293012 -0.474103 0.652564 0.10475 -0.67272 0.73244
0.342985 -0.554962 0.557200 0.12083 -0.77742 0.61727
0.257789 -0.511622 0.620622 0.09064 -0.71896 0.68912
0.363249 -0.470671 0.644484 0.13006 -0.67292 0.72819
0.416534 -0.673967 0.328179 0.14323 -0.92365 0.35546
0.384495 -0.622126 0.448174 0.13361 -0.86119 0.49041
0.358557 -0.674089 0.348872 0.12225 -0.91862 0.37576
0.187781 -0.577521 0.551546 0.06474 -0.79668 0.60092
0.304541 -0.587061 0.521492 0.10559 -0.81405 0.57111
0.222433 -0.546239 0.586683 0.07748 -0.76009 0.64518
0.208499 -0.612341 0.499169 0.07149 -0.83852 0.54017
0.282267 -0.551137 0.572572 0.09855 -0.76910 0.63149
0.512496 -0.460565 0.621221 0.18740 -0.67211 0.71635
0.414203 -0.552644 0.544665 0.14663 -0.78053 0.60768
0.436722 -0.466211 0.634075 0.15770 -0.67261 0.72299
0.389916 -0.513540 0.596327 0.13870 -0.72955 0.66972
0.246768 -0.670263 0.386823 0.08343 -0.90663 0.41361
0.325300 -0.620530 0.465471 0.11199 -0.85472 0.50686
0.301716 -0.672820 0.368443 0.10247 -0.91291 0.39509
0.228274 -0.643416 0.443901 0.07774 -0.87529 0.47732
0.343058 -0.649149 0.408559 0.11758 -0.88918 0.44219
0.266619 -0.616876 0.483090 0.09157 -0.84675 0.52404
0.051041 -0.762408 0.031545 0.01720 -0.99935 0.03177
0.154130 -0.754715 0.095258 0.05123 -0.99384 0.09827
0.051073 -0.759216 0.084512 0.01679 -0.99601 0.08767
0.102614 -0.761624 0.000000 0.03372 -0.99943 0.00000
0.371071 -0.711846 0.229334 0.12584 -0.96153 0.24418
0.260202 -0.738474 0.160814 0.08698 -0.98189 0.16829
0.316108 -0.712419 0.252014 0.10631 -0.95761 0.26772
0.051229 -0.743923 0.190341 0.01697 -0.97997 0.19841
0.154300 -0.747772 0.149198 0.05101 -0.98648 0.15573
0.051101 -0.753027 0.137792 0.01683 -0.98957 0.14305
0.102794 -0.734935 0.224810 0.03402 -0.97144 0.23483
0.102657 -0.754519 0.116749 0.03376 -0.99204 0.12131
0.208418 -0.754063 -0.063974 0.06895 -0.99538 -0.06676
0.208418 -0.754063 0.063974 0.06895 -0.99538 0.06676
0.155335 -0.758857 -0.031980 0.05110 -0.99814 -0.03318
0.155335 -0.758857 0.031980 0.05110 -0.99814 0.03318
0.209066 -0.709785 0.293324 0.06982 -0.94826 0.30972
0.208383 -0.738429 0.183379 0.06905 -0.97894 0.19213
0.261880 -0.711674 0.273444 0.08780 -0.95318 0.28939
0.155574 -0.723563 0.259260 0.05168 -0.96090 0.27203
0.261537 -0.726871 0.217161 0.08732 -0.96951 0.22897
0.155444 -0.737370 0.204207 0.05144 -0.97557 0.21357
0.859430 -0.418489 0.531157 0.34057 -0.66293 0.66673
0.737696 -0.531429 0.455921 0.27587 -0.79496 0.54031
0.886536 -0.458823 0.471560 0.35165 -0.72663 0.59021
0.767550 -0.432612 0.560547 0.29644 -0.66723 0.68332
0.488053 -0.671764 0.301633 0.16848 -0.92874 0.33024
0.611193 -0.613657 0.377738 0.21829 -0.87723 0.42757
0.550602 -0.667907 0.277429 0.19241 -0.93235 0.30609
0.473814 -0.648787 0.365675 0.16475 -0.90095 0.40143
0.918855 -0.530290 0.338291 0.36128 -0.83279 0.41944
0.752218 -0.564253 0.394335 0.28041 -0.84038 0.46382
0.906719 -0.496528 0.406604 0.35843 -0.78364 0.50738
0.840200 -0.579665 0.298090 0.31868 -0.87808 0.35696
0.819914 -0.516035 0.433303 0.31474 -0.79082 0.52492
0.595756 -0.453057 0.604484 0.22081 -0.67116 0.70766
0.653394 -0.539038 0.484417 0.23998 -0.79151 0.56207
0.679103 -0.444040 0.584824 0.25652 -0.66961 0.69700
0.543306 -0.504747 0.567137 0.19755 -0.73307 0.65084
0.711354 -0.489949 0.523031 0.26778 -0.73628 0.62144
0.683965 -0.653203 0.222391 0.24553 -0.93609 0.25189
0.682291 -0.606086 0.353942 0.24808 -0.87955 0.40601
0.616210 -0.661835 0.250926 0.21786 -0.93489 0.28023
0.761023 -0.620372 0.259125 0.28003 -0.91156 0.30108
0.615816 -0.639766 0.315393 0.21904 -0.90917 0.35418
0.759232 -0.594572 0.328146 0.28127 -0.87960 0.38366
0.437260 -0.589786 0.486563 0.15370 -0.82747 0.54007
0.591553 -0.583012 0.443366 0.21287 -0.83722 0.50374
0.456752 -0.621211 0.427862 0.15963 -0.86707 0.47192
0.489896 -0.550451 0.527321 0.17497 -0.78494 0.59435
0.532640 -0.618506 0.404418 0.18808 -0.87254 0.45088
0.569987 -0.546036 0.507283 0.20612 -0.78869 0.57920
0.438331 -0.709234 -0.200167 0.14893 -0.96513 -0.21529
0.449361 -0.727081 -0.067269 0.15209 -0.98573 -0.07210
0.496650 -0.705151 -0.173559 0.17053 -0.96723 -0.18810
0.379027 -0.724689 -0.165397 0.12775 -0.97607 -0.17597
0.438331 -0.709234 0.200167 0.14893 -0.96513 0.21529
0.449361 -0.727081 0.067269 0.15209 -0.98573 0.07210
0.496650 -0.705151 0.173559 0.17053 -0.96723 0.18810
0.379027 -0.724689 0.165397 0.12775 -0.97607 0.17597
0.619358 -0.690413 -0.113242 0.21749 -0.96799 -0.12530
0.505626 -0.719567 -0.035801 0.17321 -0.98413 -0.03847
0.557339 -0.698956 -0.144541 0.19322 -0.96831 -0.15826
0.624609 -0.695719 -0.038063 0.21903 -0.97481 -0.04208
0.502632 -0.714750 -0.104795 0.17225 -0.97850 -0.11345
0.265361 -0.746662 -0.098051 0.08801 -0.99082 -0.10258
0.387092 -0.737771 -0.034438 0.12999 -0.99085 -0.03622
0.321078 -0.737115 -0.131162 0.10737 -0.98453 -0.13845
0.266518 -0.751058 -0.032943 0.08845 -0.99548 -0.03444
0.384392 -0.733405 -0.099880 0.12931 -0.98590 -0.10617
0.619358 -0.690413 0.113242 0.21749 -0.96799 0.12530
0.505626 -0.719567 0.035801 0.17321 -0.98413 0.03847
0.557339 -0.698956 0.144541 0.19322 -0.96831 0.15826
0.624609 -0.695719 0.038063 0.21903 -0.97481 0.04208
0.502632 -0.714750 0.104795 0.17225 -0.97850 0.11345
0.563925 -0.709366 0.000000 0.19518 -0.98077 0.00000
0.265361 -0.746662 0.098051 0.08801 -0.99082 0.10258
0.387092 -0.737771 0.034438 0.12999 -0.99085 0.03622
0.321078 -0.737115 0.131162 0.10737 -0.98453 0.13845
0.266518 -0.751058 0.032943 0.08845 -0.99548 0.03444
0.384392 -0.733405 0.099880 0.12931 -0.98590 0.10617
0.326389 -0.745702 0.000000 0.10888 -0.99406 -0.00000
0.557415 0.039600 0.798241 0.21614 0.05983 0.97453
0.669113 0.123513 0.759288 0.26435 0.19316 0.94489
0.531580 0.102581 0.796716 0.20423 0.15749 0.96617
0.616962 0.000000 0.785523 0.24147 -0.00000 0.97041
0.872636 0.303986 0.616109 0.35628 0.49420 0.79299
0.776416 0.212600 0.699674 0.31229 0.34004 0.88704
0.472115 0.222128 0.777504 0.17805 0.33496 0.92526
0.636060 0.187869 0.751535 0.24776 0.29260 0.92358
0.502877 0.163970 0.789584 0.19155 0.24935 0.94928
0.584539 0.144847 0.776414 0.22608 0.22373 0.94807
0.737171 -0.084776 0.745954 0.29616 -0.13597 0.94541
0.737171 0.084776 0.745954 0.29616 0.13597 0.94541
0.677445 -0.041661 0.768166 0.26845 -0.06584 0.96104
0.677445 0.041661 0.768166 0.26845 0.06584 0.96104
0.984388 0.579630 0.075282 0.38988 0.91608 0.09374
1.008385 0.536022 0.228277 0.40763 0.86549 0.29114
0.948967 0.392725 0.507294 0.38960 0.64468 0.65772
0.996314 0.472257 0.375683 0.40805 0.77299 0.48578
0.334968 0.425150 0.687908 0.12055 0.61279 0.78100
0.481964 0.413484 0.669032 0.17687 0.60765 0.77426
0.370013 0.380285 0.714937 0.13479 0.55324 0.82205
0.819022 0.367755 0.595040 0.32498 0.58417 0.74373
0.642244 0.395334 0.639664 0.24306 0.59899 0.76298
0.779299 0.323698 0.642430 0.30828 0.51131 0.80220
0.438590 0.279792 0.759962 0.16368 0.41636 0.89435
0.521496 0.364453 0.695217 0.19437 0.54213 0.81750
0.404835 0.331518 0.739277 0.14917 0.48808 0.85996
0.517667 0.266207 0.750336 0.19558 0.40164 0.89467
0.444459 0.373203 0.706190 0.16346 0.54837 0.82011
0.687671 0.234127 0.720057 0.26929 0.36620 0.89072
0.604932 0.353268 0.680992 0.22890 0.53406 0.81387
0.734981 0.278659 0.684314 0.28956 0.43846 0.85083
0.600955 0.251015 0.737204 0.23074 0.38501 0.89360
0.689664 0.339992 0.663846 0.26630 0.52412 0.80894
0.562299 0.310334 0.718021 0.21269 0.46870 0.85737
0.960623 -0.271116 0.593698 0.40686 -0.45769 0.79056
1.019742 -0.094346 0.630235 0.45111 -0.16638 0.87682
0.910733 -0.224159 0.641445 0.38054 -0.37371 0.84589
0.960623 0.271116 0.593698 0.40686 0.45769 0.79056
1.019742 0.094346 0.630235 0.45111 0.16638 0.87682
0.910733 0.224159 0.641445 0.38054 0.37371 0.84589
0.798998 -0.131052 0.716767 0.32523 -0.21264 0.92142
0.952250 -0.047378 0.669128 0.40956 -0.08083 0.90869
0.856053 -0.177028 0.682606 0.35330 -0.29159 0.88891
0.809217 -0.044273 0.726506 0.33200 -0.07239 0.94050
0.938032 -0.137532 0.659650 0.39941 -0.23381 0.88645
0.798998 0.131052 0.716767 0.32523 0.21264 0.92142
0.952250 0.047378 0.669128 0.40956 0.08083 0.90869
0.856053 0.177028 0.682606 0.35330 0.29159 0.88891
0.809217 0.044273 0.726506 0.33200 0.07239 0.94050
0.938032 0.137532 0.659650 0.39941 0.23381 0.88645
0.881829 0.000000 0.701028 0.37025 0.00000 0.92893
0.557415 0.039600 -0.798241 0.21614 0.05983 -0.97453
0.669113 0.123513 -0.759288 0.26435 0.19316 -0.94489
0.531580 0.102581 -0.796716 0.20423 0.15749 -0.96617
0.616962 0.000000 -0.785523 0.24147 0.00000 -0.97041
0.872636 0.303986 -0.616109 0.35628 0.49420 -0.79299
0.776416 0.212600 -0.699674 0.31229 0.34004 -0.88704
0.472115 0.222128 -0.777504 0.17805 0.33496 -0.92526
0.636060 0.187869 -0.751535 0.24776 0.29260 -0.92358
0.502877 0.163970 -0.789584 0.19155 0.24935 -0.94928
0.584539 0.144847 -0.776414 0.22608 0.22373 -0.94807
0.737171 -0.084776 -0.745954 0.29616 -0.13597 -0.94541
0.737171 0.084776 -0.745954 0.29616 0.13597 -0.94541
0.677445 -0.041661 -0.768166 0.26845 -0.06584 -0.96104
0.677445 0.041661 -0.768166 0.26845 0.06584 -0.96104
0.984388 0.579630 -0.075282 0.38988 0.91608 -0.09374
1.008385 0.536022 -0.228277 0.40763 0.86549 -0.29114
0.948967 0.392725 -0.507294 0.38960 0.64468 -0.65772
0.996314 0.472257 -0.375683 0.40805 0.77299 -0.48578
0.334968 0.425150 -0.687908 0.12055 0.61279 -0.78100
0.481964 0.413484 -0.669032 0.17687 0.60765 -0.77426
0.370013 0.380285 -0.714937 0.13479 0.55324 -0.82205
0.819022 0.367755 -0.595040 0.32498 0.58417 -0.74373
0.642244 0.395334 -0.639664 0.24306 0.59899 -0.76298
0.779299 0.323698 -0.642430 0.30828 0.51131 -0.80220
0.438590 0.279792 -0.759962 0.16368 0.41636 -0.89435
0.521496 0.364453 -0.695217 0.19437 0.54213 -0.81750
0.404835 0.331518 -0.739277 0.14917 0.48808 -0.85996
0.517667 0.266207 -0.750336 0.19558 0.40164 -0.89467
0.444459 0.373203 -0.706190 0.16346 0.54837 -0.82011
0.687671 0.234127 -0.720057 0.26929 0.36620 -0.89072
0.604932 0.353268 -0.680992 0.22890 0.53406 -0.81387
0.734981 0.278659 -0.684314 0.28956 0.43846 -0.85083
0.600955 0.251015 -0.737204 0.23074 0.38501 -0.89360
0.689664 0.339992 -0.663846 0.26630 0.52412 -0.80894
0.562299 0.310334 -0.718021 0.21269 0.46870 -0.85737
0.960623 -0.271116 -0.593698 0.40686 -0.45769 -0.79056
1.019742 -0.094346 -0.630235 0.45111 -0.16638 -0.87682
0.910733 -0.224159 -0.641445 0.38054 -0.37371 -0.84589
0.960623 0.271116 -0.593698 0.40686 0.45769 -0.79056
1.019742 0.094346 -0.630235 0.45111 0.16638 -0.87682
0.910733 0.224159 -0.641445 0.38054 0.37371 -0.84589
0.798998 -0.131052 -0.716767 0.32523 -0.21264 -0.92142
0.952250 -0.047378 -0.669128 0.40956 -0.08083 -0.90869
0.856053 -0.177028 -0.682606 0.35330 -0.29159 -0.88891
0.809217 -0.044273 -0.726506 0.33200 -0.07239 -0.94050
0.938032 -0.137532 -0.659650 0.39941 -0.23381 -0.88645
0.798998 0.131052 -0.716767 0.32523 0.21264 -0.92142
0.952250 0.047378 -0.669128 0.40956 0.08083 -0.90869
0.856053 0.177028 -0.682606 0.35330 0.29159 -0.88891
0.809217 0.044273 -0.726506 0.33200 0.07239 -0.94050
0.938032 0.137532 -0.659650 0.39941 0.23381 -0.88645
0.881829 0.000000 -0.701028 0.37025 0.00000 -0.92893
0.051692 0.675926 -0.398001 0.01743 0.90629 -0.42229
0.155431 0.686598 -0.364971 0.05223 0.92052 -0.38720
0.084406 0.655560 -0.437398 0.02850 0.88420 -0.46624
0.051408 0.697445 -0.347865 0.01719 0.93022 -0.36661
0.371468 0.694884 -0.287574 0.12617 0.94277 -0.30865
0.261340 0.693076 -0.328521 0.08806 0.93270 -0.34974
0.151734 0.606983 -0.513719 0.05201 0.83005 -0.55526
0.190415 0.666501 -0.404712 0.06438 0.89969 -0.43175
0.117999 0.632500 -0.476190 0.04007 0.85873 -0.51085
0.137390 0.661591 -0.421360 0.04634 0.89227 -0.44913
0.051038 0.731231 -0.244809 0.01699 0.96665 -0.25554
0.154813 0.706547 -0.313193 0.05178 0.94255 -0.33002
0.051247 0.715968 -0.296447 0.01704 0.95026 -0.31099
0.103208 0.702527 -0.330867 0.03442 0.93663 -0.34861
0.887633 0.619837 -0.044035 0.33704 0.94005 -0.05204
0.745846 0.657268 -0.121326 0.27060 0.95270 -0.13837
0.907034 0.605186 -0.116785 0.34786 0.92681 -0.14150
0.487842 0.690963 -0.240699 0.16793 0.95052 -0.26138
0.612280 0.679436 -0.186045 0.21528 0.95454 -0.20619
0.923524 0.560781 -0.263846 0.36049 0.87412 -0.32552
0.757435 0.641054 -0.189344 0.27671 0.93573 -0.21875
0.919165 0.585406 -0.190880 0.35584 0.90498 -0.23320
0.830754 0.625449 -0.154985 0.31033 0.93290 -0.18275
0.293012 0.474103 -0.652564 0.10475 0.67272 -0.73244
0.342985 0.554962 -0.557200 0.12083 0.77742 -0.61727
0.257789 0.511622 -0.620622 0.09064 0.71896 -0.68912
0.363249 0.470671 -0.644484 0.13006 0.67292 -0.72819
0.416534 0.673967 -0.328179 0.14323 0.92365 -0.35546
0.384495 0.622126 -0.448174 0.13361 0.86119 -0.49041
0.358557 0.674089 -0.348872 0.12225 0.91862 -0.37576
0.187781 0.577521 -0.551546 0.06474 0.79668 -0.60092
0.304541 0.587061 -0.521492 0.10559 0.81405 -0.57111
0.222433 0.546239 -0.586683 0.07748 0.76009 -0.64518
0.208499 0.612341 -0.499169 0.07149 0.83852 -0.54017
0.282267 0.551137 -0.572572 0.09855 0.76910 -0.63149
0.512496 0.460565 -0.621221 0.18740 0.67211 -0.71635
0.414203 0.552644 -0.544665 0.14663 0.78053 -0.60768
0.436722 0.466211 -0.634075 0.15770 0.67261 -0.72299
0.389916 0.513540 -0.596327 0.13870 0.72955 -0.66972
0.246768 0.670263 -0.386823 0.08343 0.90663 -0.41361
0.325300 0.620530 -0.465471 0.11199 0.85472 -0.50686
0.301716 0.672820 -0.368443 0.10247 0.91291 -0.39509
0.228274 0.643416 -0.443901 0.07774 0.87529 -0.47732
0.343058 0.649149 -0.408559 0.11758 0.88918 -0.44219
0.266619 0.616876 -0.483090 0.09157 0.84675 -0.52404
0.051041 0.762408 -0.031545 0.01720 0.99935 -0.03177
0.154130 0.754715 -0.095258 0.05123 0.99384 -0.09827
0.051073 0.759216 -0.084512 0.01679 0.99601 -0.08767
0.371071 0.711846 -0.229334 0.12584 0.96153 -0.24418
0.260202 0.738474 -0.160814 0.08698 0.98189 -0.16829
0.316108 0.712419 -0.252014 0.10631 0.95761 -0.26772
0.051229 0.743923 -0.190341 0.01697 0.97997 -0.19841
0.154300 0.747772 -0.149198 0.05101 0.98648 -0.15573
0.051101 0.753027 -0.137792 0.01683 0.98957 -0.14305
0.102794 0.734935 -0.224810 0.03402 0.97144 -0.23483
0.102657 0.754519 -0.116749 0.03376 0.99204 -0.12131
0.209066 0.709785 -0.293324 0.06982 0.94826 -0.30972
0.208383 0.738429 -0.183379 0.06905 0.97894 -0.19213
0.261880 0.711674 -0.273444 0.08780 0.95318 -0.28939
0.155574 0.723563 -0.259260 0.05168 0.96090 -0.27203
0.261537 0.726871 -0.217161 0.08732 0.96951 -0.22897
0.155444 0.737370 -0.204207 0.05144 0.97557 -0.21357
0.859430 0.418489 -0.531157 0.34057 0.66293 -0.66673
0.737696 0.531429 -0.455921 0.27587 0.79496 -0.54031
0.886536 0.458823 -0.471560 0.35165 0.72663 -0.59021
0.767550 0.432612 -0.560547 0.29644 0.66723 -0.68332
0.488053 0.671764 -0.301633 0.16848 0.92874 -0.33024
0.611193 0.613657 -0.377738 0.21829 0.87723 -0.42757
0.550602 0.667907 -0.277429 0.19241 0.93235 -0.30609
0.473814 0.648787 -0.365675 0.16475 0.90095 -0.40143
0.918855 0.530290 -0.338291 0.36128 0.83279 -0.41944
0.752218 0.564253 -0.394335 0.28041 0.84038 -0.46382
0.906719 0.496528 -0.406604 0.35843 0.78364 -0.50738
0.840200 0.579665 -0.298090 0.31868 0.87808 -0.35696
0.819914 0.516035 -0.433303 0.31474 0.79082 -0.52492
0.595756 0.453057 -0.604484 0.22081 0.67116 -0.70766
0.653394 0.539038 -0.484417 0.23998 0.79151 -0.56207
0.679103 0.444040 -0.584824 0.25652 0.66961 -0.69700
0.543306 0.504747 -0.567137 0.19755 0.73307 -0.65084
0.711354 0.489949 -0.523031 0.26778 0.73628 -0.62144
0.683965 0.653203 -0.222391 0.24553 0.93609 -0.25189
0.682291 0.606086 -0.353942 0.24808 0.87955 -0.40601
0.616210 0.661835 -0.250926 0.21786 0.93489 -0.28023
0.761023 0.620372 -0.259125 0.28003 0.91156 -0.30108
0.615816 0.639766 -0.315393 0.21904 0.90917 -0.35418
0.759232 0.594572 -0.328146 0.28127 0.87960 -0.38366
0.437260 0.589786 -0.486563 0.15370 0.82747 -0.54007
0.591553 0.583012 -0.443366 0.21287 0.83722 -0.50374
0.456752 0.621211 -0.427862 0.15963 0.86707 -0.47192
0.489896 0.550451 -0.527321 0.17497 0.78494 -0.59435
0.532640 0.618506 -0.404418 0.18808 0.87254 -0.45088
0.569987 0.546036 -0.507283 0.20612 0.78869 -0.57920
0.051692 0.675926 0.398001 0.01743 0.90629 0.42229
0.155431 0.686598 0.364971 0.05223 0.92052 0.38720
0.084406 0.655560 0.437398 0.02850 0.88420 0.46624
0.051408 0.697445 0.347865 0.01719 0.93022 0.36661
0.371468 0.694884 0.287574 0.12617 0.94277 0.30865
0.261340 0.693076 0.328521 0.08806 0.93270 0.34974
0.151734 0.606983 0.513719 0.05201 0.83005 0.55526
0.190415 0.666501 0.404712 0.06438 0.89969 0.43175
0.117999 0.632500 0.476190 0.04007 0.85873 0.51085
0.137390 0.661591 0.421360 0.04634 0.89227 0.44913
0.051038 0.731231 0.244809 0.01699 0.96665 0.25554
0.154813 0.706547 0.313193 0.05178 0.94255 0.33002
0.051247 0.715968 0.296447 0.01704 0.95026 0.31099
0.103208 0.702527 0.330867 0.03442 0.93663 0.34861
0.887633 0.619837 0.044035 0.33704 0.94005 0.05204
0.745846 0.657268 0.121326 0.27060 0.95270 0.13837
0.907034 0.605186 0.116785 0.34786 0.92681 0.14150
0.819870 0.643939 0.000000 0.30366 0.95278 0.00000
0.487842 0.690963 0.240699 0.16793 0.95052 0.26138
0.612280 0.679436 0.186045 0.21528 0.95454 0.20619
0.923524 0.560781 0.263846 0.36049 0.87412 0.32552
0.757435 0.641054 0.189344 0.27671 0.93573 0.21875
0.919165 0.585406 0.190880 0.35584 0.90498 0.23320
0.830754 0.625449 0.154985 0.31033 0.93290 0.18275
0.686396 0.678315 -0.078008 0.24447 0.96568 -0.08777
0.686396 0.678315 0.078008 0.24447 0.96568 0.08777
0.752126 0.663299 -0.040791 0.27281 0.96094 -0.04664
0.752126 0.663299 0.040791 0.27281 0.96094 0.04664
0.293012 0.474103 0.652564 0.10475 0.67272 0.73244
0.342985 0.554962 0.557200 0.12083 0.77742 0.61727
0.257789 0.511622 0.620622 0.09064 0.71896 0.68912
0.363249 0.470671 0.644484 0.13006 0.67292 0.72819
0.416534 0.673967 0.328179 0.14323 0.92365 0.35546
0.384495 0.622126 0.448174 0.13361 0.86119 0.49041
0.358557 0.674089 0.348872 0.12225 0.91862 0.37576
0.187781 0.577521 0.551546 0.06474 0.79668 0.60092
0.304541 0.587061 0.521492 0.10559 0.81405 0.57111
0.222433 0.546239 0.586683 0.07748 0.76009 0.64518
0.208499 0.612341 0.499169 0.07149 0.83852 0.54017
0.282267 0.551137 0.572572 0.09855 0.76910 0.63149
0.512496 0.460565 0.621221 0.18740 0.67211 0.71635
0.414203 0.552644 0.544665 0.14663 0.78053 0.60768
0.436722 0.466211 0.634075 0.15770 0.67261 0.72299
0.389916 0.513540 0.596327 0.13870 0.72955 0.66972
0.246768 0.670263 0.386823 0.08343 0.90663 0.41361
0.325300 0.620530 0.465471 0.11199 0.85472 0.50686
0.301716 0.672820 0.368443 0.10247 0.91291 0.39509
0.228274 0.643416 0.443901 0.07774 0.87529 0.47732
0.343058 0.649149 0.408559 0.11758 0.88918 0.44219
0.266619 0.616876 0.483090 0.09157 0.84675 0.52404
0.051041 0.762408 0.031545 0.01720 0.99935 0.03177
0.154130 0.754715 0.095258 0.05123 0.99384 0.09827
0.051073 0.759216 0.084512 0.01679 0.99601 0.08767
0.102614 0.761624 0.000000 0.03372 0.99943 0.00000
0.371071 0.711846 0.229334 0.12584 0.96153 0.24418
0.260202 0.738474 0.160814 0.08698 0.98189 0.16829
0.316108 0.712419 0.252014 0.10631 0.95761 0.26772
0.051229 0.743923 0.190341 0.01697 0.97997 0.19841
0.154300 0.747772 0.149198 0.05101 0.98648 0.15573
0.051101 0.753027 0.137792 0.01683 0.98957 0.14305
0.102794 0.734935 0.224810 0.03402 0.97144 0.23483
0.102657 0.754519 0.116749 0.03376 0.99204 0.12131
0.208418 0.754063 -0.063974 0.06895 0.99538 -0.06676
0.208418 0.754063 0.063974 0.06895 0.99538 0.06676
0.155335 0.758857 -0.031980 0.05110 0.99814 -0.03318
0.155335 0.758857 0.031980 0.05110 0.99814 0.03318
0.209066 0.709785 0.293324 0.06982 0.94826 0.30972
0.208383 0.738429 0.183379 0.06905 0.97894 0.19213
0.261880 0.711674 0.273444 0.08780 0.95318 0.28939
0.155574 0.723563 0.259260 0.05168 0.96090 0.27203
0.261537 0.726871 0.217161 0.08732 0.96951 0.22897
0.155444 0.737370 0.204207 0.05144 0.97557 0.21357
0.859430 0.418489 0.531157 0.34057 0.66293 0.66673
0.737696 0.531429 0.455921 0.27587 0.79496 0.54031
0.886536 0.458823 0.471560 0.35165 0.72663 0.59021
0.767550 0.432612 0.560547 0.29644 0.66723 0.68332
0.488053 0.671764 0.301633 0.16848 0.92874 0.33024
0.611193 0.613657 0.377738 0.21829 0.87723 0.42757
0.550602 0.667907 0.277429 0.19241 0.93235 0.30609
0.473814 0.648787 0.365675 0.16475 0.90095 0.40143
0.918855 0.530290 0.338291 0.36128 0.83279 0.41944
0.752218 0.564253 0.394335 0.28041 0.84038 0.46382
0.906719 0.496528 0.406604 0.35843 0.78364 0.50738
0.840200 0.579665 0.298090 0.31868 0.87808 0.35696
0.819914 0.516035 0.433303 0.31474 0.79082 0.52492
0.595756 0.453057 0.604484 0.22081 0.67116 0.70766
0.653394 0.539038 0.484417 0.23998 0.79151 0.56207
0.679103 0.444040 0.584824 0.25652 0.66961 0.69700
0.543306 0.504747 0.567137 0.19755 0.73307 0.65084
0.711354 0.489949 0.523031 0.26778 0.73628 0.62144
0.683965 0.653203 0.222391 0.24553 0.93609 0.25189
0.682291 0.606086 0.353942 0.24808 0.87955 0.40601
0.616210 0.661835 0.250926 0.21786 0.93489 0.28023
0.761023 0.620372 0.259125 0.28003 0.91156 0.30108
0.615816 0.639766 0.315393 0.21904 0.90917 0.35418
0.759232 0.594572 0.328146 0.28127 0.87960 0.38366
0.437260 0.589786 0.486563 0.15370 0.82747 0.54007
0.591553 0.583012 0.443366 0.21287 0.83722 0.50374
0.456752 0.621211 0.427862 0.15963 0.86707 0.47192
0.489896 0.550451 0.527321 0.17497 0.78494 0.59435
0.532640 0.618506 0.404418 0.18808 0.87254 0.45088
0.569987 0.546036 0.507283 0.20612 0.78869 0.57920
0.438331 0.709234 -0.200167 0.14893 0.96513 -0.21529
0.449361 0.727081 -0.067269 0.15209 0.98573 -0.07210
0.496650 0.705151 -0.173559 0.17053 0.96723 -0.18810
0.379027 0.724689 -0.165397 0.12775 0.97607 -0.17597
0.438331 0.709234 0.200167 0.14893 0.96513 0.21529
0.449361 0.727081 0.067269 0.15209 0.98573 0.07210
0.496650 0.705151 0.173559 0.17053 0.96723 0.18810
0.379027 0.724689 0.165397 0.12775 0.97607 0.17597
0.619358 0.690413 -0.113242 0.21749 0.96799 -0.12530
0.505626 0.719567 -0.035801 0.17321 0.98413 -0.03847
0.557339 0.698956 -0.144541 0.19322 0.96831 -0.15826
0.624609 0.695719 -0.038063 0.21903 0.97481 -0.04208
0.502632 0.714750 -0.104795 0.17225 0.97850 -0.11345
0.265361 0.746662 -0.098051 0.08801 0.99082 -0.10258
0.387092 0.737771 -0.034438 0.12999 0.99085 -0.03622
0.321078 0.737115 -0.131162 0.10737 0.98453 -0.13845
0.266518 0.751058 -0.032943 0.08845 0.99548 -0.03444
0.384392 0.733405 -0.099880 0.12931 0.98590 -0.10617
0.619358 0.690413 0.113242 0.21749 0.96799 0.12530
0.505626 0.719567 0.035801 0.17321 0.98413 0.03847
0.557339 0.698956 0.144541 0.19322 0.96831 0.15826
0.624609 0.695719 0.038063 0.21903 0.97481 0.04208
0.502632 0.714750 0.104795 0.17225 0.97850 0.11345
0.563925 0.709366 0.000000 0.19518 0.98077 -0.00000
0.265361 0.746662 0.098051 0.08801 0.99082 0.10258
0.387092 0.737771 0.034438 0.12999 0.99085 0.03622
0.321078 0.737115 0.131162 0.10737 0.98453 0.13845
0.266518 0.751058 0.032943 0.08845 0.99548 0.03444
0.384392 0.733405 0.099880 0.12931 0.98590 0.10617
0.326389 0.745702 0.000000 0.10888 0.99406 -0.00000
1.051649 -0.553365 0.000000 0.42951 -0.90306 -0.00000
1.238401 -0.446424 0.000000 0.57052 -0.82128 -0.00000
1.076248 -0.536800 0.079329 0.44651 -0.88874 0.10382
1.076248 -0.536800 -0.079329 0.44651 -0.88874 -0.10382
1.512242 -0.104810 0.000000 0.96390 -0.26627 -0.00000
1.406962 -0.296341 0.000000 0.76571 -0.64318 0.00000
1.096757 -0.486163 0.240313 0.46607 -0.82390 0.32243
1.261894 -0.422469 0.088077 0.59466 -0.79322 0.13109
1.091768 -0.514187 0.160391 0.45896 -0.86267 0.21252
1.170257 -0.484546 0.083764 0.51427 -0.84974 0.11605
1.096757 -0.486163 -0.240313 0.46607 -0.82390 -0.32243
1.261894 -0.422469 -0.088077 0.59466 -0.79322 -0.13109
1.091768 -0.514187 -0.160391 0.45896 -0.86267 -0.21252
1.170257 -0.484546 -0.083764 0.51427 -0.84974 -0.11605
1.051649 0.553365 0.000000 0.42951 0.90306 0.00000
1.238401 0.446424 0.000000 0.57052 0.82128 -0.00000
1.076248 0.536800 0.079329 0.44651 0.88874 0.10382
1.076248 0.536800 -0.079329 0.44651 0.88874 -0.10382
1.512242 0.104810 0.000000 0.96390 0.26627 -0.00000
1.406962 0.296341 0.000000 0.76571 0.64318 0.00000
1.096757 0.486163 0.240313 0.46607 0.82390 0.32243
1.261894 0.422469 0.088077 0.59466 0.79322 0.13109
1.091768 0.514187 0.160391 0.45896 0.86267 0.21252
1.170257 0.484546 0.083764 0.51427 0.84974 0.11605
1.096757 0.486163 -0.240313 0.46607 0.82390 -0.32243
1.261894 0.422469 -0.088077 0.59466 0.79322 -0.13109
1.091768 0.514187 -0.160391 0.45896 0.86267 -0.21252
1.170257 0.484546 -0.083764 0.51427 0.84974 -0.11605
1.012420 -0.326170 0.527754 0.43206 -0.55351 0.71200
1.213785 -0.264320 0.427678 0.57861 -0.49989 0.64445
1.047858 -0.370673 0.464945 0.44942 -0.63440 0.62893
1.060384 -0.242013 0.554603 0.46895 -0.42668 0.77332
1.510909 -0.062515 0.101152 0.96635 -0.15446 0.20571
1.396279 -0.176234 0.285153 0.77506 -0.38595 0.50033
1.480166 -0.164764 0.099573 0.89757 -0.39778 0.19010
1.091246 -0.450965 0.321424 0.46727 -0.77053 0.43353
1.247223 -0.309731 0.351964 0.60086 -0.59486 0.53395
1.074590 -0.412885 0.395424 0.46138 -0.70727 0.53563
1.185073 -0.424624 0.254804 0.53445 -0.76364 0.36224
1.148771 -0.343208 0.413341 0.51923 -0.61897 0.58930
1.113830 -0.051992 0.584401 0.51528 -0.09501 0.85174
1.259986 -0.165460 0.447794 0.62944 -0.32840 0.70424
1.095436 -0.149184 0.574139 0.49840 -0.27086 0.82355
1.161969 -0.206760 0.506139 0.54313 -0.38532 0.74602
1.351091 -0.345691 0.093041 0.69180 -0.70627 0.15032
1.342205 -0.267802 0.276959 0.69722 -0.55505 0.45367
1.424593 -0.260678 0.096674 0.79649 -0.58018 0.17028
1.273975 -0.389697 0.178188 0.61065 -0.74469 0.26933
1.421018 -0.219877 0.193337 0.79989 -0.49282 0.34251
1.269067 -0.351454 0.267530 0.61305 -0.67700 0.40723
1.012420 -0.326170 -0.527754 0.43206 -0.55351 -0.71200
1.213785 -0.264320 -0.427678 0.57861 -0.49989 -0.64445
1.047858 -0.370673 -0.464945 0.44942 -0.63440 -0.62893
1.060384 -0.242013 -0.554603 0.46895 -0.42668 -0.77332
1.510909 -0.062515 -0.101152 0.96635 -0.15446 -0.20571
1.396279 -0.176234 -0.285153 0.77506 -0.38595 -0.50033
1.480166 -0.164764 -0.099573 0.89757 -0.39778 -0.19010
1.091246 -0.450965 -0.321424 0.46727 -0.77053 -0.43353
1.247223 -0.309731 -0.351964 0.60086 -0.59486 -0.53395
1.074590 -0.412885 -0.395424 0.46138 -0.70727 -0.53563
1.185073 -0.424624 -0.254804 0.53445 -0.76364 -0.36224
1.148771 -0.343208 -0.413341 0.51923 -0.61897 -0.58930
1.113830 -0.051992 -0.584401 0.51528 -0.09501 -0.85174
1.259986 -0.165460 -0.447794 0.62944 -0.32840 -0.70424
1.095436 -0.149184 -0.574139 0.49840 -0.27086 -0.82355
1.161969 -0.206760 -0.506139 0.54313 -0.38532 -0.74602
1.351091 -0.345691 -0.093041 0.69180 -0.70627 -0.15032
1.342205 -0.267802 -0.276959 0.69722 -0.55505 -0.45367
1.424593 -0.260678 -0.096674 0.79649 -0.58018 -0.17028
1.273975 -0.389697 -0.178188 0.61065 -0.74469 -0.26933
1.421018 -0.219877 -0.193337 0.79989 -0.49282 -0.34251
1.269067 -0.351454 -0.267530 0.61305 -0.67700 -0.40723
1.012420 0.326170 0.527754 0.43206 0.55351 0.71200
1.213785 0.264320 0.427678 0.57861 0.49989 0.64445
1.047858 0.370673 0.464945 0.44942 0.63440 0.62893
1.060384 0.242013 0.554603 0.46895 0.42668 0.77332
1.510909 0.062515 0.101152 0.96635 0.15446 0.20571
1.396279 0.176234 0.285153 0.77506 0.38595 0.50033
1.480166 0.164764 0.099573 0.89757 0.39778 0.19010
1.484706 0.000000 0.200034 0.92063 0.00000 0.39044
1.091246 0.450965 0.321424 0.46727 0.77053 0.43353
1.247223 0.309731 0.351964 0.60086 0.59486 0.53395
1.074590 0.412885 0.395424 0.46138 0.70727 0.53563
1.185073 0.424624 0.254804 0.53445 0.76364 0.36224
1.148771 0.343208 0.413341 0.51923 0.61897 0.58930
1.113830 0.051992 0.584401 0.51528 0.09501 0.85174
1.259986 0.165460 0.447794 0.62944 0.32840 0.70424
1.095436 0.149184 0.574139 0.49840 0.27086 0.82355
1.204903 0.000000 0.527379 0.58707 0.00000 0.80954
1.161969 0.206760 0.506139 0.54313 0.38532 0.74602
1.351091 0.345691 0.093041 0.69180 0.70627 0.15032
1.342205 0.267802 0.276959 0.69722 0.55505 0.45367
1.424593 0.260678 0.096674 0.79649 0.58018 0.17028
1.273975 0.389697 0.178188 0.61065 0.74469 0.26933
1.421018 0.219877 0.193337 0.79989 0.49282 0.34251
1.269067 0.351454 0.267530 0.61305 0.67700 0.40723
1.354605 -0.114923 0.374404 0.73049 -0.24674 0.63680
1.354605 0.114923 0.374404 0.73049 0.24674 0.63680
1.430180 -0.060271 0.292753 0.83254 -0.13921 0.53619
1.287689 -0.056482 0.456946 0.66220 -0.11540 0.74039
1.430180 0.060271 0.292753 0.83254 0.13921 0.53619
1.287689 0.056482 0.456946 0.66220 0.11540 0.74039
1.012420 0.326170 -0.527754 0.43206 0.55351 -0.71200
1.213785 0.264320 -0.427678 0.57861 0.49989 -0.64445
1.047858 0.370673 -0.464945 0.44942 0.63440 -0.62893
1.060384 0.242013 -0.554603 0.46895 0.42668 -0.77332
1.510909 0.062515 -0.101152 0.96635 0.15446 -0.20571
1.396279 0.176234 -0.285153 0.77506 0.38595 -0.50033
1.480166 0.164764 -0.099573 0.89757 0.39778 -0.19010
1.484706 0.000000 -0.200034 0.92063 0.00000 -0.39044
1.091246 0.450965 -0.321424 0.46727 0.77053 -0.43353
1.247223 0.309731 -0.351964 0.60086 0.59486 -0.53395
1.074590 0.412885 -0.395424 0.46138 0.70727 -0.53563
1.185073 0.424624 -0.254804 0.53445 0.76364 -0.36224
1.148771 0.343208 -0.413341 0.51923 0.61897 -0.58930
1.113830 0.051992 -0.584401 0.51528 0.09501 -0.85174
1.259986 0.165460 -0.447794 0.62944 0.32840 -0.70424
1.095436 0.149184 -0.574139 0.49840 0.27086 -0.82355
1.204903 0.000000 -0.527379 0.58707 0.00000 -0.80954
1.161969 0.206760 -0.506139 0.54313 0.38532 -0.74602
1.351091 0.345691 -0.093041 0.69180 0.70627 -0.15032
1.342205 0.267802 -0.276959 0.69722 0.55505 -0.45367
1.424593 0.260678 -0.096674 0.79649 0.58018 -0.17028
1.273975 0.389697 -0.178188 0.61065 0.74469 -0.26933
1.421018 0.219877 -0.193337 0.79989 0.49282 -0.34251
1.269067 0.351454 -0.267530 0.61305 0.67700 -0.40723
1.354605 -0.114923 -0.374404 0.73049 -0.24674 -0.63680
1.354605 0.114923 -0.374404 0.73049 0.24674 -0.63680
1.430180 -0.060271 -0.292753 0.83254 -0.13921 -0.53619
1.287689 -0.056482 -0.456946 0.66220 -0.11540 -0.74039
1.430180 0.060271 -0.292753 0.83254 0.13921 -0.53619
1.287689 0.056482 -0.456946 0.66220 0.11540 -0.74039
-0.557415 -0.039600 0.798241 -0.21614 -0.05983 0.97453
-0.669113 -0.123513 0.759288 -0.26435 -0.19316 0.94489
-0.531580 -0.102581 0.796716 -0.20423 -0.15749 0.96617
-0.872636 -0.303986 0.616109 -0.35628 -0.49420 0.79299
-0.776416 -0.212600 0.699674 -0.31229 -0.34004 0.88704
-0.472115 -0.222128 0.777504 -0.17805 -0.33496 0.92526
-0.636060 -0.187869 0.751535 -0.24776 -0.29260 0.92358
-0.502877 -0.163970 0.789584 -0.19155 -0.24935 0.94928
-0.584539 -0.144847 0.776414 -0.22608 -0.22373 0.94807
-0.984388 -0.579630 0.075282 -0.38988 -0.91608 0.09374
-1.008385 -0.536022 0.228277 -0.40763 -0.86549 0.29114
-0.948967 -0.392725 0.507294 -0.38960 -0.64468 0.65772
-0.996314 -0.472257 0.375683 -0.40805 -0.77299 0.48578
-0.334968 -0.425150 0.687908 -0.12055 -0.61279 0.78100
-0.481964 -0.413484 0.669032 -0.17687 -0.60765 0.77426
-0.370013 -0.380285 0.714937 -0.13479 -0.55324 0.82205
-0.819022 -0.367755 0.595040 -0.32498 -0.58417 0.74373
-0.642244 -0.395334 0.639664 -0.24306 -0.59899 0.76298
-0.779299 -0.323698 0.642430 -0.30828 -0.51131 0.80220
-0.438590 -0.279792 0.759962 -0.16368 -0.41636 0.89435
-0.521496 -0.364453 0.695217 -0.19437 -0.54213 0.81750
-0.404835 -0.331518 0.739277 -0.14917 -0.48808 0.85996
-0.517667 -0.266207 0.750336 -0.19558 -0.40164 0.89467
-0.444459 -0.373203 0.706190 -0.16346 -0.54837 0.82011
-0.687671 -0.234127 0.720057 -0.26929 -0.36620 0.89072
-0.604932 -0.353268 0.680992 -0.22890 -0.53406 0.81387
-0.734981 -0.278659 0.684314 -0.28956 -0.43846 0.85083
-0.600955 -0.251015 0.737204 -0.23074 -0.38501 0.89360
-0.689664 -0.339992 0.663846 -0.26630 -0.52412 0.80894
-0.562299 -0.310334 0.718021 -0.21269 -0.46870 0.85737
-0.557415 -0.039600 -0.798241 -0.21614 -0.05983 -0.97453
-0.669113 -0.123513 -0.759288 -0.26435 -0.19316 -0.94489
-0.531580 -0.102581 -0.796716 -0.20423 -0.15749 -0.96617
-0.872636 -0.303986 -0.616109 -0.35628 -0.49420 -0.79299
-0.776416 -0.212600 -0.699674 -0.31229 -0.34004 -0.88704
-0.472115 -0.222128 -0.777504 -0.17805 -0.33496 -0.92526
-0.636060 -0.187869 -0.751535 -0.24776 -0.29260 -0.92358
-0.502877 -0.163970 -0.789584 -0.19155 -0.24935 -0.94928
-0.584539 -0.144847 -0.776414 -0.22608 -0.22373 -0.94807
-0.984388 -0.579630 -0.075282 -0.38988 -0.91608 -0.09374
-1.008385 -0.536022 -0.228277 -0.40763 -0.86549 -0.29114
-0.948967 -0.392725 -0.507294 -0.38960 -0.64468 -0.65772
-0.996314 -0.472257 -0.375683 -0.40805 -0.77299 -0.48578
-0.334968 -0.425150 -0.687908 -0.12055 -0.61279 -0.78100
-0.481964 -0.413484 -0.669032 -0.17687 -0.60765 -0.77426
-0.370013 -0.380285 -0.714937 -0.13479 -0.55324 -0.82205
-0.819022 -0.367755 -0.595040 -0.32498 -0.58417 -0.74373
-0.642244 -0.395334 -0.639664 -0.24306 -0.59899 -0.76298
-0.779299 -0.323698 -0.642430 -0.30828 -0.51131 -0.80220
-0.438590 -0.279792 -0.759962 -0.16368 -0.41636 -0.89435
-0.521496 -0.364453 -0.695217 -0.19437 -0.54213 -0.81750
-0.404835 -0.331518 -0.739277 -0.14917 -0.48808 -0.85996
-0.517667 -0.266207 -0.750336 -0.19558 -0.40164 -0.89467
-0.444459 -0.373203 -0.706190 -0.16346 -0.54837 -0.82011
-0.687671 -0.234127 -0.720057 -0.26929 -0.36620 -0.89072
-0.604932 -0.353268 -0.680992 -0.22890 -0.53406 -0.81387
-0.734981 -0.278659 -0.684314 -0.28956 -0.43846 -0.85083
-0.600955 -0.251015 -0.737204 -0.23074 -0.38501 -0.89360
-0.689664 -0.339992 -0.663846 -0.26630 -0.52412 -0.80894
-0.562299 -0.310334 -0.718021 -0.21269 -0.46870 -0.85737
-0.051692 -0.675926 -0.398001 -0.01743 -0.90629 -0.42229
-0.155431 -0.686598 -0.364971 -0.05223 -0.92052 -0.38720
-0.084406 -0.655560 -0.437398 -0.02850 -0.88420 -0.46624
-0.051408 -0.697445 -0.347865 -0.01719 -0.93022 -0.36661
-0.371468 -0.694884 -0.287574 -0.12617 -0.94277 -0.30865
-0.261340 -0.693076 -0.328521 -0.08806 -0.93270 -0.34974
-0.151734 -0.606983 -0.513719 -0.05201 -0.83005 -0.55526
-0.190415 -0.666501 -0.404712 -0.06438 -0.89969 -0.43175
-0.117999 -0.632500 -0.476190 -0.04007 -0.85873 -0.51085
-0.137390 -0.661591 -0.421360 -0.04634 -0.89227 -0.44913
-0.051038 -0.731231 -0.244809 -0.01699 -0.96665 -0.25554
-0.154813 -0.706547 -0.313193 -0.05178 -0.94255 -0.33002
-0.051247 -0.715968 -0.296447 -0.01704 -0.95026 -0.31099
-0.103208 -0.702527 -0.330867 -0.03442 -0.93663 -0.34861
-0.887633 -0.619837 -0.044035 -0.33704 -0.94005 -0.05204
-0.745846 -0.657268 -0.121326 -0.27060 -0.95270 -0.13837
-0.907034 -0.605186 -0.116785 -0.34786 -0.92681 -0.14150
-0.487842 -0.690963 -0.240699 -0.16793 -0.95052 -0.26138
-0.612280 -0.679436 -0.186045 -0.21528 -0.95454 -0.20619
-0.923524 -0.560781 -0.263846 -0.36049 -0.87412 -0.32552
-0.757435 -0.641054 -0.189344 -0.27671 -0.93573 -0.21875
-0.919165 -0.585406 -0.190880 -0.35584 -0.90498 -0.23320
-0.830754 -0.625449 -0.154985 -0.31033 -0.93290 -0.18275
-0.293012 -0.474103 -0.652564 -0.10475 -0.67272 -0.73244
-0.342985 -0.554962 -0.557200 -0.12083 -0.77742 -0.61727
-0.257789 -0.511622 -0.620622 -0.09064 -0.71896 -0.68912
-0.363249 -0.470671 -0.644484 -0.13006 -0.67292 -0.72819
-0.416534 -0.673967 -0.328179 -0.14323 -0.92365 -0.35546
-0.384495 -0.622126 -0.448174 -0.13361 -0.86119 -0.49041
-0.358557 -0.674089 -0.348872 -0.12225 -0.91862 -0.37576
-0.187781 -0.577521 -0.551546 -0.06474 -0.79668 -0.60092
-0.304541 -0.587061 -0.521492 -0.10559 -0.81405 -0.57111
-0.222433 -0.546239 -0.586683 -0.07748 -0.76009 -0.64518
-0.208499 -0.612341 -0.499169 -0.07149 -0.83852 -0.54017
-0.282267 -0.551137 -0.572572 -0.09855 -0.76910 -0.63149
-0.512496 -0.460565 -0.621221 -0.18740 -0.67211 -0.71635
-0.414203 -0.552644 -0.544665 -0.14663 -0.78053 -0.60768
-0.436722 -0.466211 -0.634075 -0.15770 -0.67261 -0.72299
-0.389916 -0.513540 -0.596327 -0.13870 -0.72955 -0.66972
-0.246768 -0.670263 -0.386823 -0.08343 -0.90663 -0.41361
-0.325300 -0.620530 -0.465471 -0.11199 -0.85472 -0.50686
-0.301716 -0.672820 -0.368443 -0.10247 -0.91291 -0.39509
-0.228274 -0.643416 -0.443901 -0.07774 -0.87529 -0.47732
-0.343058 -0.649149 -0.408559 -0.11758 -0.88918 -0.44219
-0.266619 -0.616876 -0.483090 -0.09157 -0.84675 -0.52404
-0.051041 -0.762408 -0.031545 -0.01720 -0.99935 -0.03177
-0.154130 -0.754715 -0.095258 -0.05123 -0.99384 -0.09827
-0.051073 -0.759216 -0.084512 -0.01679 -0.99601 -0.08767
-0.371071 -0.711846 -0.229334 -0.12584 -0.96153 -0.24418
-0.260202 -0.738474 -0.160814 -0.08698 -0.98189 -0.16829
-0.316108 -0.712419 -0.252014 -0.10631 -0.95761 -0.26772
-0.051229 -0.743923 -0.190341 -0.01697 -0.97997 -0.19841
-0.154300 -0.747772 -0.149198 -0.05101 -0.98648 -0.15573
-0.051101 -0.753027 -0.137792 -0.01683 -0.98957 -0.14305
-0.102794 -0.734935 -0.224810 -0.03402 -0.97144 -0.23483
-0.102657 -0.754519 -0.116749 -0.03376 -0.99204 -0.12131
-0.209066 -0.709785 -0.293324 -0.06982 -0.94826 -0.30972
-0.208383 -0.738429 -0.183379 -0.06905 -0.97894 -0.19213
-0.261880 -0.711674 -0.273444 -0.08780 -0.95318 -0.28939
-0.155574 -0.723563 -0.259260 -0.05168 -0.96090 -0.27203
-0.261537 -0.726871 -0.217161 -0.08732 -0.96951 -0.22897
-0.155444 -0.737370 -0.204207 -0.05144 -0.97557 -0.21357
-0.859430 -0.418489 -0.531157 -0.34057 -0.66293 -0.66673
-0.737696 -0.531429 -0.455921 -0.27587 -0.79496 -0.54031
-0.886536 -0.458823 -0.471560 -0.35165 -0.72663 -0.59021
-0.767550 -0.432612 -0.560547 -0.29644 -0.66723 -0.68332
-0.488053 -0.671764 -0.301633 -0.16848 -0.92874 -0.33024
-0.611193 -0.613657 -0.377738 -0.21829 -0.87723 -0.42757
-0.550602 -0.667907 -0.277429 -0.19241 -0.93235 -0.30609
-0.473814 -0.648787 -0.365675 -0.16475 -0.90095 -0.40143
-0.918855 -0.530290 -0.338291 -0.36128 -0.83279 -0.41944
-0.752218 -0.564253 -0.394335 -0.28041 -0.84038 -0.46382
-0.906719 -0.496528 -0.406604 -0.35843 -0.78364 -0.50738
-0.840200 -0.579665 -0.298090 -0.31868 -0.87808 -0.35696
-0.819914 -0.516035 -0.433303 -0.31474 -0.79082 -0.52492
-0.595756 -0.453057 -0.604484 -0.22081 -0.67116 -0.70766
-0.653394 -0.539038 -0.484417 -0.23998 -0.79151 -0.56207
-0.679103 -0.444040 -0.584824 -0.25652 -0.66961 -0.69700
-0.543306 -0.504747 -0.567137 -0.19755 -0.73307 -0.65084
-0.711354 -0.489949 -0.523031 -0.26778 -0.73628 -0.62144
-0.683965 -0.653203 -0.222391 -0.24553 -0.93609 -0.25189
-0.682291 -0.606086 -0.353942 -0.24808 -0.87955 -0.40601
-0.616210 -0.661835 -0.250926 -0.21786 -0.93489 -0.28023
-0.761023 -0.620372 -0.259125 -0.28003 -0.91156 -0.30108
-0.615816 -0.639766 -0.315393 -0.21904 -0.90917 -0.35418
-0.759232 -0.594572 -0.328146 -0.28127 -0.87960 -0.38366
-0.437260 -0.589786 -0.486563 -0.15370 -0.82747 -0.54007
-0.591553 -0.583012 -0.443366 -0.21287 -0.83722 -0.50374
-0.456752 -0.621211 -0.427862 -0.15963 -0.86707 -0.47192
-0.489896 -0.550451 -0.527321 -0.17497 -0.78494 -0.59435
-0.532640 -0.618506 -0.404418 -0.18808 -0.87254 -0.45088
-0.569987 -0.546036 -0.507283 -0.20612 -0.78869 -0.57920
-0.051692 -0.675926 0.398001 -0.01743 -0.90629 0.42229
-0.155431 -0.686598 0.364971 -0.05223 -0.92052 0.38720
-0.084406 -0.655560 0.437398 -0.02850 -0.88420 0.46624
-0.051408 -0.697445 0.347865 -0.01719 -0.93022 0.36661
-0.371468 -0.694884 0.287574 -0.12617 -0.94277 0.30865
-0.261340 -0.693076 0.328521 -0.08806 -0.93270 0.34974
-0.151734 -0.606983 0.513719 -0.05201 -0.83005 0.55526
-0.190415 -0.666501 0.404712 -0.06438 -0.89969 0.43175
-0.117999 -0.632500 0.476190 -0.04007 -0.85873 0.51085
-0.137390 -0.661591 0.421360 -0.04634 -0.89227 0.44913
-0.051038 -0.731231 0.244809 -0.01699 -0.96665 0.25554
-0.154813 -0.706547 0.313193 -0.05178 -0.94255 0.33002
-0.051247 -0.715968 0.296447 -0.01704 -0.95026 0.31099
-0.103208 -0.702527 0.330867 -0.03442 -0.93663 0.34861
-0.887633 -0.619837 0.044035 -0.33704 -0.94005 0.05204
-0.745846 -0.657268 0.121326 -0.27060 -0.95270 0.13837
-0.907034 -0.605186 0.116785 -0.34786 -0.92681 0.14150
-0.819870 -0.643939 0.000000 -0.30366 -0.95278 -0.00000
-0.487842 -0.690963 0.240699 -0.16793 -0.95052 0.26138
-0.612280 -0.679436 0.186045 -0.21528 -0.95454 0.20619
-0.923524 -0.560781 0.263846 -0.36049 -0.87412 0.32552
-0.757435 -0.641054 0.189344 -0.27671 -0.93573 0.21875
-0.919165 -0.585406 0.190880 -0.35584 -0.90498 0.23320
-0.830754 -0.625449 0.154985 -0.31033 -0.93290 0.18275
-0.686396 -0.678315 -0.078008 -0.24447 -0.96568 -0.08777
-0.686396 -0.678315 0.078008 -0.24447 -0.96568 0.08777
-0.752126 -0.663299 -0.040791 -0.27281 -0.96094 -0.04664
-0.752126 -0.663299 0.040791 -0.27281 -0.96094 0.04664
-0.293012 -0.474103 0.652564 -0.10475 -0.67272 0.73244
-0.342985 -0.554962 0.557200 -0.12083 -0.77742 0.61727
-0.257789 -0.511622 0.620622 -0.09064 -0.71896 0.68912
-0.363249 -0.470671 0.644484 -0.13006 -0.67292 0.72819
-0.416534 -0.673967 0.328179 -0.14323 -0.92365 0.35546
-0.384495 -0.622126 0.448174 -0.13361 -0.86119 0.49041
-0.358557 -0.674089 0.348872 -0.12225 -0.91862 0.37576
-0.187781 -0.577521 0.551546 -0.06474 -0.79668 0.60092
-0.304541 -0.587061 0.521492 -0.10559 -0.81405 0.57111
-0.222433 -0.546239 0.586683 -0.07748 -0.76009 0.64518
-0.208499 -0.612341 0.499169 -0.07149 -0.83852 0.54017
-0.282267 -0.551137 0.572572 -0.09855 -0.76910 0.63149
-0.512496 -0.460565 0.621221 -0.18740 -0.67211 0.71635
-0.414203 -0.552644 0.544665 -0.14663 -0.78053 0.60768
-0.436722 -0.466211 0.634075 -0.15770 -0.67261 0.72299
-0.389916 -0.513540 0.596327 -0.13870 -0.72955 0.66972
-0.246768 -0.670263 0.386823 -0.08343 -0.90663 0.41361
-0.325300 -0.620530 0.465471 -0.11199 -0.85472 0.50686
-0.301716 -0.672820 0.368443 -0.10247 -0.91291 0.39509
-0.228274 -0.643416 0.443901 -0.07774 -0.87529 0.47732
-0.343058 -0.649149 0.408559 -0.11758 -0.88918 0.44219
-0.266619 -0.616876 0.483090 -0.09157 -0.84675 0.52404
-0.051041 -0.762408 0.031545 -0.01720 -0.99935 0.03177
-0.154130 -0.754715 0.095258 -0.05123 -0.99384 0.09827
-0.051073 -0.759216 0.084512 -0.01679 -0.99601 0.08767
-0.102614 -0.761624 0.000000 -0.03372 -0.99943 0.00000
-0.371071 -0.711846 0.229334 -0.12584 -0.96153 0.24418
-0.260202 -0.738474 0.160814 -0.08698 -0.98189 0.16829
-0.316108 -0.712419 0.252014 -0.10631 -0.95761 0.26772
-0.051229 -0.743923 0.190341 -0.01697 -0.97997 0.19841
-0.154300 -0.747772 0.149198 -0.05101 -0.98648 0.15573
-0.051101 -0.753027 0.137792 -0.01683 -0.98957 0.14305
-0.102794 -0.734935 0.224810 -0.03402 -0.97144 0.23483
-0.102657 -0.754519 0.116749 -0.03376 -0.99204 0.12131
-0.208418 -0.754063 -0.063974 -0.06895 -0.99538 -0.06676
-0.208418 -0.754063 0.063974 -0.06895 -0.99538 0.06676
-0.155335 -0.758857 -0.031980 -0.05110 -0.99814 -0.03318
-0.155335 -0.758857 0.031980 -0.05110 -0.99814 0.03318
-0.209066 -0.709785 0.293324 -0.06982 -0.94826 0.30972
-0.208383 -0.738429 0.183379 -0.06905 -0.97894 0.19213
-0.261880 -0.711674 0.273444 -0.08780 -0.95318 0.28939
-0.155574 -0.723563 0.259260 -0.05168 -0.96090 0.27203
-0.261537 -0.726871 0.217161 -0.08732 -0.96951 0.22897
-0.155444 -0.737370 0.204207 -0.05144 -0.97557 0.21357
-0.859430 -0.418489 0.531157 -0.34057 -0.66293 0.66673
-0.737696 -0.531429 0.455921 -0.27587 -0.79496 0.54031
-0.886536 -0.458823 0.471560 -0.35165 -0.72663 0.59021
-0.767550 -0.432612 0.560547 -0.29644 -0.66723 0.68332
-0.488053 -0.671764 0.301633 -0.16848 -0.92874 0.33024
-0.611193 -0.613657 0.377738 -0.21829 -0.87723 0.42757
-0.550602 -0.667907 0.277429 -0.19241 -0.93235 0.30609
-0.473814 -0.648787 0.365675 -0.16475 -0.90095 0.40143
-0.918855 -0.530290 0.338291 -0.36128 -0.83279 0.41944
-0.752218 -0.564253 0.394335 -0.28041 -0.84038 0.46382
-0.906719 -0.496528 0.406604 -0.35843 -0.78364 0.50738
-0.840200 -0.579665 0.298090 -0.31868 -0.87808 0.35696
-0.819914 -0.516035 0.433303 -0.31474 -0.79082 0.52492
-0.595756 -0.453057 0.604484 -0.22081 -0.67116 0.70766
-0.653394 -0.539038 0.484417 -0.23998 -0.79151 0.56207
-0.679103 -0.444040 0.584824 -0.25652 -0.66961 0.69700
-0.543306 -0.504747 0.567137 -0.19755 -0.73307 0.65084
-0.711354 -0.489949 0.523031 -0.26778 -0.73628 0.62144
-0.683965 -0.653203 0.222391 -0.24553 -0.93609 0.25189
-0.682291 -0.606086 0.353942 -0.24808 -0.87955 0.40601
-0.616210 -0.661835 0.250926 -0.21786 -0.93489 0.28023
-0.761023 -0.620372 0.259125 -0.28003 -0.91156 0.30108
-0.615816 -0.639766 0.315393 -0.21904 -0.90917 0.35418
-0.759232 -0.594572 0.328146 -0.28127 -0.87960 0.38366
-0.437260 -0.589786 0.486563 -0.15370 -0.82747 0.54007
-0.591553 -0.583012 0.443366 -0.21287 -0.83722 0.50374
-0.456752 -0.621211 0.427862 -0.15963 -0.86707 0.47192
-0.489896 -0.550451 0.527321 -0.17497 -0.78494 0.59435
-0.532640 -0.618506 0.404418 -0.18808 -0.87254 0.45088
-0.569987 -0.546036 0.507283 -0.20612 -0.78869 0.57920
-0.438331 -0.709234 -0.200167 -0.14893 -0.96513 -0.21529
-0.449361 -0.727081 -0.067269 -0.15209 -0.98573 -0.07210
-0.496650 -0.705151 -0.173559 -0.17053 -0.96723 -0.18810
-0.379027 -0.724689 -0.165397 -0.12775 -0.97607 -0.17597
-0.438331 -0.709234 0.200167 -0.14893 -0.96513 0.21529
-0.449361 -0.727081 0.067269 -0.15209 -0.98573 0.07210
-0.496650 -0.705151 0.173559 -0.17053 -0.96723 0.18810
-0.379027 -0.724689 0.165397 -0.12775 -0.97607 0.17597
-0.619358 -0.690413 -0.113242 -0.21749 -0.96799 -0.12530
-0.505626 -0.719567 -0.035801 -0.17321 -0.98413 -0.03847
-0.557339 -0.698956 -0.144541 -0.19322 -0.96831 -0.15826
-0.624609 -0.695719 -0.038063 -0.21903 -0.97481 -0.04208
-0.502632 -0.714750 -0.104795 -0.17225 -0.97850 -0.11345
-0.265361 -0.746662 -0.098051 -0.08801 -0.99082 -0.10258
-0.387092 -0.737771 -0.034438 -0.12999 -0.99085 -0.03622
-0.321078 -0.737115 -0.131162 -0.10737 -0.98453 -0.13845
-0.266518 -0.751058 -0.032943 -0.08845 -0.99548 -0.03444
-0.384392 -0.733405 -0.099880 -0.12931 -0.98590 -0.10617
-0.619358 -0.690413 0.113242 -0.21749 -0.96799 0.12530
-0.505626 -0.719567 0.035801 -0.17321 -0.98413 0.03847
-0.557339 -0.698956 0.144541 -0.19322 -0.96831 0.15826
-0.624609 -0.695719 0.038063 -0.21903 -0.97481 0.04208
-0.502632 -0.714750 0.104795 -0.17225 -0.97850 0.11345
-0.563925 -0.709366 0.000000 -0.19518 -0.98077 0.00000
-0.265361 -0.746662 0.098051 -0.08801 -0.99082 0.10258
-0.387092 -0.737771 0.034438 -0.12999 -0.99085 0.03622
-0.321078 -0.737115 0.131162 -0.10737 -0.98453 0.13845
-0.266518 -0.751058 0.032943 -0.08845 -0.99548 0.03444
-0.384392 -0.733405 0.099880 -0.12931 -0.98590 0.10617
-0.326389 -0.745702 0.000000 -0.10888 -0.99406 0.00000
-0.557415 0.039600 0.798241 -0.21614 0.05983 0.97453
-0.669113 0.123513 0.759288 -0.26435 0.19316 0.94489
-0.531580 0.102581 0.796716 -0.20423 0.15749 0.96617
-0.616962 0.000000 0.785523 -0.24147 0.00000 0.97041
-0.872636 0.303986 0.616109 -0.35628 0.49420 0.79299
-0.776416 0.212600 0.699674 -0.31229 0.34004 0.88704
-0.472115 0.222128 0.777504 -0.17805 0.33496 0.92526
-0.636060 0.187869 0.751535 -0.24776 0.29260 0.92358
-0.502877 0.163970 0.789584 -0.19155 0.24935 0.94928
-0.584539 0.144847 0.776414 -0.22608 0.22373 0.94807
-0.737171 -0.084776 0.745954 -0.29616 -0.13597 0.94541
-0.737171 0.084776 0.745954 -0.29616 0.13597 0.94541
-0.677445 -0.041661 0.768166 -0.26845 -0.06584 0.96104
-0.677445 0.041661 0.768166 -0.26845 0.06584 0.96104
-0.984388 0.579630 0.075282 -0.38988 0.91608 0.09374
-1.008385 0.536022 0.228277 -0.40763 0.86549 0.29114
-0.948967 0.392725 0.507294 -0.38960 0.64468 0.65772
-0.996314 0.472257 0.375683 -0.40805 0.77299 0.48578
-0.334968 0.425150 0.687908 -0.12055 0.61279 0.78100
-0.481964 0.413484 0.669032 -0.17687 0.60765 0.77426
-0.370013 0.380285 0.714937 -0.13479 0.55324 0.82205
-0.819022 0.367755 0.595040 -0.32498 0.58417 0.74373
-0.642244 0.395334 0.639664 -0.24306 0.59899 0.76298
-0.779299 0.323698 0.642430 -0.30828 0.51131 0.80220
-0.438590 0.279792 0.759962 -0.16368 0.41636 0.89435
-0.521496 0.364453 0.695217 -0.19437 0.54213 0.81750
-0.404835 0.331518 0.739277 -0.14917 0.48808 0.85996
-0.517667 0.266207 0.750336 -0.19558 0.40164 0.89467
-0.444459 0.373203 0.706190 -0.16346 0.54837 0.82011
-0.687671 0.234127 0.720057 -0.26929 0.36620 0.89072
-0.604932 0.353268 0.680992 -0.22890 0.53406 0.81387
-0.734981 0.278659 0.684314 -0.28956 0.43846 0.85083
-0.600955 0.251015 0.737204 -0.23074 0.38501 0.89360
-0.689664 0.339992 0.663846 -0.26630 0.52412 0.80894
-0.562299 0.310334 0.718021 -0.21269 0.46870 0.85737
-0.960623 -0.271116 0.593698 -0.40686 -0.45769 0.79056
-1.019742 -0.094346 0.630235 -0.45111 -0.16638 0.87682
-0.910733 -0.224159 0.641445 -0.38054 -0.37371 0.84589
-0.960623 0.271116 0.593698 -0.40686 0.45769 0.79056
-1.019742 0.094346 0.630235 -0.45111 0.16638 0.87682
-0.910733 0.224159 0.641445 -0.38054 0.37371 0.84589
-0.798998 -0.131052 0.716767 -0.32523 -0.21264 0.92142
-0.952250 -0.047378 0.669128 -0.40956 -0.08083 0.90869
-0.856053 -0.177028 0.682606 -0.35330 -0.29159 0.88891
-0.809217 -0.044273 0.726506 -0.33200 -0.07239 0.94050
-0.938032 -0.137532 0.659650 -0.39941 -0.23381 0.88645
-0.798998 0.131052 0.716767 -0.32523 0.21264 0.92142
-0.952250 0.047378 0.669128 -0.40956 0.08083 0.90869
-0.856053 0.177028 0.682606 -0.35330 0.29159 0.88891
-0.809217 0.044273 0.726506 -0.33200 0.07239 0.94050
-0.938032 0.137532 0.659650 -0.39941 0.23381 0.88645
-0.881829 0.000000 0.701028 -0.37025 0.00000 0.92893
-0.557415 0.039600 -0.798241 -0.21614 0.05983 -0.97453
-0.669113 0.123513 -0.759288 -0.26435 0.19316 -0.94489
-0.531580 0.102581 -0.796716 -0.20423 0.15749 -0.96617
-0.616962 0.000000 -0.785523 -0.24147 -0.00000 -0.97041
-0.872636 0.303986 -0.616109 -0.35628 0.49420 -0.79299
-0.776416 0.212600 -0.699674 -0.31229 0.34004 -0.88704
-0.472115 0.222128 -0.777504 -0.17805 0.33496 -0.92526
-0.636060 0.187869 -0.751535 -0.24776 0.29260 -0.92358
-0.502877 0.163970 -0.789584 -0.19155 0.24935 -0.94928
-0.584539 0.144847 -0.776414 -0.22608 0.22373 -0.94807
-0.737171 -0.084776 -0.745954 -0.29616 -0.13597 -0.94541
-0.737171 0.084776 -0.745954 -0.29616 0.13597 -0.94541
-0.677445 -0.041661 -0.768166 -0.26845 -0.06584 -0.96104
-0.677445 0.041661 -0.768166 -0.26845 0.06584 -0.96104
-0.984388 0.579630 -0.075282 -0.38988 0.91608 -0.09374
-1.008385 0.536022 -0.228277 -0.40763 0.86549 -0.29114
-0.948967 0.392725 -0.507294 -0.38960 0.64468 -0.65772
-0.996314 0.472257 -0.375683 -0.40805 0.77299 -0.48578
-0.334968 0.425150 -0.687908 -0.12055 0.61279 -0.78100
-0.481964 0.413484 -0.669032 -0.17687 0.60765 -0.77426
-0.370013 0.380285 -0.714937 -0.13479 0.55324 -0.82205
-0.819022 0.367755 -0.595040 -0.32498 0.58417 -0.74373
-0.642244 0.395334 -0.639664 -0.24306 0.59899 -0.76298
-0.779299 0.323698 -0.642430 -0.30828 0.51131 -0.80220
-0.438590 0.279792 -0.759962 -0.16368 0.41636 -0.89435
-0.521496 0.364453 -0.695217 -0.19437 0.54213 -0.81750
-0.404835 0.331518 -0.739277 -0.14917 0.48808 -0.85996
-0.517667 0.266207 -0.750336 -0.19558 0.40164 -0.89467
-0.444459 0.373203 -0.706190 -0.16346 0.54837 -0.82011
-0.687671 0.234127 -0.720057 -0.26929 0.36620 -0.89072
-0.604932 0.353268 -0.680992 -0.22890 0.53406 -0.81387
-0.734981 0.278659 -0.684314 -0.28956 0.43846 -0.85083
-0.600955 0.251015 -0.737204 -0.23074 0.38501 -0.89360
-0.689664 0.339992 -0.663846 -0.26630 0.52412 -0.80894
-0.562299 0.310334 -0.718021 -0.21269 0.46870 -0.85737
-0.960623 -0.271116 -0.593698 -0.40686 -0.45769 -0.79056
-1.019742 -0.094346 -0.630235 -0.45111 -0.16638 -0.87682
-0.910733 -0.224159 -0.641445 -0.38054 -0.37371 -0.84589
-0.960623 0.271116 -0.593698 -0.40686 0.45769 -0.79056
-1.019742 0.094346 -0.630235 -0.45111 0.16638 -0.87682
-0.910733 0.224159 -0.641445 -0.38054 0.37371 -0.84589
-0.798998 -0.131052 -0.716767 -0.32523 -0.21264 -0.92142
-0.952250 -0.047378 -0.669128 -0.40956 -0.08083 -0.90869
-0.856053 -0.177028 -0.682606 -0.35330 -0.29159 -0.88891
-0.809217 -0.044273 -0.726506 -0.33200 -0.07239 -0.94050
-0.938032 -0.137532 -0.659650 -0.39941 -0.23381 -0.88645
-0.798998 0.131052 -0.716767 -0.32523 0.21264 -0.92142
-0.952250 0.047378 -0.669128 -0.40956 0.08083 -0.90869
-0.856053 0.177028 -0.682606 -0.35330 0.29159 -0.88891
-0.809217 0.044273 -0.726506 -0.33200 0.07239 -0.94050
-0.938032 0.137532 -0.659650 -0.39941 0.23381 -0.88645
-0.881829 0.000000 -0.701028 -0.37025 0.00000 -0.92893
-0.051692 0.675926 -0.398001 -0.01743 0.90629 -0.42229
-0.155431 0.686598 -0.364971 -0.05223 0.92052 -0.38720
-0.084406 0.655560 -0.437398 -0.02850 0.88420 -0.46624
-0.051408 0.697445 -0.347865 -0.01719 0.93022 -0.36661
-0.371468 0.694884 -0.287574 -0.12617 0.94277 -0.30865
-0.261340 0.693076 -0.328521 -0.08806 0.93270 -0.34974
-0.151734 0.606983 -0.513719 -0.05201 0.83005 -0.55526
-0.190415 0.666501 -0.404712 -0.06438 0.89969 -0.43175
-0.117999 0.632500 -0.476190 -0.04007 0.85873 -0.51085
-0.137390 0.661591 -0.421360 -0.04634 0.89227 -0.44913
-0.051038 0.731231 -0.244809 -0.01699 0.96665 -0.25554
-0.154813 0.706547 -0.313193 -0.05178 0.94255 -0.33002
-0.051247 0.715968 -0.296447 -0.01704 0.95026 -0.31099
-0.103208 0.702527 -0.330867 -0.03442 0.93663 -0.34861
-0.887633 0.619837 -0.044035 -0.33704 0.94005 -0.05204
-0.745846 0.657268 -0.121326 -0.27060 0.95270 -0.13837
-0.907034 0.605186 -0.116785 -0.34786 0.92681 -0.14150
-0.487842 0.690963 -0.240699 -0.16793 0.95052 -0.26138
-0.612280 0.679436 -0.186045 -0.21528 0.95454 -0.20619
-0.923524 0.560781 -0.263846 -0.36049 0.87412 -0.32552
-0.757435 0.641054 -0.189344 -0.27671 0.93573 -0.21875
-0.919165 0.585406 -0.190880 -0.35584 0.90498 -0.23320
-0.830754 0.625449 -0.154985 -0.31033 0.93290 -0.18275
-0.293012 0.474103 -0.652564 -0.10475 0.67272 -0.73244
-0.342985 0.554962 -0.557200 -0.12083 0.77742 -0.61727
-0.257789 0.511622 -0.620622 -0.09064 0.71896 -0.68912
-0.363249 0.470671 -0.644484 -0.13006 0.67292 -0.72819
-0.416534 0.673967 -0.328179 -0.14323 0.92365 -0.35546
-0.384495 0.622126 -0.448174 -0.13361 0.86119 -0.49041
-0.358557 0.674089 -0.348872 -0.12225 0.91862 -0.37576
-0.187781 0.577521 -0.551546 -0.06474 0.79668 -0.60092
-0.304541 0.587061 -0.521492 -0.10559 0.81405 -0.57111
-0.222433 0.546239 -0.586683 -0.07748 0.76009 -0.64518
-0.208499 0.612341 -0.499169 -0.07149 0.83852 -0.54017
-0.282267 0.551137 -0.572572 -0.09855 0.76910 -0.63149
-0.512496 0.460565 -0.621221 -0.18740 0.67211 -0.71635
-0.414203 0.552644 -0.544665 -0.14663 0.78053 -0.60768
-0.436722 0.466211 -0.634075 -0.15770 0.67261 -0.72299
-0.389916 0.513540 -0.596327 -0.13870 0.72955 -0.66972
-0.246768 0.670263 -0.386823 -0.08343 0.90663 -0.41361
-0.325300 0.620530 -0.465471 -0.11199 0.85472 -0.50686
-0.301716 0.672820 -0.368443 -0.10247 0.91291 -0.39509
-0.228274 0.643416 -0.443901 -0.07774 0.87529 -0.47732
-0.343058 0.649149 -0.408559 -0.11758 0.88918 -0.44219
-0.266619 0.616876 -0.483090 -0.09157 0.84675 -0.52404
-0.051041 0.762408 -0.031545 -0.01720 0.99935 -0.03177
-0.154130 0.754715 -0.095258 -0.05123 0.99384 -0.09827
-0.051073 0.759216 -0.084512 -0.01679 0.99601 -0.08767
-0.371071 0.711846 -0.229334 -0.12584 0.96153 -0.24418
-0.260202 0.738474 -0.160814 -0.08698 0.98189 -0.16829
-0.316108 0.712419 -0.252014 -0.10631 0.95761 -0.26772
-0.051229 0.743923 -0.190341 -0.01697 0.97997 -0.19841
-0.154300 0.747772 -0.149198 -0.05101 0.98648 -0.15573
-0.051101 0.753027 -0.137792 -0.01683 0.98957 -0.14305
-0.102794 0.734935 -0.224810 -0.03402 0.97144 -0.23483
-0.102657 0.754519 -0.116749 -0.03376 0.99204 -0.12131
-0.209066 0.709785 -0.293324 -0.06982 0.94826 -0.30972
-0.208383 0.738429 -0.183379 -0.06905 0.97894 -0.19213
-0.261880 0.711674 -0.273444 -0.08780 0.95318 -0.28939
-0.155574 0.723563 -0.259260 -0.05168 0.96090 -0.27203
-0.261537 0.726871 -0.217161 -0.08732 0.96951 -0.22897
-0.155444 0.737370 -0.204207 -0.05144 0.97557 -0.21357
-0.859430 0.418489 -0.531157 -0.34057 0.66293 -0.66673
-0.737696 0.531429 -0.455921 -0.27587 0.79496 -0.54031
-0.886536 0.458823 -0.471560 -0.35165 0.72663 -0.59021
-0.767550 0.432612 -0.560547 -0.29644 0.66723 -0.68332
-0.488053 0.671764 -0.301633 -0.16848 0.92874 -0.33024
-0.611193 0.613657 -0.377738 -0.21829 0.87723 -0.42757
-0.550602 0.667907 -0.277429 -0.19241 0.93235 -0.30609
-0.473814 0.648787 -0.365675 -0.16475 0.90095 -0.40143
-0.918855 0.530290 -0.338291 -0.36128 0.83279 -0.41944
-0.752218 0.564253 -0.394335 -0.28041 0.84038 -0.46382
-0.906719 0.496528 -0.406604 -0.35843 0.78364 -0.50738
-0.840200 0.579665 -0.298090 -0.31868 0.87808 -0.35696
-0.819914 0.516035 -0.433303 -0.31474 0.79082 -0.52492
-0.595756 0.453057 -0.604484 -0.22081 0.67116 -0.70766
-0.653394 0.539038 -0.484417 -0.23998 0.79151 -0.56207
-0.679103 0.444040 -0.584824 -0.25652 0.66961 -0.69700
-0.543306 0.504747 -0.567137 -0.19755 0.73307 -0.65084
-0.711354 0.489949 -0.523031 -0.26778 0.73628 -0.62144
-0.683965 0.653203 -0.222391 -0.24553 0.93609 -0.25189
-0.682291 0.606086 -0.353942 -0.24808 0.87955 -0.40601
-0.616210 0.661835 -0.250926 -0.21786 0.93489 -0.28023
-0.761023 0.620372 -0.259125 -0.28003 0.91156 -0.30108
-0.615816 0.639766 -0.315393 -0.21904 0.90917 -0.35418
-0.759232 0.594572 -0.328146 -0.28127 0.87960 -0.38366
-0.437260 0.589786 -0.486563 -0.15370 0.82747 -0.54007
-0.591553 0.583012 -0.443366 -0.21287 0.83722 -0.50374
-0.456752 0.621211 -0.427862 -0.15963 0.86707 -0.47192
-0.489896 0.550451 -0.527321 -0.17497 0.78494 -0.59435
-0.532640 0.618506 -0.404418 -0.18808 0.87254 -0.45088
-0.569987 0.546036 -0.507283 -0.20612 0.78869 -0.57920
-0.051692 0.675926 0.398001 -0.01743 0.90629 0.42229
-0.155431 0.686598 0.364971 -0.05223 0.92052 0.38720
-0.084406 0.655560 0.437398 -0.02850 0.88420 0.46624
-0.051408 0.697445 0.347865 -0.01719 0.93022 0.36661
-0.371468 0.694884 0.287574 -0.12617 0.94277 0.30865
-0.261340 0.693076 0.328521 -0.08806 0.93270 0.34974
-0.151734 0.606983 0.513719 -0.05201 0.83005 0.55526
-0.190415 0.666501 0.404712 -0.06438 0.89969 0.43175
-0.117999 0.632500 0.476190 -0.04007 0.85873 0.51085
-0.137390 0.661591 0.421360 -0.04634 0.89227 0.44913
-0.051038 0.731231 0.244809 -0.01699 0.96665 0.25554
-0.154813 0.706547 0.313193 -0.05178 0.94255 0.33002
-0.051247 0.715968 0.296447 -0.01704 0.95026 0.31099
-0.103208 0.702527 0.330867 -0.03442 0.93663 0.34861
-0.887633 0.619837 0.044035 -0.33704 0.94005 0.05204
-0.745846 0.657268 0.121326 -0.27060 0.95270 0.13837
-0.907034 0.605186 0.116785 -0.34786 0.92681 0.14150
-0.819870 0.643939 0.000000 -0.30366 0.95278 -0.00000
-0.487842 0.690963 0.240699 -0.16793 0.95052 0.26138
-0.612280 0.679436 0.186045 -0.21528 0.95454 0.20619
-0.923524 0.560781 0.263846 -0.36049 0.87412 0.32552
-0.757435 0.641054 0.189344 -0.27671 0.93573 0.21875
-0.919165 0.585406 0.190880 -0.35584 0.90498 0.23320
-0.830754 0.625449 0.154985 -0.31033 0.93290 0.18275
-0.686396 0.678315 -0.078008 -0.24447 0.96568 -0.08777
-0.686396 0.678315 0.078008 -0.24447 0.96568 0.08777
-0.752126 0.663299 -0.040791 -0.27281 0.96094 -0.04664
-0.752126 0.663299 0.040791 -0.27281 0.96094 0.04664
-0.293012 0.474103 0.652564 -0.10475 0.67272 0.73244
-0.342985 0.554962 0.557200 -0.12083 0.77742 0.61727
-0.257789 0.511622 0.620622 -0.09064 0.71896 0.68912
-0.363249 0.470671 0.644484 -0.13006 0.67292 0.72819
-0.416534 0.673967 0.328179 -0.14323 0.92365 0.35546
-0.384495 0.622126 0.448174 -0.13361 0.86119 0.49041
-0.358557 0.674089 0.348872 -0.12225 0.91862 0.37576
-0.187781 0.577521 0.551546 -0.06474 0.79668 0.60092
-0.304541 0.587061 0.521492 -0.10559 0.81405 0.57111
-0.222433 0.546239 0.586683 -0.07748 0.76009 0.64518
-0.208499 0.612341 0.499169 -0.07149 0.83852 0.54017
-0.282267 0.551137 0.572572 -0.09855 0.76910 0.63149
-0.512496 0.460565 0.621221 -0.18740 0.67211 0.71635
-0.414203 0.552644 0.544665 -0.14663 0.78053 0.60768
-0.436722 0.466211 0.634075 -0.15770 0.67261 0.72299
-0.389916 0.513540 0.596327 -0.13870 0.72955 0.66972
-0.246768 0.670263 0.386823 -0.08343 0.90663 0.41361
-0.325300 0.620530 0.465471 -0.11199 0.85472 0.50686
-0.301716 0.672820 0.368443 -0.10247 0.91291 0.39509
-0.228274 0.643416 0.443901 -0.07774 0.87529 0.47732
-0.343058 0.649149 0.408559 -0.11758 0.88918 0.44219
-0.266619 0.616876 0.483090 -0.09157 0.84675 0.52404
-0.051041 0.762408 0.031545 -0.01720 0.99935 0.03177
-0.154130 0.754715 0.095258 -0.05123 0.99384 0.09827
-0.051073 0.759216 0.084512 -0.01679 0.99601 0.08767
-0.102614 0.761624 0.000000 -0.03372 0.99943 -0.00000
-0.371071 0.711846 0.229334 -0.12584 0.96153 0.24418
-0.260202 0.738474 0.160814 -0.08698 0.98189 0.16829
-0.316108 0.712419 0.252014 -0.10631 0.95761 0.26772
-0.051229 0.743923 0.190341 -0.01697 0.97997 0.19841
-0.154300 0.747772 0.149198 -0.05101 0.98648 0.15573
-0.051101 0.753027 0.137792 -0.01683 0.98957 0.14305
-0.102794 0.734935 0.224810 -0.03402 0.97144 0.23483
-0.102657 0.754519 0.116749 -0.03376 0.99204 0.12131
-0.208418 0.754063 -0.063974 -0.06895 0.99538 -0.06676
-0.208418 0.754063 0.063974 -0.06895 0.99538 0.06676
-0.155335 0.758857 -0.031980 -0.05110 0.99814 -0.03318
-0.155335 0.758857 0.031980 -0.05110 0.99814 0.03318
-0.209066 0.709785 0.293324 -0.06982 0.94826 0.30972
-0.208383 0.738429 0.183379 -0.06905 0.97894 0.19213
-0.261880 0.711674 0.273444 -0.08780 0.95318 0.28939
-0.155574 0.723563 0.259260 -0.05168 0.96090 0.27203
-0.261537 0.726871 0.217161 -0.08732 0.96951 0.22897
-0.155444 0.737370 0.204207 -0.05144 0.97557 0.21357
-0.859430 0.418489 0.531157 -0.34057 0.66293 0.66673
-0.737696 0.531429 0.455921 -0.27587 0.79496 0.54031
-0.886536 0.458823 0.471560 -0.35165 0.72663 0.59021
-0.767550 0.432612 0.560547 -0.29644 0.66723 0.68332
-0.488053 0.671764 0.301633 -0.16848 0.92874 0.33024
-0.611193 0.613657 0.377738 -0.21829 0.87723 0.42757
-0.550602 0.667907 0.277429 -0.19241 0.93235 0.30609
-0.473814 0.648787 0.365675 -0.16475 0.90095 0.40143
-0.918855 0.530290 0.338291 -0.36128 0.83279 0.41944
-0.752218 0.564253 0.394335 -0.28041 0.84038 0.46382
-0.906719 0.496528 0.406604 -0.35843 0.78364 0.50738
-0.840200 0.579665 0.298090 -0.31868 0.87808 0.35696
-0.819914 0.516035 0.433303 -0.31474 0.79082 0.52492
-0.595756 0.453057 0.604484 -0.22081 0.67116 0.70766
-0.653394 0.539038 0.484417 -0.23998 0.79151 0.56207
-0.679103 0.444040 0.584824 -0.25652 0.66961 0.69700
-0.543306 0.504747 0.567137 -0.19755 0.73307 0.65084
-0.711354 0.489949 0.523031 -0.26778 0.73628 0.62144
-0.683965 0.653203 0.222391 -0.24553 0.93609 0.25189
-0.682291 0.606086 0.353942 -0.24808 0.87955 0.40601
-0.616210 0.661835 0.250926 -0.21786 0.93489 0.28023
-0.761023 0.620372 0.259125 -0.28003 0.91156 0.30108
-0.615816 0.639766 0.315393 -0.21904 0.90917 0.35418
-0.759232 0.594572 0.328146 -0.28127 0.87960 0.38366
-0.437260 0.589786 0.486563 -0.15370 0.82747 0.54007
-0.591553 0.583012 0.443366 -0.21287 0.83722 0.50374
-0.456752 0.621211 0.427862 -0.15963 0.86707 0.47192
-0.489896 0.550451 0.527321 -0.17497 0.78494 0.59435
-0.532640 0.618506 0.404418 -0.18808 0.87254 0.45088
-0.569987 0.546036 0.507283 -0.20612 0.78869 0.57920
-0.438331 0.709234 -0.200167 -0.14893 0.96513 -0.21529
-0.449361 0.727081 -0.067269 -0.15209 0.98573 -0.07210
-0.496650 0.705151 -0.173559 -0.17053 0.96723 -0.18810
-0.379027 0.724689 -0.165397 -0.12775 0.97607 -0.17597
-0.438331 0.709234 0.200167 -0.14893 0.96513 0.21529
-0.449361 0.727081 0.067269 -0.15209 0.98573 0.07210
-0.496650 0.705151 0.173559 -0.17053 0.96723 0.18810
-0.379027 0.724689 0.165397 -0.12775 0.97607 0.17597
-0.619358 0.690413 -0.113242 -0.21749 0.96799 -0.12530
-0.505626 0.719567 -0.035801 -0.17321 0.98413 -0.03847
-0.557339 0.698956 -0.144541 -0.19322 0.96831 -0.15826
-0.624609 0.695719 -0.038063 -0.21903 0.97481 -0.04208
-0.502632 0.714750 -0.104795 -0.17225 0.97850 -0.11345
-0.265361 0.746662 -0.098051 -0.08801 0.99082 -0.10258
-0.387092 0.737771 -0.034438 -0.12999 0.99085 -0.03622
-0.321078 0.737115 -0.131162 -0.10737 0.98453 -0.13845
-0.266518 0.751058 -0.032943 -0.08845 0.99548 -0.03444
-0.384392 0.733405 -0.099880 -0.12931 0.98590 -0.10617
-0.619358 0.690413 0.113242 -0.21749 0.96799 0.12530
-0.505626 0.719567 0.035801 -0.17321 0.98413 0.03847
-0.557339 0.698956 0.144541 -0.19322 0.96831 0.15826
-0.624609 0.695719 0.038063 -0.21903 0.97481 0.04208
-0.502632 0.714750 0.104795 -0.17225 0.97850 0.11345
-0.563925 0.709366 0.000000 -0.19518 0.98077 0.00000
-0.265361 0.746662 0.098051 -0.08801 0.99082 0.10258
-0.387092 0.737771 0.034438 -0.12999 0.99085 0.03622
-0.321078 0.737115 0.131162 -0.10737 0.98453 0.13845
-0.266518 0.751058 0.032943 -0.08845 0.99548 0.03444
-0.384392 0.733405 0.099880 -0.12931 0.98590 0.10617
-0.326389 0.745702 0.000000 -0.10888 0.99406 0.00000
-1.051649 -0.553365 0.000000 -0.42951 -0.90306 0.00000
-1.238401 -0.446424 0.000000 -0.57052 -0.82128 0.00000
-1.076248 -0.536800 0.079329 -0.44651 -0.88874 0.10382
-1.076248 -0.536800 -0.079329 -0.44651 -0.88874 -0.10382
-1.512242 -0.104810 0.000000 -0.96390 -0.26627 0.00000
-1.406962 -0.296341 0.000000 -0.76571 -0.64318 -0.00000
-1.096757 -0.486163 0.240313 -0.46607 -0.82390 0.32243
-1.261894 -0.422469 0.088077 -0.59466 -0.79322 0.13109
-1.091768 -0.514187 0.160391 -0.45896 -0.86267 0.21252
-1.170257 -0.484546 0.083764 -0.51427 -0.84974 0.11605
-1.096757 -0.486163 -0.240313 -0.46607 -0.82390 -0.32243
-1.261894 -0.422469 -0.088077 -0.59466 -0.79322 -0.13109
-1.091768 -0.514187 -0.160391 -0.45896 -0.86267 -0.21252
-1.170257 -0.484546 -0.083764 -0.51427 -0.84974 -0.11605
-1.051649 0.553365 0.000000 -0.42951 0.90306 -0.00000
-1.238401 0.446424 0.000000 -0.57052 0.82128 0.00000
-1.076248 0.536800 0.079329 -0.44651 0.88874 0.10382
-1.076248 0.536800 -0.079329 -0.44651 0.88874 -0.10382
-1.512242 0.104810 0.000000 -0.96390 0.26627 0.00000
-1.406962 0.296341 0.000000 -0.76571 0.64318 -0.00000
-1.096757 0.486163 0.240313 -0.46607 0.82390 0.32243
-1.261894 0.422469 0.088077 -0.59466 0.79322 0.13109
-1.091768 0.514187 0.160391 -0.45896 0.86267 0.21252
-1.170257 0.484546 0.083764 -0.51427 0.84974 0.11605
-1.096757 0.486163 -0.240313 -0.46607 0.82390 -0.32243
-1.261894 0.422469 -0.088077 -0.59466 0.79322 -0.13109
-1.091768 0.514187 -0.160391 -0.45896 0.86267 -0.21252
-1.170257 0.484546 -0.083764 -0.51427 0.84974 -0.11605
-1.012420 -0.326170 0.527754 -0.43206 -0.55351 0.71200
-1.213785 -0.264320 0.427678 -0.57861 -0.49989 0.64445
-1.047858 -0.370673 0.464945 -0.44942 -0.63440 0.62893
-1.060384 -0.242013 0.554603 -0.46895 -0.42668 0.77332
-1.510909 -0.062515 0.101152 -0.96635 -0.15446 0.20571
-1.396279 -0.176234 0.285153 -0.77506 -0.38595 0.50033
-1.480166 -0.164764 0.099573 -0.89757 -0.39778 0.19010
-1.091246 -0.450965 0.321424 -0.46727 -0.77053 0.43353
-1.247223 -0.309731 0.351964 -0.60086 -0.59486 0.53395
-1.074590 -0.412885 0.395424 -0.46138 -0.70727 0.53563
-1.185073 -0.424624 0.254804 -0.53445 -0.76364 0.36224
-1.148771 -0.343208 0.413341 -0.51923 -0.61897 0.58930
-1.113830 -0.051992 0.584401 -0.51528 -0.09501 0.85174
-1.259986 -0.165460 0.447794 -0.62944 -0.32840 0.70424
-1.095436 -0.149184 0.574139 -0.49840 -0.27086 0.82355
-1.161969 -0.206760 0.506139 -0.54313 -0.38532 0.74602
-1.351091 -0.345691 0.093041 -0.69180 -0.70627 0.15032
-1.342205 -0.267802 0.276959 -0.69722 -0.55505 0.45367
-1.424593 -0.260678 0.096674 -0.79649 -0.58018 0.17028
-1.273975 -0.389697 0.178188 -0.61065 -0.74469 0.26933
-1.421018 -0.219877 0.193337 -0.79989 -0.49282 0.34251
-1.269067 -0.351454 0.267530 -0.61305 -0.67700 0.40723
-1.012420 -0.326170 -0.527754 -0.43206 -0.55351 -0.71200
-1.213785 -0.264320 -0.427678 -0.57861 -0.49989 -0.64445
-1.047858 -0.370673 -0.464945 -0.44942 -0.63440 -0.62893
-1.060384 -0.242013 -0.554603 -0.46895 -0.42668 -0.77332
-1.510909 -0.062515 -0.101152 -0.96635 -0.15446 -0.20571
-1.396279 -0.176234 -0.285153 -0.77506 -0.38595 -0.50033
-1.480166 -0.164764 -0.099573 -0.89757 -0.39778 -0.19010
-1.091246 -0.450965 -0.321424 -0.46727 -0.77053 -0.43353
-1.247223 -0.309731 -0.351964 -0.60086 -0.59486 -0.53395
-1.074590 -0.412885 -0.395424 -0.46138 -0.70727 -0.53563
-1.185073 -0.424624 -0.254804 -0.53445 -0.76364 -0.36224
-1.148771 -0.343208 -0.413341 -0.51923 -0.61897 -0.58930
-1.113830 -0.051992 -0.584401 -0.51528 -0.09501 -0.85174
-1.259986 -0.165460 -0.447794 -0.62944 -0.32840 -0.70424
-1.095436 -0.149184 -0.574139 -0.49840 -0.27086 -0.82355
-1.161969 -0.206760 -0.506139 -0.54313 -0.38532 -0.74602
-1.351091 -0.345691 -0.093041 -0.69180 -0.70627 -0.15032
-1.342205 -0.267802 -0.276959 -0.69722 -0.55505 -0.45367
-1.424593 -0.260678 -0.096674 -0.79649 -0.58018 -0.17028
-1.273975 -0.389697 -0.178188 -0.61065 -0.74469 -0.26933
-1.421018 -0.219877 -0.193337 -0.79989 -0.49282 -0.34251
-1.269067 -0.351454 -0.267530 -0.61305 -0.67700 -0.40723
-1.012420 0.326170 0.527754 -0.43206 0.55351 0.71200
-1.213785 0.264320 0.427678 -0.57861 0.49989 0.64445
-1.047858 0.370673 0.464945 -0.44942 0.63440 0.62893
-1.060384 0.242013 0.554603 -0.46895 0.42668 0.77332
-1.510909 0.062515 0.101152 -0.96635 0.15446 0.20571
-1.396279 0.176234 0.285153 -0.77506 0.38595 0.50033
-1.480166 0.164764 0.099573 -0.89757 0.39778 0.19010
-1.484706 0.000000 0.200034 -0.92063 0.00000 0.39044
-1.091246 0.450965 0.321424 -0.46727 0.77053 0.43353
-1.247223 0.309731 0.351964 -0.60086 0.59486 0.53395
-1.074590 0.412885 0.395424 -0.46138 0.70727 0.53563
-1.185073 0.424624 0.254804 -0.53445 0.76364 0.36224
-1.148771 0.343208 0.413341 -0.51923 0.61897 0.58930
-1.113830 0.051992 0.584401 -0.51528 0.09501 0.85174
-1.259986 0.165460 0.447794 -0.62944 0.32840 0.70424
-1.095436 0.149184 0.574139 -0.49840 0.27086 0.82355
-1.204903 0.000000 0.527379 -0.58707 0.00000 0.80954
-1.161969 0.206760 0.506139 -0.54313 0.38532 0.74602
-1.351091 0.345691 0.093041 -0.69180 0.70627 0.15032
-1.342205 0.267802 0.276959 -0.69722 0.55505 0.45367
-1.424593 0.260678 0.096674 -0.79649 0.58018 0.17028
-1.273975 0.389697 0.178188 -0.61065 0.74469 0.26933
-1.421018 0.219877 0.193337 -0.79989 0.49282 0.34251
-1.269067 0.351454 0.267530 -0.61305 0.67700 0.40723
-1.354605 -0.114923 0.374404 -0.73049 -0.24674 0.63680
-1.354605 0.114923 0.374404 -0.73049 0.24674 0.63680
-1.430180 -0.060271 0.292753 -0.83254 -0.13921 0.53619
-1.287689 -0.056482 0.456946 -0.66220 -0.11540 0.74039
-1.430180 0.060271 0.292753 -0.83254 0.13921 0.53619
-1.287689 0.056482 0.456946 -0.66220 0.11540 0.74039
-1.012420 0.326170 -0.527754 -0.43206 0.55351 -0.71200
-1.213785 0.264320 -0.427678 -0.57861 0.49989 -0.64445
-1.047858 0.370673 -0.464945 -0.44942 0.63440 -0.62893
-1.060384 0.242013 -0.554603 -0.46895 0.42668 -0.77332
-1.510909 0.062515 -0.101152 -0.96635 0.15446 -0.20571
-1.396279 0.176234 -0.285153 -0.77506 0.38595 -0.50033
-1.480166 0.164764 -0.099573 -0.89757 0.39778 -0.19010
-1.484706 0.000000 -0.200034 -0.92063 0.00000 -0.39044
-1.091246 0.450965 -0.321424 -0.46727 0.77053 -0.43353
-1.247223 0.309731 -0.351964 -0.60086 0.59486 -0.53395
-1.074590 0.412885 -0.395424 -0.46138 0.70727 -0.53563
-1.185073 0.424624 -0.254804 -0.53445 0.76364 -0.36224
-1.148771 0.343208 -0.413341 -0.51923 0.61897 -0.58930
-1.113830 0.051992 -0.584401 -0.51528 0.09501 -0.85174
-1.259986 0.165460 -0.447794 -0.62944 0.32840 -0.70424
-1.095436 0.149184 -0.574139 -0.49840 0.27086 -0.82355
-1.204903 0.000000 -0.527379 -0.58707 0.00000 -0.80954
-1.161969 0.206760 -0.506139 -0.54313 0.38532 -0.74602
-1.351091 0.345691 -0.093041 -0.69180 0.70627 -0.15032
-1.342205 0.267802 -0.276959 -0.69722 0.55505 -0.45367
-1.424593 0.260678 -0.096674 -0.79649 0.58018 -0.17028
-1.273975 0.389697 -0.178188 -0.61065 0.74469 -0.26933
-1.421018 0.219877 -0.193337 -0.79989 0.49282 -0.34251
-1.269067 0.351454 -0.267530 -0.61305 0.67700 -0.40723
-1.354605 -0.114923 -0.374404 -0.73049 -0.24674 -0.63680
-1.354605 0.114923 -0.374404 -0.73049 0.24674 -0.63680
-1.430180 -0.060271 -0.292753 -0.83254 -0.13921 -0.53619
-1.287689 -0.056482 -0.456946 -0.66220 -0.11540 -0.74039
-1.430180 0.060271 -0.292753 -0.83254 0.13921 -0.53619
-1.287689 0.056482 -0.456946 -0.66220 0.11540 -0.74039
-0.467017 0.000000 0.817603 -0.17816 -0.00000 0.98400
-0.400108 0.000000 0.828753 -0.15127 0.00000 0.98849
-0.271979 0.000000 0.845032 -0.10150 -0.00000 0.99484
-0.335200 0.000000 0.837815 -0.12581 0.00000 0.99205
-0.029718 0.000000 0.858606 -0.01101 -0.00000 0.99994
-0.089304 0.000000 0.857299 -0.03302 -0.00000 0.99945
-0.210129 0.000000 0.850596 -0.07806 -0.00000 0.99695
-0.149340 0.000000 0.854651 -0.05531 0.00000 0.99847
0.467017 0.000000 0.817603 0.17816 0.00000 0.98400
0.400108 0.000000 0.828753 0.15127 0.00000 0.98849
0.271979 0.000000 0.845032 0.10150 0.00000 0.99484
0.335200 0.000000 0.837815 0.12581 0.00000 0.99205
0.029718 0.000000 0.858606 0.01101 -0.00000 0.99994
0.089304 0.000000 0.857299 0.03302 -0.00000 0.99945
0.210129 0.000000 0.850596 0.07806 -0.00000 0.99695
0.149340 0.000000 0.854651 0.05531 -0.00000 0.99847
-0.467017 0.000000 -0.817603 -0.17816 0.00000 -0.98400
-0.400108 0.000000 -0.828753 -0.15127 0.00000 -0.98849
-0.271979 0.000000 -0.845032 -0.10150 0.00000 -0.99484
-0.335200 0.000000 -0.837815 -0.12581 0.00000 -0.99205
-0.029718 0.000000 -0.858606 -0.01101 -0.00000 -0.99994
-0.089304 0.000000 -0.857299 -0.03302 -0.00000 -0.99945
-0.210129 0.000000 -0.850596 -0.07806 -0.00000 -0.99695
-0.149340 0.000000 -0.854651 -0.05531 -0.00000 -0.99847
0.467017 0.000000 -0.817603 0.17816 -0.00000 -0.98400
0.400108 0.000000 -0.828753 0.15127 0.00000 -0.98849
0.271979 0.000000 -0.845032 0.10150 -0.00000 -0.99484
0.335200 0.000000 -0.837815 0.12581 0.00000 -0.99205
0.029718 0.000000 -0.858606 0.01101 -0.00000 -0.99994
0.089304 0.000000 -0.857299 0.03302 -0.00000 -0.99945
0.210129 0.000000 -0.850596 0.07806 -0.00000 -0.99695
0.149340 0.000000 -0.854651 0.05531 0.00000 -0.99847
-0.490240 0.031237 -0.812531 -0.18677 0.04709 -0.98127
-0.465928 0.092626 -0.811134 -0.17648 0.14008 -0.97429
-0.456122 0.030859 -0.818811 -0.17357 0.04694 -0.98370
-0.410218 0.209160 -0.793014 -0.15289 0.31218 -0.93764
-0.439107 0.152092 -0.804488 -0.16511 0.22878 -0.95937
-0.389469 0.030203 -0.829660 -0.14689 0.04556 -0.98810
-0.432233 0.091586 -0.817163 -0.16361 0.13858 -0.97674
-0.422496 0.030523 -0.824515 -0.16005 0.04621 -0.98603
-0.444485 0.061453 -0.818653 -0.16876 0.09319 -0.98124
-0.281993 0.407878 -0.708356 -0.10101 0.58552 -0.80434
-0.315249 0.362936 -0.734390 -0.11413 0.52636 -0.84257
-0.379689 0.263471 -0.777184 -0.14031 0.38984 -0.91013
-0.347915 0.314779 -0.757482 -0.12725 0.46117 -0.87814
-0.261433 0.029262 -0.845444 -0.09728 0.04363 -0.99430
-0.301668 0.088353 -0.835949 -0.11246 0.13181 -0.98488
-0.292742 0.029476 -0.842181 -0.10934 0.04399 -0.99303
-0.377464 0.207207 -0.798789 -0.14064 0.30891 -0.94064
-0.340482 0.147835 -0.820453 -0.12697 0.22064 -0.96706
-0.391818 0.179288 -0.805126 -0.14676 0.26825 -0.95210
-0.356577 0.029971 -0.834336 -0.13403 0.04502 -0.98995
-0.333467 0.089070 -0.832021 -0.12486 0.13321 -0.98319
-0.324490 0.029705 -0.838482 -0.12154 0.04447 -0.99159
-0.377930 0.060227 -0.829277 -0.14228 0.09062 -0.98567
-0.313277 0.059216 -0.837851 -0.11715 0.08845 -0.98917
-0.419174 0.121549 -0.814365 -0.15820 0.18314 -0.97028
-0.353451 0.119269 -0.824593 -0.13238 0.17835 -0.97502
-0.405766 0.150681 -0.810342 -0.15257 0.22636 -0.96202
-0.398841 0.090809 -0.822627 -0.15036 0.13677 -0.97913
-0.372856 0.149268 -0.815658 -0.13968 0.22339 -0.96467
-0.365884 0.089977 -0.827575 -0.13742 0.13500 -0.98127
-0.016039 0.659033 -0.433257 -0.00600 0.88767 -0.46045
-0.048385 0.637196 -0.472098 -0.01699 0.86316 -0.50464
-0.114106 0.585893 -0.546729 -0.03976 0.80456 -0.59254
-0.081080 0.612851 -0.509954 -0.02821 0.83554 -0.54870
-0.248400 0.449608 -0.679793 -0.08875 0.63958 -0.76358
-0.214674 0.488179 -0.649062 -0.07602 0.68772 -0.72199
-0.147424 0.556208 -0.582292 -0.05144 0.76976 -0.63625
-0.180976 0.523676 -0.616474 -0.06359 0.73099 -0.67942
-0.017725 0.028680 -0.858105 -0.00617 0.04244 -0.99908
-0.053065 0.085861 -0.852797 -0.01916 0.12655 -0.99177
-0.047473 0.028702 -0.857746 -0.01752 0.04230 -0.99895
-0.122536 0.198267 -0.826427 -0.04445 0.29045 -0.95586
-0.088074 0.142507 -0.842216 -0.03194 0.20951 -0.97729
-0.107253 0.028811 -0.856034 -0.03964 0.04252 -0.99831
-0.082919 0.085998 -0.852026 -0.03060 0.12664 -0.99148
-0.077348 0.028741 -0.857057 -0.02854 0.04238 -0.99869
-0.065238 0.057415 -0.855550 -0.02406 0.08456 -0.99613
-0.250703 0.405647 -0.713681 -0.08931 0.58194 -0.80831
-0.220518 0.356805 -0.748981 -0.07896 0.51507 -0.85350
-0.267065 0.383740 -0.727012 -0.09630 0.55280 -0.82773
-0.156235 0.252793 -0.805532 -0.05639 0.36892 -0.92775
-0.188963 0.305749 -0.779662 -0.06798 0.44389 -0.89350
-0.299439 0.337520 -0.751621 -0.10906 0.49099 -0.86431
-0.236096 0.333655 -0.760888 -0.08562 0.48331 -0.87125
-0.283349 0.360998 -0.739693 -0.10267 0.52265 -0.84634
-0.251742 0.358956 -0.744552 -0.09104 0.51862 -0.85014
-0.229017 0.029284 -0.848413 -0.08519 0.04351 -0.99541
-0.204424 0.087185 -0.845365 -0.07584 0.12907 -0.98873
-0.198339 0.029118 -0.850861 -0.07355 0.04316 -0.99636
-0.249104 0.058559 -0.844696 -0.09265 0.08704 -0.99189
-0.152764 0.198891 -0.824643 -0.05622 0.29152 -0.95491
-0.178931 0.143846 -0.837357 -0.06616 0.21202 -0.97502
-0.135566 0.171087 -0.833441 -0.04980 0.25106 -0.96669
-0.137629 0.028867 -0.854656 -0.05086 0.04266 -0.99779
-0.173926 0.086763 -0.847576 -0.06428 0.12822 -0.98966
-0.167845 0.028984 -0.852940 -0.06216 0.04288 -0.99714
-0.125421 0.057660 -0.853405 -0.04633 0.08512 -0.99529
-0.186239 0.058094 -0.849846 -0.06898 0.08595 -0.99391
-0.288355 0.117550 -0.832879 -0.10733 0.17490 -0.97872
-0.223649 0.116358 -0.839358 -0.08283 0.17229 -0.98156
-0.268922 0.088034 -0.839520 -0.10007 0.13087 -0.98634
-0.236474 0.087650 -0.842655 -0.08779 0.12998 -0.98762
-0.100681 0.114693 -0.847130 -0.03708 0.16864 -0.98498
-0.161218 0.115404 -0.844041 -0.05951 0.17007 -0.98363
-0.118175 0.142975 -0.840948 -0.04348 0.21012 -0.97671
-0.113073 0.086323 -0.850887 -0.04172 0.12721 -0.99100
-0.148492 0.143417 -0.839331 -0.05468 0.21101 -0.97595
-0.143442 0.086573 -0.849405 -0.05296 0.12772 -0.99039
-0.361810 0.235622 -0.791075 -0.13437 0.34905 -0.92742
-0.296553 0.233223 -0.800511 -0.10947 0.34341 -0.93278
-0.346696 0.262137 -0.782614 -0.12811 0.38702 -0.91313
-0.344269 0.206360 -0.803796 -0.12796 0.30641 -0.94326
-0.170381 0.227374 -0.814167 -0.06240 0.33217 -0.94115
-0.232857 0.230467 -0.808149 -0.08556 0.33781 -0.93732
-0.187163 0.254510 -0.802757 -0.06838 0.37146 -0.92593
-0.183841 0.200418 -0.822164 -0.06753 0.29406 -0.95340
-0.315555 0.313005 -0.762878 -0.11546 0.45772 -0.88157
-0.281948 0.259267 -0.791996 -0.10358 0.38064 -0.91890
-0.331236 0.287974 -0.773183 -0.12183 0.42311 -0.89785
-0.283363 0.311355 -0.767715 -0.10344 0.45411 -0.88492
-0.314084 0.260739 -0.787546 -0.11573 0.38380 -0.91614
-0.307559 0.147361 -0.824664 -0.11441 0.21906 -0.96898
-0.279146 0.204310 -0.812403 -0.10313 0.30160 -0.94784
-0.326146 0.176882 -0.815003 -0.12132 0.26288 -0.95717
-0.274848 0.146587 -0.828485 -0.10200 0.21734 -0.97075
-0.311461 0.205397 -0.808329 -0.11542 0.30403 -0.94564
-0.219997 0.307603 -0.776156 -0.08003 0.44686 -0.89102
-0.249842 0.257761 -0.796018 -0.09162 0.37756 -0.92144
-0.203729 0.281299 -0.790066 -0.07426 0.40960 -0.90924
-0.251480 0.309556 -0.772137 -0.09161 0.45049 -0.88807
-0.218396 0.256163 -0.799589 -0.07991 0.37448 -0.92378
-0.266801 0.284720 -0.782537 -0.09762 0.41622 -0.90401
-0.210427 0.144992 -0.834786 -0.07778 0.21396 -0.97374
-0.246842 0.203145 -0.816074 -0.09103 0.29916 -0.94985
-0.197226 0.172906 -0.829059 -0.07266 0.25451 -0.96434
-0.242436 0.145803 -0.831855 -0.08977 0.21565 -0.97234
-0.215234 0.201832 -0.819311 -0.07918 0.29664 -0.95170
-0.260971 0.175175 -0.822860 -0.09655 0.25886 -0.96108
0.490240 0.031237 -0.812531 0.18677 0.04709 -0.98127
0.465928 0.092626 -0.811134 0.17648 0.14008 -0.97429
0.456122 0.030859 -0.818811 0.17357 0.04694 -0.98370
0.410218 0.209160 -0.793014 0.15289 0.31218 -0.93764
0.439107 0.152092 -0.804488 0.16511 0.22878 -0.95937
0.389469 0.030203 -0.829660 0.14689 0.04556 -0.98810
0.432233 0.091586 -0.817163 0.16361 0.13858 -0.97674
0.422496 0.030523 -0.824515 0.16005 0.04621 -0.98603
0.444485 0.061453 -0.818653 0.16876 0.09319 -0.98124
0.281993 0.407878 -0.708356 0.10101 0.58552 -0.80434
0.315249 0.362936 -0.734390 0.11413 0.52636 -0.84257
0.379689 0.263471 -0.777184 0.14031 0.38984 -0.91013
0.347915 0.314779 -0.757482 0.12725 0.46117 -0.87814
0.261433 0.029262 -0.845444 0.09728 0.04363 -0.99430
0.301668 0.088353 -0.835949 0.11246 0.13181 -0.98488
0.292742 0.029476 -0.842181 0.10934 0.04399 -0.99303
0.377464 0.207207 -0.798789 0.14064 0.30891 -0.94064
0.340482 0.147835 -0.820453 0.12697 0.22064 -0.96706
0.391818 0.179288 -0.805126 0.14676 0.26825 -0.95210
0.356577 0.029971 -0.834336 0.13403 0.04502 -0.98995
0.333467 0.089070 -0.832021 0.12486 0.13321 -0.98319
0.324490 0.029705 -0.838482 0.12154 0.04447 -0.99159
0.377930 0.060227 -0.829277 0.14228 0.09062 -0.98567
0.313277 0.059216 -0.837851 0.11715 0.08845 -0.98917
0.419174 0.121549 -0.814365 0.15820 0.18314 -0.97028
0.353451 0.119269 -0.824593 0.13238 0.17835 -0.97502
0.405766 0.150681 -0.810342 0.15257 0.22636 -0.96202
0.398841 0.090809 -0.822627 0.15036 0.13677 -0.97913
0.372856 0.149268 -0.815658 0.13968 0.22339 -0.96467
0.365884 0.089977 -0.827575 0.13742 0.13500 -0.98127
0.016039 0.659033 -0.433257 0.00600 0.88767 -0.46045
0.048385 0.637196 -0.472098 0.01699 0.86316 -0.50464
0.000000 0.648566 -0.452896 -0.00000 0.87553 -0.48317
0.114106 0.585893 -0.546729 0.03976 0.80456 -0.59254
0.081080 0.612851 -0.509954 0.02821 0.83554 -0.54870
-0.032313 0.625765 -0.491485 -0.01098 0.84955 -0.52739
0.032313 0.625765 -0.491485 0.01098 0.84955 -0.52739
-0.016135 0.637462 -0.472340 -0.00546 0.86294 -0.50528
0.016135 0.637462 -0.472340 0.00546 0.86294 -0.50528
0.248400 0.449608 -0.679793 0.08875 0.63958 -0.76358
0.214674 0.488179 -0.649062 0.07602 0.68772 -0.72199
0.147424 0.556208 -0.582292 0.05144 0.76976 -0.63625
0.180976 0.523676 -0.616474 0.06359 0.73099 -0.67942
-0.097832 0.572327 -0.565588 -0.03371 0.78748 -0.61542
-0.032528 0.573376 -0.566625 -0.01119 0.78788 -0.61573
-0.081402 0.586634 -0.547573 -0.02793 0.80444 -0.59338
0.097832 0.572327 -0.565588 0.03371 0.78748 -0.61542
0.032528 0.573376 -0.566625 0.01119 0.78788 -0.61573
0.081402 0.586634 -0.547573 0.02793 0.80444 -0.59338
-0.048691 0.613282 -0.510602 -0.01656 0.83530 -0.54954
-0.016343 0.587369 -0.548412 -0.00558 0.80467 -0.59370
-0.065002 0.600303 -0.529209 -0.02223 0.82030 -0.57150
-0.016237 0.613580 -0.510801 -0.00553 0.83541 -0.54960
-0.048800 0.587125 -0.548133 -0.01674 0.80459 -0.59360
0.048691 0.613282 -0.510602 0.01656 0.83530 -0.54954
0.016343 0.587369 -0.548412 0.00558 0.80467 -0.59370
0.065002 0.600303 -0.529209 0.02223 0.82030 -0.57150
0.016237 0.613580 -0.510801 0.00553 0.83541 -0.54960
0.048800 0.587125 -0.548133 0.01674 0.80459 -0.59360
0.000000 0.600763 -0.529812 -0.00000 0.82043 -0.57175
0.017725 0.028680 -0.858105 0.00617 0.04244 -0.99908
0.053065 0.085861 -0.852797 0.01916 0.12655 -0.99177
0.047473 0.028702 -0.857746 0.01752 0.04230 -0.99895
0.000000 0.057330 -0.856344 0.00000 0.08444 -0.99643
0.122536 0.198267 -0.826427 0.04445 0.29045 -0.95586
0.088074 0.142507 -0.842216 0.03194 0.20951 -0.97729
0.107253 0.028811 -0.856034 0.03964 0.04252 -0.99831
0.082919 0.085998 -0.852026 0.03060 0.12664 -0.99148
0.077348 0.028741 -0.857057 0.02854 0.04238 -0.99869
0.065238 0.057415 -0.855550 0.02406 0.08456 -0.99613
-0.035281 0.114365 -0.848845 -0.01298 0.16817 -0.98567
0.035281 0.114365 -0.848845 0.01298 0.16817 -0.98567
-0.017704 0.085955 -0.853249 -0.00651 0.12643 -0.99195
0.017704 0.085955 -0.853249 0.00651 0.12643 -0.99195
0.250703 0.405647 -0.713681 0.08931 0.58194 -0.80831
0.220518 0.356805 -0.748981 0.07896 0.51507 -0.85350
0.267065 0.383740 -0.727012 0.09630 0.55280 -0.82773
0.156235 0.252793 -0.805532 0.05639 0.36892 -0.92775
0.188963 0.305749 -0.779662 0.06798 0.44389 -0.89350
0.299439 0.337520 -0.751621 0.10906 0.49099 -0.86431
0.236096 0.333655 -0.760888 0.08562 0.48331 -0.87125
0.283349 0.360998 -0.739693 0.10267 0.52265 -0.84634
0.251742 0.358956 -0.744552 0.09104 0.51862 -0.85014
0.229017 0.029284 -0.848413 0.08519 0.04351 -0.99541
0.204424 0.087185 -0.845365 0.07584 0.12907 -0.98873
0.198339 0.029118 -0.850861 0.07355 0.04316 -0.99636
0.249104 0.058559 -0.844696 0.09265 0.08704 -0.99189
0.152764 0.198891 -0.824643 0.05622 0.29152 -0.95491
0.178931 0.143846 -0.837357 0.06616 0.21202 -0.97502
0.135566 0.171087 -0.833441 0.04980 0.25106 -0.96669
0.137629 0.028867 -0.854656 0.05086 0.04266 -0.99779
0.173926 0.086763 -0.847576 0.06428 0.12822 -0.98966
0.167845 0.028984 -0.852940 0.06216 0.04288 -0.99714
0.125421 0.057660 -0.853405 0.04633 0.08512 -0.99529
0.186239 0.058094 -0.849846 0.06898 0.08595 -0.99391
0.288355 0.117550 -0.832879 0.10733 0.17490 -0.97872
0.223649 0.116358 -0.839358 0.08283 0.17229 -0.98156
0.268922 0.088034 -0.839520 0.10007 0.13087 -0.98634
0.236474 0.087650 -0.842655 0.08779 0.12998 -0.98762
0.100681 0.114693 -0.847130 0.03708 0.16864 -0.98498
0.161218 0.115404 -0.844041 0.05951 0.17007 -0.98363
0.118175 0.142975 -0.840948 0.04348 0.21012 -0.97671
0.113073 0.086323 -0.850887 0.04172 0.12721 -0.99100
0.148492 0.143417 -0.839331 0.05468 0.21101 -0.97595
0.143442 0.086573 -0.849405 0.05296 0.12772 -0.99039
-0.104404 0.226123 -0.818121 -0.03814 0.33037 -0.94308
-0.034719 0.226595 -0.819829 -0.01267 0.33058 -0.94369
-0.087449 0.198722 -0.827698 -0.03200 0.29051 -0.95634
0.104404 0.226123 -0.818121 0.03814 0.33037 -0.94308
0.034719 0.226595 -0.819829 0.01267 0.33058 -0.94369
0.087449 0.198722 -0.827698 0.03200 0.29051 -0.95634
-0.052941 0.142945 -0.843052 -0.01939 0.20968 -0.97758
-0.017602 0.199173 -0.828963 -0.00640 0.29084 -0.95675
-0.070260 0.170935 -0.836028 -0.02576 0.25040 -0.96780
-0.017664 0.142973 -0.843513 -0.00648 0.20970 -0.97775
-0.052439 0.199023 -0.828543 -0.01919 0.29074 -0.95661
0.052941 0.142945 -0.843052 0.01939 0.20968 -0.97758
0.017602 0.199173 -0.828963 0.00640 0.29084 -0.95675
0.070260 0.170935 -0.836028 0.02576 0.25040 -0.96780
0.017664 0.142973 -0.843513 0.00648 0.20970 -0.97775
0.052439 0.199023 -0.828543 0.01919 0.29074 -0.95661
0.000000 0.171304 -0.836866 -0.00000 0.25069 -0.96807
0.361810 0.235622 -0.791075 0.13437 0.34905 -0.92742
0.296553 0.233223 -0.800511 0.10947 0.34341 -0.93278
0.346696 0.262137 -0.782614 0.12811 0.38702 -0.91313
0.344269 0.206360 -0.803796 0.12796 0.30641 -0.94326
0.170381 0.227374 -0.814167 0.06240 0.33217 -0.94115
0.232857 0.230467 -0.808149 0.08556 0.33781 -0.93732
0.187163 0.254510 -0.802757 0.06838 0.37146 -0.92593
0.183841 0.200418 -0.822164 0.06753 0.29406 -0.95340
0.315555 0.313005 -0.762878 0.11546 0.45772 -0.88157
0.281948 0.259267 -0.791996 0.10358 0.38064 -0.91890
0.331236 0.287974 -0.773183 0.12183 0.42311 -0.89785
0.283363 0.311355 -0.767715 0.10344 0.45411 -0.88492
0.314084 0.260739 -0.787546 0.11573 0.38380 -0.91614
0.307559 0.147361 -0.824664 0.11441 0.21906 -0.96898
0.279146 0.204310 -0.812403 0.10313 0.30160 -0.94784
0.326146 0.176882 -0.815003 0.12132 0.26288 -0.95717
0.274848 0.146587 -0.828485 0.10200 0.21734 -0.97075
0.311461 0.205397 -0.808329 0.11542 0.30403 -0.94564
0.219997 0.307603 -0.776156 0.08003 0.44686 -0.89102
0.249842 0.257761 -0.796018 0.09162 0.37756 -0.92144
0.203729 0.281299 -0.790066 0.07426 0.40960 -0.90924
0.251480 0.309556 -0.772137 0.09161 0.45049 -0.88807
0.218396 0.256163 -0.799589 0.07991 0.37448 -0.92378
0.266801 0.284720 -0.782537 0.09762 0.41622 -0.90401
0.210427 0.144992 -0.834786 0.07778 0.21396 -0.97374
0.246842 0.203145 -0.816074 0.09103 0.29916 -0.94985
0.197226 0.172906 -0.829059 0.07266 0.25451 -0.96434
0.242436 0.145803 -0.831855 0.08977 0.21565 -0.97234
0.215234 0.201832 -0.819311 0.07918 0.29664 -0.95170
0.260971 0.175175 -0.822860 0.09655 0.25886 -0.96108
-0.231075 0.430748 -0.696965 -0.08249 0.61269 -0.78601
-0.163922 0.433249 -0.701012 -0.05828 0.61376 -0.78734
-0.214549 0.450944 -0.682315 -0.07616 0.63967 -0.76487
-0.216588 0.407342 -0.715989 -0.07752 0.58245 -0.80916
-0.032559 0.435669 -0.704928 -0.01154 0.61479 -0.78861
-0.097903 0.434872 -0.703637 -0.03472 0.61445 -0.78819
-0.181361 0.489075 -0.651420 -0.06376 0.68739 -0.72349
-0.147843 0.452995 -0.686190 -0.05227 0.64024 -0.76640
-0.197950 0.470414 -0.667096 -0.06995 0.66414 -0.74433
-0.181011 0.452072 -0.684443 -0.06414 0.63998 -0.76571
-0.186430 0.358625 -0.750808 -0.06712 0.51603 -0.85394
-0.149347 0.409947 -0.719535 -0.05323 0.58393 -0.81006
-0.201672 0.383251 -0.733975 -0.07243 0.54981 -0.83215
-0.182767 0.408772 -0.717939 -0.06530 0.58327 -0.80965
0.231075 0.430748 -0.696965 0.08249 0.61269 -0.78601
0.163922 0.433249 -0.701012 0.05828 0.61376 -0.78734
0.214549 0.450944 -0.682315 0.07616 0.63967 -0.76487
0.216588 0.407342 -0.715989 0.07752 0.58245 -0.80916
0.032559 0.435669 -0.704928 0.01154 0.61479 -0.78861
0.097903 0.434872 -0.703637 0.03472 0.61445 -0.78819
0.181361 0.489075 -0.651420 0.06376 0.68739 -0.72349
0.147843 0.452995 -0.686190 0.05227 0.64024 -0.76640
0.197950 0.470414 -0.667096 0.06995 0.66414 -0.74433
0.181011 0.452072 -0.684443 0.06414 0.63998 -0.76571
0.186430 0.358625 -0.750808 0.06712 0.51603 -0.85394
0.149347 0.409947 -0.719535 0.05323 0.58393 -0.81006
0.201672 0.383251 -0.733975 0.07243 0.54981 -0.83215
0.182767 0.408772 -0.717939 0.06530 0.58327 -0.80965
-0.114914 0.556552 -0.584190 -0.03960 0.76915 -0.63784
-0.082797 0.525047 -0.621623 -0.02867 0.73001 -0.68284
-0.131440 0.540830 -0.601520 -0.04564 0.75031 -0.65951
-0.081983 0.557407 -0.584914 -0.02832 0.76945 -0.63808
-0.016815 0.454821 -0.689627 -0.00585 0.64076 -0.76772
-0.050078 0.491133 -0.656816 -0.01745 0.68724 -0.72622
-0.049303 0.454640 -0.689285 -0.01740 0.64068 -0.76761
-0.164613 0.507193 -0.635087 -0.05765 0.70957 -0.70228
-0.099020 0.508228 -0.638339 -0.03459 0.70925 -0.70411
-0.148030 0.524355 -0.618522 -0.05160 0.73050 -0.68096
-0.148181 0.489929 -0.653260 -0.05203 0.68743 -0.72438
-0.115286 0.524811 -0.620236 -0.04015 0.73024 -0.68201
-0.016470 0.558256 -0.585634 -0.00566 0.76983 -0.63823
-0.049731 0.525706 -0.622033 -0.01725 0.73029 -0.68292
-0.049151 0.557974 -0.585395 -0.01698 0.76970 -0.63817
-0.065928 0.541841 -0.603765 -0.02285 0.75031 -0.66069
-0.114647 0.453738 -0.687576 -0.04052 0.64044 -0.76694
-0.082490 0.490845 -0.656053 -0.02894 0.68724 -0.72585
-0.081933 0.454279 -0.688603 -0.02891 0.64058 -0.76735
-0.131505 0.472080 -0.670788 -0.04632 0.66436 -0.74598
-0.065968 0.473061 -0.672962 -0.02319 0.66443 -0.74699
-0.115206 0.490518 -0.654802 -0.04041 0.68739 -0.72517
-0.122002 0.254562 -0.806697 -0.04424 0.37027 -0.92787
-0.086923 0.310171 -0.783156 -0.03123 0.44765 -0.89366
-0.138479 0.281186 -0.794575 -0.05032 0.40817 -0.91152
-0.087078 0.254821 -0.808024 -0.03168 0.37042 -0.92832
-0.017199 0.412255 -0.722698 -0.00600 0.58519 -0.81087
-0.051919 0.362789 -0.755020 -0.01848 0.51934 -0.85437
-0.049926 0.412023 -0.722384 -0.01776 0.58510 -0.81077
-0.170634 0.333138 -0.766689 -0.06167 0.48096 -0.87457
-0.102942 0.335797 -0.769038 -0.03709 0.48336 -0.87464
-0.154726 0.307434 -0.781210 -0.05606 0.44502 -0.89376
-0.152419 0.359966 -0.752423 -0.05480 0.51706 -0.85419
-0.120677 0.308906 -0.782373 -0.04368 0.44647 -0.89373
-0.017543 0.255079 -0.809345 -0.00634 0.37041 -0.92885
-0.052268 0.310220 -0.784105 -0.01882 0.44759 -0.89404
-0.052220 0.254994 -0.808906 -0.01900 0.37041 -0.92867
-0.069659 0.282911 -0.796649 -0.02526 0.40969 -0.91187
-0.115778 0.410874 -0.720822 -0.04126 0.58445 -0.81038
-0.085059 0.362198 -0.754428 -0.03056 0.51890 -0.85429
-0.082821 0.411565 -0.721758 -0.02945 0.58484 -0.81061
-0.134095 0.385920 -0.737089 -0.04799 0.55161 -0.83272
-0.067461 0.387492 -0.738925 -0.02409 0.55274 -0.83300
-0.118592 0.361154 -0.753628 -0.04259 0.51801 -0.85431
0.114914 0.556552 -0.584190 0.03960 0.76915 -0.63784
0.082797 0.525047 -0.621623 0.02867 0.73001 -0.68284
0.131440 0.540830 -0.601520 0.04564 0.75031 -0.65951
0.081983 0.557407 -0.584914 0.02832 0.76945 -0.63808
0.016815 0.454821 -0.689627 0.00585 0.64076 -0.76772
0.050078 0.491133 -0.656816 0.01745 0.68724 -0.72622
0.049303 0.454640 -0.689285 0.01740 0.64068 -0.76761
0.000000 0.473390 -0.673691 0.00000 0.66450 -0.74729
0.164613 0.507193 -0.635087 0.05765 0.70957 -0.70228
0.099020 0.508228 -0.638339 0.03459 0.70925 -0.70411
0.148030 0.524355 -0.618522 0.05160 0.73050 -0.68096
0.148181 0.489929 -0.653260 0.05203 0.68743 -0.72438
0.115286 0.524811 -0.620236 0.04015 0.73024 -0.68201
0.016470 0.558256 -0.585634 0.00566 0.76983 -0.63823
0.049731 0.525706 -0.622033 0.01725 0.73029 -0.68292
0.049151 0.557974 -0.585395 0.01698 0.76970 -0.63817
0.000000 0.542452 -0.604209 0.00000 0.75061 -0.66075
0.065928 0.541841 -0.603765 0.02285 0.75031 -0.66069
0.114647 0.453738 -0.687576 0.04052 0.64044 -0.76694
0.082490 0.490845 -0.656053 0.02894 0.68724 -0.72585
0.081933 0.454279 -0.688603 0.02891 0.64058 -0.76735
0.131505 0.472080 -0.670788 0.04632 0.66436 -0.74598
0.065968 0.473061 -0.672962 0.02319 0.66443 -0.74699
0.115206 0.490518 -0.654802 0.04041 0.68739 -0.72517
-0.033223 0.508753 -0.639964 -0.01159 0.70922 -0.70489
0.033223 0.508753 -0.639964 0.01159 0.70922 -0.70489
-0.016702 0.491397 -0.657103 -0.00584 0.68731 -0.72634
-0.016586 0.525926 -0.622356 -0.00576 0.73038 -0.68302
0.016702 0.491397 -0.657103 0.00584 0.68731 -0.72634
0.016586 0.525926 -0.622356 0.00576 0.73038 -0.68302
0.122002 0.254562 -0.806697 0.04424 0.37027 -0.92787
0.086923 0.310171 -0.783156 0.03123 0.44765 -0.89366
0.138479 0.281186 -0.794575 0.05032 0.40817 -0.91152
0.087078 0.254821 -0.808024 0.03168 0.37042 -0.92832
0.017199 0.412255 -0.722698 0.00600 0.58519 -0.81087
0.051919 0.362789 -0.755020 0.01848 0.51934 -0.85437
0.049926 0.412023 -0.722384 0.01776 0.58510 -0.81077
0.000000 0.388023 -0.739547 0.00000 0.55305 -0.83315
0.170634 0.333138 -0.766689 0.06167 0.48096 -0.87457
0.102942 0.335797 -0.769038 0.03709 0.48336 -0.87464
0.154726 0.307434 -0.781210 0.05606 0.44502 -0.89376
0.152419 0.359966 -0.752423 0.05480 0.51706 -0.85419
0.120677 0.308906 -0.782373 0.04368 0.44647 -0.89373
0.017543 0.255079 -0.809345 0.00634 0.37041 -0.92885
0.052268 0.310220 -0.784105 0.01882 0.44759 -0.89404
0.052220 0.254994 -0.808906 0.01900 0.37041 -0.92867
0.000000 0.283021 -0.797563 -0.00000 0.40963 -0.91225
0.069659 0.282911 -0.796649 0.02526 0.40969 -0.91187
0.115778 0.410874 -0.720822 0.04126 0.58445 -0.81038
0.085059 0.362198 -0.754428 0.03056 0.51890 -0.85429
0.082821 0.411565 -0.721758 0.02945 0.58484 -0.81061
0.134095 0.385920 -0.737089 0.04799 0.55161 -0.83272
0.067461 0.387492 -0.738925 0.02409 0.55274 -0.83300
0.118592 0.361154 -0.753628 0.04259 0.51801 -0.85431
-0.034667 0.337127 -0.770234 -0.01247 0.48431 -0.87481
0.034667 0.337127 -0.770234 0.01247 0.48431 -0.87481
-0.017324 0.362933 -0.755434 -0.00620 0.51943 -0.85449
-0.017441 0.310428 -0.784491 -0.00629 0.44768 -0.89417
0.017324 0.362933 -0.755434 0.00620 0.51943 -0.85449
0.017441 0.310428 -0.784491 0.00629 0.44768 -0.89417
-0.490240 0.031237 0.812531 -0.18677 0.04709 0.98127
-0.465928 0.092626 0.811134 -0.17648 0.14008 0.97429
-0.456122 0.030859 0.818811 -0.17357 0.04694 0.98370
-0.410218 0.209160 0.793014 -0.15289 0.31218 0.93764
-0.439107 0.152092 0.804488 -0.16511 0.22878 0.95937
-0.389469 0.030203 0.829660 -0.14689 0.04556 0.98810
-0.432233 0.091586 0.817163 -0.16361 0.13858 0.97674
-0.422496 0.030523 0.824515 -0.16005 0.04621 0.98603
-0.444485 0.061453 0.818653 -0.16876 0.09319 0.98124
-0.281993 0.407878 0.708356 -0.10101 0.58552 0.80434
-0.315249 0.362936 0.734390 -0.11413 0.52636 0.84257
-0.379689 0.263471 0.777184 -0.14031 0.38984 0.91013
-0.347915 0.314779 0.757482 -0.12725 0.46117 0.87814
-0.261433 0.029262 0.845444 -0.09728 0.04363 0.99430
-0.301668 0.088353 0.835949 -0.11246 0.13181 0.98488
-0.292742 0.029476 0.842181 -0.10934 0.04399 0.99303
-0.377464 0.207207 0.798789 -0.14064 0.30891 0.94064
-0.340482 0.147835 0.820453 -0.12697 0.22064 0.96706
-0.391818 0.179288 0.805126 -0.14676 0.26825 0.95210
-0.356577 0.029971 0.834336 -0.13403 0.04502 0.98995
-0.333467 0.089070 0.832021 -0.12486 0.13321 0.98319
-0.324490 0.029705 0.838482 -0.12154 0.04447 0.99159
-0.377930 0.060227 0.829277 -0.14228 0.09062 0.98567
-0.313277 0.059216 0.837851 -0.11715 0.08845 0.98917
-0.419174 0.121549 0.814365 -0.15820 0.18314 0.97028
-0.353451 0.119269 0.824593 -0.13238 0.17835 0.97502
-0.405766 0.150681 0.810342 -0.15257 0.22636 0.96202
-0.398841 0.090809 0.822627 -0.15036 0.13677 0.97913
-0.372856 0.149268 0.815658 -0.13968 0.22339 0.96467
-0.365884 0.089977 0.827575 -0.13742 0.13500 0.98127
-0.016039 0.659033 0.433257 -0.00600 0.88767 0.46045
-0.048385 0.637196 0.472098 -0.01699 0.86316 0.50464
-0.114106 0.585893 0.546729 -0.03976 0.80456 0.59254
-0.081080 0.612851 0.509954 -0.02821 0.83554 0.54870
-0.248400 0.449608 0.679793 -0.08875 0.63958 0.76358
-0.214674 0.488179 0.649062 -0.07602 0.68772 0.72199
-0.147424 0.556208 0.582292 -0.05144 0.76976 0.63625
-0.180976 0.523676 0.616474 -0.06359 0.73099 0.67942
-0.017725 0.028680 0.858105 -0.00617 0.04244 0.99908
-0.053065 0.085861 0.852797 -0.01916 0.12655 0.99177
-0.047473 0.028702 0.857746 -0.01752 0.04230 0.99895
-0.122536 0.198267 0.826427 -0.04445 0.29045 0.95586
-0.088074 0.142507 0.842216 -0.03194 0.20951 0.97729
-0.107253 0.028811 0.856034 -0.03964 0.04252 0.99831
-0.082919 0.085998 0.852026 -0.03060 0.12664 0.99148
-0.077348 0.028741 0.857057 -0.02854 0.04238 0.99869
-0.065238 0.057415 0.855550 -0.02406 0.08456 0.99613
-0.250703 0.405647 0.713681 -0.08931 0.58194 0.80831
-0.220518 0.356805 0.748981 -0.07896 0.51507 0.85350
-0.267065 0.383740 0.727012 -0.09630 0.55280 0.82773
-0.156235 0.252793 0.805532 -0.05639 0.36892 0.92775
-0.188963 0.305749 0.779662 -0.06798 0.44389 0.89350
-0.299439 0.337520 0.751621 -0.10906 0.49099 0.86431
-0.236096 0.333655 0.760888 -0.08562 0.48331 0.87125
-0.283349 0.360998 0.739693 -0.10267 0.52265 0.84634
-0.251742 0.358956 0.744552 -0.09104 0.51862 0.85014
-0.229017 0.029284 0.848413 -0.08519 0.04351 0.99541
-0.204424 0.087185 0.845365 -0.07584 0.12907 0.98873
-0.198339 0.029118 0.850861 -0.07355 0.04316 0.99636
-0.249104 0.058559 0.844696 -0.09265 0.08704 0.99189
-0.152764 0.198891 0.824643 -0.05622 0.29152 0.95491
-0.178931 0.143846 0.837357 -0.06616 0.21202 0.97502
-0.135566 0.171087 0.833441 -0.04980 0.25106 0.96669
-0.137629 0.028867 0.854656 -0.05086 0.04266 0.99779
-0.173926 0.086763 0.847576 -0.06428 0.12822 0.98966
-0.167845 0.028984 0.852940 -0.06216 0.04288 0.99714
-0.125421 0.057660 0.853405 -0.04633 0.08512 0.99529
-0.186239 0.058094 0.849846 -0.06898 0.08595 0.99391
-0.288355 0.117550 0.832879 -0.10733 0.17490 0.97872
-0.223649 0.116358 0.839358 -0.08283 0.17229 0.98156
-0.268922 0.088034 0.839520 -0.10007 0.13087 0.98634
-0.236474 0.087650 0.842655 -0.08779 0.12998 0.98762
-0.100681 0.114693 0.847130 -0.03708 0.16864 0.98498
-0.161218 0.115404 0.844041 -0.05951 0.17007 0.98363
-0.118175 0.142975 0.840948 -0.04348 0.21012 0.97671
-0.113073 0.086323 0.850887 -0.04172 0.12721 0.99100
-0.148492 0.143417 0.839331 -0.05468 0.21101 0.97595
-0.143442 0.086573 0.849405 -0.05296 0.12772 0.99039
-0.361810 0.235622 0.791075 -0.13437 0.34905 0.92742
-0.296553 0.233223 0.800511 -0.10947 0.34341 0.93278
-0.346696 0.262137 0.782614 -0.12811 0.38702 0.91313
-0.344269 0.206360 0.803796 -0.12796 0.30641 0.94326
-0.170381 0.227374 0.814167 -0.06240 0.33217 0.94115
-0.232857 0.230467 0.808149 -0.08556 0.33781 0.93732
-0.187163 0.254510 0.802757 -0.06838 0.37146 0.92593
-0.183841 0.200418 0.822164 -0.06753 0.29406 0.95340
-0.315555 0.313005 0.762878 -0.11546 0.45772 0.88157
-0.281948 0.259267 0.791996 -0.10358 0.38064 0.91890
-0.331236 0.287974 0.773183 -0.12183 0.42311 0.89785
-0.283363 0.311355 0.767715 -0.10344 0.45411 0.88492
-0.314084 0.260739 0.787546 -0.11573 0.38380 0.91614
-0.307559 0.147361 0.824664 -0.11441 0.21906 0.96898
-0.279146 0.204310 0.812403 -0.10313 0.30160 0.94784
-0.326146 0.176882 0.815003 -0.12132 0.26288 0.95717
-0.274848 0.146587 0.828485 -0.10200 0.21734 0.97075
-0.311461 0.205397 0.808329 -0.11542 0.30403 0.94564
-0.219997 0.307603 0.776156 -0.08003 0.44686 0.89102
-0.249842 0.257761 0.796018 -0.09162 0.37756 0.92144
-0.203729 0.281299 0.790066 -0.07426 0.40960 0.90924
-0.251480 0.309556 0.772137 -0.09161 0.45049 0.88807
-0.218396 0.256163 0.799589 -0.07991 0.37448 0.92378
-0.266801 0.284720 0.782537 -0.09762 0.41622 0.90401
-0.210427 0.144992 0.834786 -0.07778 0.21396 0.97374
-0.246842 0.203145 0.816074 -0.09103 0.29916 0.94985
-0.197226 0.172906 0.829059 -0.07266 0.25451 0.96434
-0.242436 0.145803 0.831855 -0.08977 0.21565 0.97234
-0.215234 0.201832 0.819311 -0.07918 0.29664 0.95170
-0.260971 0.175175 0.822860 -0.09655 0.25886 0.96108
0.490240 0.031237 0.812531 0.18677 0.04709 0.98127
0.465928 0.092626 0.811134 0.17648 0.14008 0.97429
0.456122 0.030859 0.818811 0.17357 0.04694 0.98370
0.410218 0.209160 0.793014 0.15289 0.31218 0.93764
0.439107 0.152092 0.804488 0.16511 0.22878 0.95937
0.389469 0.030203 0.829660 0.14689 0.04556 0.98810
0.432233 0.091586 0.817163 0.16361 0.13858 0.97674
0.422496 0.030523 0.824515 0.16005 0.04621 0.98603
0.444485 0.061453 0.818653 0.16876 0.09319 0.98124
0.281993 0.407878 0.708356 0.10101 0.58552 0.80434
0.315249 0.362936 0.734390 0.11413 0.52636 0.84257
0.379689 0.263471 0.777184 0.14031 0.38984 0.91013
0.347915 0.314779 0.757482 0.12725 0.46117 0.87814
0.261433 0.029262 0.845444 0.09728 0.04363 0.99430
0.301668 0.088353 0.835949 0.11246 0.13181 0.98488
0.292742 0.029476 0.842181 0.10934 0.04399 0.99303
0.377464 0.207207 0.798789 0.14064 0.30891 0.94064
0.340482 0.147835 0.820453 0.12697 0.22064 0.96706
0.391818 0.179288 0.805126 0.14676 0.26825 0.95210
0.356577 0.029971 0.834336 0.13403 0.04502 0.98995
0.333467 0.089070 0.832021 0.12486 0.13321 0.98319
0.324490 0.029705 0.838482 0.12154 0.04447 0.99159
0.377930 0.060227 0.829277 0.14228 0.09062 0.98567
0.313277 0.059216 0.837851 0.11715 0.08845 0.98917
0.419174 0.121549 0.814365 0.15820 0.18314 0.97028
0.353451 0.119269 0.824593 0.13238 0.17835 0.97502
0.405766 0.150681 0.810342 0.15257 0.22636 0.96202
0.398841 0.090809 0.822627 0.15036 0.13677 0.97913
0.372856 0.149268 0.815658 0.13968 0.22339 0.96467
0.365884 0.089977 0.827575 0.13742 0.13500 0.98127
0.016039 0.659033 0.433257 0.00600 0.88767 0.46045
0.048385 0.637196 0.472098 0.01699 0.86316 0.50464
0.000000 0.648566 0.452896 0.00000 0.87553 0.48317
0.114106 0.585893 0.546729 0.03976 0.80456 0.59254
0.081080 0.612851 0.509954 0.02821 0.83554 0.54870
-0.032313 0.625765 0.491485 -0.01098 0.84955 0.52739
0.032313 0.625765 0.491485 0.01098 0.84955 0.52739
-0.016135 0.637462 0.472340 -0.00546 0.86294 0.50528
0.016135 0.637462 0.472340 0.00546 0.86294 0.50528
0.248400 0.449608 0.679793 0.08875 0.63958 0.76358
0.214674 0.488179 0.649062 0.07602 0.68772 0.72199
0.147424 0.556208 0.582292 0.05144 0.76976 0.63625
0.180976 0.523676 0.616474 0.06359 0.73099 0.67942
-0.097832 0.572327 0.565588 -0.03371 0.78748 0.61542
-0.032528 0.573376 0.566625 -0.01119 0.78788 0.61573
-0.081402 0.586634 0.547573 -0.02793 0.80444 0.59338
0.097832 0.572327 0.565588 0.03371 0.78748 0.61542
0.032528 0.573376 0.566625 0.01119 0.78788 0.61573
0.081402 0.586634 0.547573 0.02793 0.80444 0.59338
-0.048691 0.613282 0.510602 -0.01656 0.83530 0.54954
-0.016343 0.587369 0.548412 -0.00558 0.80467 0.59370
-0.065002 0.600303 0.529209 -0.02223 0.82030 0.57150
-0.016237 0.613580 0.510801 -0.00553 0.83541 0.54960
-0.048800 0.587125 0.548133 -0.01674 0.80459 0.59360
0.048691 0.613282 0.510602 0.01656 0.83530 0.54954
0.016343 0.587369 0.548412 0.00558 0.80467 0.59370
0.065002 0.600303 0.529209 0.02223 0.82030 0.57150
0.016237 0.613580 0.510801 0.00553 0.83541 0.54960
0.048800 0.587125 0.548133 0.01674 0.80459 0.59360
0.000000 0.600763 0.529812 0.00000 0.82043 0.57175
0.017725 0.028680 0.858105 0.00617 0.04244 0.99908
0.053065 0.085861 0.852797 0.01916 0.12655 0.99177
0.047473 0.028702 0.857746 0.01752 0.04230 0.99895
0.000000 0.057330 0.856344 -0.00000 0.08444 0.99643
0.122536 0.198267 0.826427 0.04445 0.29045 0.95586
0.088074 0.142507 0.842216 0.03194 0.20951 0.97729
0.107253 0.028811 0.856034 0.03964 0.04252 0.99831
0.082919 0.085998 0.852026 0.03060 0.12664 0.99148
0.077348 0.028741 0.857057 0.02854 0.04238 0.99869
0.065238 0.057415 0.855550 0.02406 0.08456 0.99613
-0.035281 0.114365 0.848845 -0.01298 0.16817 0.98567
0.035281 0.114365 0.848845 0.01298 0.16817 0.98567
-0.017704 0.085955 0.853249 -0.00651 0.12643 0.99195
0.017704 0.085955 0.853249 0.00651 0.12643 0.99195
0.250703 0.405647 0.713681 0.08931 0.58194 0.80831
0.220518 0.356805 0.748981 0.07896 0.51507 0.85350
0.267065 0.383740 0.727012 0.09630 0.55280 0.82773
0.156235 0.252793 0.805532 0.05639 0.36892 0.92775
0.188963 0.305749 0.779662 0.06798 0.44389 0.89350
0.299439 0.337520 0.751621 0.10906 0.49099 0.86431
0.236096 0.333655 0.760888 0.08562 0.48331 0.87125
0.283349 0.360998 0.739693 0.10267 0.52265 0.84634
0.251742 0.358956 0.744552 0.09104 0.51862 0.85014
0.229017 0.029284 0.848413 0.08519 0.04351 0.99541
0.204424 0.087185 0.845365 0.07584 0.12907 0.98873
0.198339 0.029118 0.850861 0.07355 0.04316 0.99636
0.249104 0.058559 0.844696 0.09265 0.08704 0.99189
0.152764 0.198891 0.824643 0.05622 0.29152 0.95491
0.178931 0.143846 0.837357 0.06616 0.21202 0.97502
0.135566 0.171087 0.833441 0.04980 0.25106 0.96669
0.137629 0.028867 0.854656 0.05086 0.04266 0.99779
0.173926 0.086763 0.847576 0.06428 0.12822 0.98966
0.167845 0.028984 0.852940 0.06216 0.04288 0.99714
0.125421 0.057660 0.853405 0.04633 0.08512 0.99529
0.186239 0.058094 0.849846 0.06898 0.08595 0.99391
0.288355 0.117550 0.832879 0.10733 0.17490 0.97872
0.223649 0.116358 0.839358 0.08283 0.17229 0.98156
0.268922 0.088034 0.839520 0.10007 0.13087 0.98634
0.236474 0.087650 0.842655 0.08779 0.12998 0.98762
0.100681 0.114693 0.847130 0.03708 0.16864 0.98498
0.161218 0.115404 0.844041 0.05951 0.17007 0.98363
0.118175 0.142975 0.840948 0.04348 0.21012 0.97671
0.113073 0.086323 0.850887 0.04172 0.12721 0.99100
0.148492 0.143417 0.839331 0.05468 0.21101 0.97595
0.143442 0.086573 0.849405 0.05296 0.12772 0.99039
-0.104404 0.226123 0.818121 -0.03814 0.33037 0.94308
-0.034719 0.226595 0.819829 -0.01267 0.33058 0.94369
-0.087449 0.198722 0.827698 -0.03200 0.29051 0.95634
0.104404 0.226123 0.818121 0.03814 0.33037 0.94308
0.034719 0.226595 0.819829 0.01267 0.33058 0.94369
0.087449 0.198722 0.827698 0.03200 0.29051 0.95634
-0.052941 0.142945 0.843052 -0.01939 0.20968 0.97758
-0.017602 0.199173 0.828963 -0.00640 0.29084 0.95675
-0.070260 0.170935 0.836028 -0.02576 0.25040 0.96780
-0.017664 0.142973 0.843513 -0.00648 0.20970 0.97775
-0.052439 0.199023 0.828543 -0.01919 0.29074 0.95661
0.052941 0.142945 0.843052 0.01939 0.20968 0.97758
0.017602 0.199173 0.828963 0.00640 0.29084 0.95675
0.070260 0.170935 0.836028 0.02576 0.25040 0.96780
0.017664 0.142973 0.843513 0.00648 0.20970 0.97775
0.052439 0.199023 0.828543 0.01919 0.29074 0.95661
0.000000 0.171304 0.836866 0.00000 0.25069 0.96807
0.361810 0.235622 0.791075 0.13437 0.34905 0.92742
0.296553 0.233223 0.800511 0.10947 0.34341 0.93278
0.346696 0.262137 0.782614 0.12811 0.38702 0.91313
0.344269 0.206360 0.803796 0.12796 0.30641 0.94326
0.170381 0.227374 0.814167 0.06240 0.33217 0.94115
0.232857 0.230467 0.808149 0.08556 0.33781 0.93732
0.187163 0.254510 0.802757 0.06838 0.37146 0.92593
0.183841 0.200418 0.822164 0.06753 0.29406 0.95340
0.315555 0.313005 0.762878 0.11546 0.45772 0.88157
0.281948 0.259267 0.791996 0.10358 0.38064 0.91890
0.331236 0.287974 0.773183 0.12183 0.42311 0.89785
0.283363 0.311355 0.767715 0.10344 0.45411 0.88492
0.314084 0.260739 0.787546 0.11573 0.38380 0.91614
0.307559 0.147361 0.824664 0.11441 0.21906 0.96898
0.279146 0.204310 0.812403 0.10313 0.30160 0.94784
0.326146 0.176882 0.815003 0.12132 0.26288 0.95717
0.274848 0.146587 0.828485 0.10200 0.21734 0.97075
0.311461 0.205397 0.808329 0.11542 0.30403 0.94564
0.219997 0.307603 0.776156 0.08003 0.44686 0.89102
0.249842 0.257761 0.796018 0.09162 0.37756 0.92144
0.203729 0.281299 0.790066 0.07426 0.40960 0.90924
0.251480 0.309556 0.772137 0.09161 0.45049 0.88807
0.218396 0.256163 0.799589 0.07991 0.37448 0.92378
0.266801 0.284720 0.782537 0.09762 0.41622 0.90401
0.210427 0.144992 0.834786 0.07778 0.21396 0.97374
0.246842 0.203145 0.816074 0.09103 0.29916 0.94985
0.197226 0.172906 0.829059 0.07266 0.25451 0.96434
0.242436 0.145803 0.831855 0.08977 0.21565 0.97234
0.215234 0.201832 0.819311 0.07918 0.29664 0.95170
0.260971 0.175175 0.822860 0.09655 0.25886 0.96108
-0.231075 0.430748 0.696965 -0.08249 0.61269 0.78601
-0.163922 0.433249 0.701012 -0.05828 0.61376 0.78734
-0.214549 0.450944 0.682315 -0.07616 0.63967 0.76487
-0.216588 0.407342 0.715989 -0.07752 0.58245 0.80916
-0.032559 0.435669 0.704928 -0.01154 0.61479 0.78861
-0.097903 0.434872 0.703637 -0.03472 0.61445 0.78819
-0.181361 0.489075 0.651420 -0.06376 0.68739 0.72349
-0.147843 0.452995 0.686190 -0.05227 0.64024 0.76640
-0.197950 0.470414 0.667096 -0.06995 0.66414 0.74433
-0.181011 0.452072 0.684443 -0.06414 0.63998 0.76571
-0.186430 0.358625 0.750808 -0.06712 0.51603 0.85394
-0.149347 0.409947 0.719535 -0.05323 0.58393 0.81006
-0.201672 0.383251 0.733975 -0.07243 0.54981 0.83215
-0.182767 0.408772 0.717939 -0.06530 0.58327 0.80965
0.231075 0.430748 0.696965 0.08249 0.61269 0.78601
0.163922 0.433249 0.701012 0.05828 0.61376 0.78734
0.214549 0.450944 0.682315 0.07616 0.63967 0.76487
0.216588 0.407342 0.715989 0.07752 0.58245 0.80916
0.032559 0.435669 0.704928 0.01154 0.61479 0.78861
0.097903 0.434872 0.703637 0.03472 0.61445 0.78819
0.181361 0.489075 0.651420 0.06376 0.68739 0.72349
0.147843 0.452995 0.686190 0.05227 0.64024 0.76640
0.197950 0.470414 0.667096 0.06995 0.66414 0.74433
0.181011 0.452072 0.684443 0.06414 0.63998 0.76571
0.186430 0.358625 0.750808 0.06712 0.51603 0.85394
0.149347 0.409947 0.719535 0.05323 0.58393 0.81006
0.201672 0.383251 0.733975 0.07243 0.54981 0.83215
0.182767 0.408772 0.717939 0.06530 0.58327 0.80965
-0.114914 0.556552 0.584190 -0.03960 0.76915 0.63784
-0.082797 0.525047 0.621623 -0.02867 0.73001 0.68284
-0.131440 0.540830 0.601520 -0.04564 0.75031 0.65951
-0.081983 0.557407 0.584914 -0.02832 0.76945 0.63808
-0.016815 0.454821 0.689627 -0.00585 0.64076 0.76772
-0.050078 0.491133 0.656816 -0.01745 0.68724 0.72622
-0.049303 0.454640 0.689285 -0.01740 0.64068 0.76761
-0.164613 0.507193 0.635087 -0.05765 0.70957 0.70228
-0.099020 0.508228 0.638339 -0.03459 0.70925 0.70411
-0.148030 0.524355 0.618522 -0.05160 0.73050 0.68096
-0.148181 0.489929 0.653260 -0.05203 0.68743 0.72438
-0.115286 0.524811 0.620236 -0.04015 0.73024 0.68201
-0.016470 0.558256 0.585634 -0.00566 0.76983 0.63823
-0.049731 0.525706 0.622033 -0.01725 0.73029 0.68292
-0.049151 0.557974 0.585395 -0.01698 0.76970 0.63817
-0.065928 0.541841 0.603765 -0.02285 0.75031 0.66069
-0.114647 0.453738 0.687576 -0.04052 0.64044 0.76694
-0.082490 0.490845 0.656053 -0.02894 0.68724 0.72585
-0.081933 0.454279 0.688603 -0.02891 0.64058 0.76735
-0.131505 0.472080 0.670788 -0.04632 0.66436 0.74598
-0.065968 0.473061 0.672962 -0.02319 0.66443 0.74699
-0.115206 0.490518 0.654802 -0.04041 0.68739 0.72517
-0.122002 0.254562 0.806697 -0.04424 0.37027 0.92787
-0.086923 0.310171 0.783156 -0.03123 0.44765 0.89366
-0.138479 0.281186 0.794575 -0.05032 0.40817 0.91152
-0.087078 0.254821 0.808024 -0.03168 0.37042 0.92832
-0.017199 0.412255 0.722698 -0.00600 0.58519 0.81087
-0.051919 0.362789 0.755020 -0.01848 0.51934 0.85437
-0.049926 0.412023 0.722384 -0.01776 0.58510 0.81077
-0.170634 0.333138 0.766689 -0.06167 0.48096 0.87457
-0.102942 0.335797 0.769038 -0.03709 0.48336 0.87464
-0.154726 0.307434 0.781210 -0.05606 0.44502 0.89376
-0.152419 0.359966 0.752423 -0.05480 0.51706 0.85419
-0.120677 0.308906 0.782373 -0.04368 0.44647 0.89373
-0.017543 0.255079 0.809345 -0.00634 0.37041 0.92885
-0.052268 0.310220 0.784105 -0.01882 0.44759 0.89404
-0.052220 0.254994 0.808906 -0.01900 0.37041 0.92867
-0.069659 0.282911 0.796649 -0.02526 0.40969 0.91187
-0.115778 0.410874 0.720822 -0.04126 0.58445 0.81038
-0.085059 0.362198 0.754428 -0.03056 0.51890 0.85429
-0.082821 0.411565 0.721758 -0.02945 0.58484 0.81061
-0.134095 0.385920 0.737089 -0.04799 0.55161 0.83272
-0.067461 0.387492 0.738925 -0.02409 0.55274 0.83300
-0.118592 0.361154 0.753628 -0.04259 0.51801 0.85431
0.114914 0.556552 0.584190 0.03960 0.76915 0.63784
0.082797 0.525047 0.621623 0.02867 0.73001 0.68284
0.131440 0.540830 0.601520 0.04564 0.75031 0.65951
0.081983 0.557407 0.584914 0.02832 0.76945 0.63808
0.016815 0.454821 0.689627 0.00585 0.64076 0.76772
0.050078 0.491133 0.656816 0.01745 0.68724 0.72622
0.049303 0.454640 0.689285 0.01740 0.64068 0.76761
0.000000 0.473390 0.673691 0.00000 0.66450 0.74729
0.164613 0.507193 0.635087 0.05765 0.70957 0.70228
0.099020 0.508228 0.638339 0.03459 0.70925 0.70411
0.148030 0.524355 0.618522 0.05160 0.73050 0.68096
0.148181 0.489929 0.653260 0.05203 0.68743 0.72438
0.115286 0.524811 0.620236 0.04015 0.73024 0.68201
0.016470 0.558256 0.585634 0.00566 0.76983 0.63823
0.049731 0.525706 0.622033 0.01725 0.73029 0.68292
0.049151 0.557974 0.585395 0.01698 0.76970 0.63817
0.000000 0.542452 0.604209 -0.00000 0.75061 0.66075
0.065928 0.541841 0.603765 0.02285 0.75031 0.66069
0.114647 0.453738 0.687576 0.04052 0.64044 0.76694
0.082490 0.490845 0.656053 0.02894 0.68724 0.72585
0.081933 0.454279 0.688603 0.02891 0.64058 0.76735
0.131505 0.472080 0.670788 0.04632 0.66436 0.74598
0.065968 0.473061 0.672962 0.02319 0.66443 0.74699
0.115206 0.490518 0.654802 0.04041 0.68739 0.72517
-0.033223 0.508753 0.639964 -0.01159 0.70922 0.70489
0.033223 0.508753 0.639964 0.01159 0.70922 0.70489
-0.016702 0.491397 0.657103 -0.00584 0.68731 0.72634
-0.016586 0.525926 0.622356 -0.00576 0.73038 0.68302
0.016702 0.491397 0.657103 0.00584 0.68731 0.72634
0.016586 0.525926 0.622356 0.00576 0.73038 0.68302
0.122002 0.254562 0.806697 0.04424 0.37027 0.92787
0.086923 0.310171 0.783156 0.03123 0.44765 0.89366
0.138479 0.281186 0.794575 0.05032 0.40817 0.91152
0.087078 0.254821 0.808024 0.03168 0.37042 0.92832
0.017199 0.412255 0.722698 0.00600 0.58519 0.81087
0.051919 0.362789 0.755020 0.01848 0.51934 0.85437
0.049926 0.412023 0.722384 0.01776 0.58510 0.81077
0.000000 0.388023 0.739547 -0.00000 0.55305 0.83315
0.170634 0.333138 0.766689 0.06167 0.48096 0.87457
0.102942 0.335797 0.769038 0.03709 0.48336 0.87464
0.154726 0.307434 0.781210 0.05606 0.44502 0.89376
0.152419 0.359966 0.752423 0.05480 0.51706 0.85419
0.120677 0.308906 0.782373 0.04368 0.44647 0.89373
0.017543 0.255079 0.809345 0.00634 0.37041 0.92885
0.052268 0.310220 0.784105 0.01882 0.44759 0.89404
0.052220 0.254994 0.808906 0.01900 0.37041 0.92867
0.000000 0.283021 0.797563 0.00000 0.40963 0.91225
0.069659 0.282911 0.796649 0.02526 0.40969 0.91187
0.115778 0.410874 0.720822 0.04126 0.58445 0.81038
0.085059 0.362198 0.754428 0.03056 0.51890 0.85429
0.082821 0.411565 0.721758 0.02945 0.58484 0.81061
0.134095 0.385920 0.737089 0.04799 0.55161 0.83272
0.067461 0.387492 0.738925 0.02409 0.55274 0.83300
0.118592 0.361154 0.753628 0.04259 0.51801 0.85431
-0.034667 0.337127 0.770234 -0.01247 0.48431 0.87481
0.034667 0.337127 0.770234 0.01247 0.48431 0.87481
-0.017324 0.362933 0.755434 -0.00620 0.51943 0.85449
-0.017441 0.310428 0.784491 -0.00629 0.44768 0.89417
0.017324 0.362933 0.755434 0.00620 0.51943 0.85449
0.017441 0.310428 0.784491 0.00629 0.44768 0.89417
0.000000 0.680642 -0.388785 0.00000 0.91135 -0.41163
0.000000 0.701485 -0.338665 0.00000 0.93423 -0.35666
0.000000 0.733906 -0.236212 -0.00000 0.96910 -0.24668
0.000000 0.719222 -0.287752 0.00000 0.95342 -0.30165
0.000000 0.762989 -0.026409 0.00000 0.99962 -0.02746
0.000000 0.760099 -0.079179 0.00000 0.99662 -0.08216
0.000000 0.745586 -0.184188 0.00000 0.98145 -0.19174
0.000000 0.754306 -0.131806 -0.00000 0.99058 -0.13692
0.000000 0.680642 0.388785 -0.00000 0.91135 0.41163
0.000000 0.701485 0.338665 -0.00000 0.93423 0.35666
0.000000 0.733906 0.236212 0.00000 0.96910 0.24668
0.000000 0.719222 0.287752 -0.00000 0.95342 0.30165
0.000000 0.762989 0.026409 0.00000 0.99962 0.02746
0.000000 0.760099 0.079179 -0.00000 0.99662 0.08216
0.000000 0.745586 0.184188 -0.00000 0.98145 0.19174
0.000000 0.754306 0.131806 0.00000 0.99058 0.13692
-0.490240 -0.031237 -0.812531 -0.18677 -0.04709 -0.98127
-0.465928 -0.092626 -0.811134 -0.17648 -0.14008 -0.97429
-0.456122 -0.030859 -0.818811 -0.17357 -0.04694 -0.98370
-0.410218 -0.209160 -0.793014 -0.15289 -0.31218 -0.93764
-0.439107 -0.152092 -0.804488 -0.16511 -0.22878 -0.95937
-0.389469 -0.030203 -0.829660 -0.14689 -0.04556 -0.98810
-0.432233 -0.091586 -0.817163 -0.16361 -0.13858 -0.97674
-0.422496 -0.030523 -0.824515 -0.16005 -0.04621 -0.98603
-0.444485 -0.061453 -0.818653 -0.16876 -0.09319 -0.98124
-0.281993 -0.407878 -0.708356 -0.10101 -0.58552 -0.80434
-0.315249 -0.362936 -0.734390 -0.11413 -0.52636 -0.84257
-0.379689 -0.263471 -0.777184 -0.14031 -0.38984 -0.91013
-0.347915 -0.314779 -0.757482 -0.12725 -0.46117 -0.87814
-0.261433 -0.029262 -0.845444 -0.09728 -0.04363 -0.99430
-0.301668 -0.088353 -0.835949 -0.11246 -0.13181 -0.98488
-0.292742 -0.029476 -0.842181 -0.10934 -0.04399 -0.99303
-0.377464 -0.207207 -0.798789 -0.14064 -0.30891 -0.94064
-0.340482 -0.147835 -0.820453 -0.12697 -0.22064 -0.96706
-0.391818 -0.179288 -0.805126 -0.14676 -0.26825 -0.95210
-0.356577 -0.029971 -0.834336 -0.13403 -0.04502 -0.98995
-0.333467 -0.089070 -0.832021 -0.12486 -0.13321 -0.98319
-0.324490 -0.029705 -0.838482 -0.12154 -0.04447 -0.99159
-0.377930 -0.060227 -0.829277 -0.14228 -0.09062 -0.98567
-0.313277 -0.059216 -0.837851 -0.11715 -0.08845 -0.98917
-0.419174 -0.121549 -0.814365 -0.15820 -0.18314 -0.97028
-0.353451 -0.119269 -0.824593 -0.13238 -0.17835 -0.97502
-0.405766 -0.150681 -0.810342 -0.15257 -0.22636 -0.96202
-0.398841 -0.090809 -0.822627 -0.15036 -0.13677 -0.97913
-0.372856 -0.149268 -0.815658 -0.13968 -0.22339 -0.96467
-0.365884 -0.089977 -0.827575 -0.13742 -0.13500 -0.98127
-0.016039 -0.659033 -0.433257 -0.00600 -0.88767 -0.46045
-0.048385 -0.637196 -0.472098 -0.01699 -0.86316 -0.50464
-0.114106 -0.585893 -0.546729 -0.03976 -0.80456 -0.59254
-0.081080 -0.612851 -0.509954 -0.02821 -0.83554 -0.54870
-0.248400 -0.449608 -0.679793 -0.08875 -0.63958 -0.76358
-0.214674 -0.488179 -0.649062 -0.07602 -0.68772 -0.72199
-0.147424 -0.556208 -0.582292 -0.05144 -0.76976 -0.63625
-0.180976 -0.523676 -0.616474 -0.06359 -0.73099 -0.67942
-0.017725 -0.028680 -0.858105 -0.00617 -0.04244 -0.99908
-0.053065 -0.085861 -0.852797 -0.01916 -0.12655 -0.99177
-0.047473 -0.028702 -0.857746 -0.01752 -0.04230 -0.99895
-0.122536 -0.198267 -0.826427 -0.04445 -0.29045 -0.95586
-0.088074 -0.142507 -0.842216 -0.03194 -0.20951 -0.97729
-0.107253 -0.028811 -0.856034 -0.03964 -0.04252 -0.99831
-0.082919 -0.085998 -0.852026 -0.03060 -0.12664 -0.99148
-0.077348 -0.028741 -0.857057 -0.02854 -0.04238 -0.99869
-0.065238 -0.057415 -0.855550 -0.02406 -0.08456 -0.99613
-0.250703 -0.405647 -0.713681 -0.08931 -0.58194 -0.80831
-0.220518 -0.356805 -0.748981 -0.07896 -0.51507 -0.85350
-0.267065 -0.383740 -0.727012 -0.09630 -0.55280 -0.82773
-0.156235 -0.252793 -0.805532 -0.05639 -0.36892 -0.92775
-0.188963 -0.305749 -0.779662 -0.06798 -0.44389 -0.89350
-0.299439 -0.337520 -0.751621 -0.10906 -0.49099 -0.86431
-0.236096 -0.333655 -0.760888 -0.08562 -0.48331 -0.87125
-0.283349 -0.360998 -0.739693 -0.10267 -0.52265 -0.84634
-0.251742 -0.358956 -0.744552 -0.09104 -0.51862 -0.85014
-0.229017 -0.029284 -0.848413 -0.08519 -0.04351 -0.99541
-0.204424 -0.087185 -0.845365 -0.07584 -0.12907 -0.98873
-0.198339 -0.029118 -0.850861 -0.07355 -0.04316 -0.99636
-0.249104 -0.058559 -0.844696 -0.09265 -0.08704 -0.99189
-0.152764 -0.198891 -0.824643 -0.05622 -0.29152 -0.95491
-0.178931 -0.143846 -0.837357 -0.06616 -0.21202 -0.97502
-0.135566 -0.171087 -0.833441 -0.04980 -0.25106 -0.96669
-0.137629 -0.028867 -0.854656 -0.05086 -0.04266 -0.99779
-0.173926 -0.086763 -0.847576 -0.06428 -0.12822 -0.98966
-0.167845 -0.028984 -0.852940 -0.06216 -0.04288 -0.99714
-0.125421 -0.057660 -0.853405 -0.04633 -0.08512 -0.99529
-0.186239 -0.058094 -0.849846 -0.06898 -0.08595 -0.99391
-0.288355 -0.117550 -0.832879 -0.10733 -0.17490 -0.97872
-0.223649 -0.116358 -0.839358 -0.08283 -0.17229 -0.98156
-0.268922 -0.088034 -0.839520 -0.10007 -0.13087 -0.98634
-0.236474 -0.087650 -0.842655 -0.08779 -0.12998 -0.98762
-0.100681 -0.114693 -0.847130 -0.03708 -0.16864 -0.98498
-0.161218 -0.115404 -0.844041 -0.05951 -0.17007 -0.98363
-0.118175 -0.142975 -0.840948 -0.04348 -0.21012 -0.97671
-0.113073 -0.086323 -0.850887 -0.04172 -0.12721 -0.99100
-0.148492 -0.143417 -0.839331 -0.05468 -0.21101 -0.97595
-0.143442 -0.086573 -0.849405 -0.05296 -0.12772 -0.99039
-0.361810 -0.235622 -0.791075 -0.13437 -0.34905 -0.92742
-0.296553 -0.233223 -0.800511 -0.10947 -0.34341 -0.93278
-0.346696 -0.262137 -0.782614 -0.12811 -0.38702 -0.91313
-0.344269 -0.206360 -0.803796 -0.12796 -0.30641 -0.94326
-0.170381 -0.227374 -0.814167 -0.06240 -0.33217 -0.94115
-0.232857 -0.230467 -0.808149 -0.08556 -0.33781 -0.93732
-0.187163 -0.254510 -0.802757 -0.06838 -0.37146 -0.92593
-0.183841 -0.200418 -0.822164 -0.06753 -0.29406 -0.95340
-0.315555 -0.313005 -0.762878 -0.11546 -0.45772 -0.88157
-0.281948 -0.259267 -0.791996 -0.10358 -0.38064 -0.91890
-0.331236 -0.287974 -0.773183 -0.12183 -0.42311 -0.89785
-0.283363 -0.311355 -0.767715 -0.10344 -0.45411 -0.88492
-0.314084 -0.260739 -0.787546 -0.11573 -0.38380 -0.91614
-0.307559 -0.147361 -0.824664 -0.11441 -0.21906 -0.96898
-0.279146 -0.204310 -0.812403 -0.10313 -0.30160 -0.94784
-0.326146 -0.176882 -0.815003 -0.12132 -0.26288 -0.95717
-0.274848 -0.146587 -0.828485 -0.10200 -0.21734 -0.97075
-0.311461 -0.205397 -0.808329 -0.11542 -0.30403 -0.94564
-0.219997 -0.307603 -0.776156 -0.08003 -0.44686 -0.89102
-0.249842 -0.257761 -0.796018 -0.09162 -0.37756 -0.92144
-0.203729 -0.281299 -0.790066 -0.07426 -0.40960 -0.90924
-0.251480 -0.309556 -0.772137 -0.09161 -0.45049 -0.88807
-0.218396 -0.256163 -0.799589 -0.07991 -0.37448 -0.92378
-0.266801 -0.284720 -0.782537 -0.09762 -0.41622 -0.90401
-0.210427 -0.144992 -0.834786 -0.07778 -0.21396 -0.97374
-0.246842 -0.203145 -0.816074 -0.09103 -0.29916 -0.94985
-0.197226 -0.172906 -0.829059 -0.07266 -0.25451 -0.96434
-0.242436 -0.145803 -0.831855 -0.08977 -0.21565 -0.97234
-0.215234 -0.201832 -0.819311 -0.07918 -0.29664 -0.95170
-0.260971 -0.175175 -0.822860 -0.09655 -0.25886 -0.96108
0.490240 -0.031237 -0.812531 0.18677 -0.04709 -0.98127
0.465928 -0.092626 -0.811134 0.17648 -0.14008 -0.97429
0.456122 -0.030859 -0.818811 0.17357 -0.04694 -0.98370
0.410218 -0.209160 -0.793014 0.15289 -0.31218 -0.93764
0.439107 -0.152092 -0.804488 0.16511 -0.22878 -0.95937
0.389469 -0.030203 -0.829660 0.14689 -0.04556 -0.98810
0.432233 -0.091586 -0.817163 0.16361 -0.13858 -0.97674
0.422496 -0.030523 -0.824515 0.16005 -0.04621 -0.98603
0.444485 -0.061453 -0.818653 0.16876 -0.09319 -0.98124
0.281993 -0.407878 -0.708356 0.10101 -0.58552 -0.80434
0.315249 -0.362936 -0.734390 0.11413 -0.52636 -0.84257
0.379689 -0.263471 -0.777184 0.14031 -0.38984 -0.91013
0.347915 -0.314779 -0.757482 0.12725 -0.46117 -0.87814
0.261433 -0.029262 -0.845444 0.09728 -0.04363 -0.99430
0.301668 -0.088353 -0.835949 0.11246 -0.13181 -0.98488
0.292742 -0.029476 -0.842181 0.10934 -0.04399 -0.99303
0.377464 -0.207207 -0.798789 0.14064 -0.30891 -0.94064
0.340482 -0.147835 -0.820453 0.12697 -0.22064 -0.96706
0.391818 -0.179288 -0.805126 0.14676 -0.26825 -0.95210
0.356577 -0.029971 -0.834336 0.13403 -0.04502 -0.98995
0.333467 -0.089070 -0.832021 0.12486 -0.13321 -0.98319
0.324490 -0.029705 -0.838482 0.12154 -0.04447 -0.99159
0.377930 -0.060227 -0.829277 0.14228 -0.09062 -0.98567
0.313277 -0.059216 -0.837851 0.11715 -0.08845 -0.98917
0.419174 -0.121549 -0.814365 0.15820 -0.18314 -0.97028
0.353451 -0.119269 -0.824593 0.13238 -0.17835 -0.97502
0.405766 -0.150681 -0.810342 0.15257 -0.22636 -0.96202
0.398841 -0.090809 -0.822627 0.15036 -0.13677 -0.97913
0.372856 -0.149268 -0.815658 0.13968 -0.22339 -0.96467
0.365884 -0.089977 -0.827575 0.13742 -0.13500 -0.98127
0.016039 -0.659033 -0.433257 0.00600 -0.88767 -0.46045
0.048385 -0.637196 -0.472098 0.01699 -0.86316 -0.50464
0.000000 -0.648566 -0.452896 0.00000 -0.87553 -0.48317
0.114106 -0.585893 -0.546729 0.03976 -0.80456 -0.59254
0.081080 -0.612851 -0.509954 0.02821 -0.83554 -0.54870
-0.032313 -0.625765 -0.491485 -0.01098 -0.84955 -0.52739
0.032313 -0.625765 -0.491485 0.01098 -0.84955 -0.52739
-0.016135 -0.637462 -0.472340 -0.00546 -0.86294 -0.50528
0.016135 -0.637462 -0.472340 0.00546 -0.86294 -0.50528
0.248400 -0.449608 -0.679793 0.08875 -0.63958 -0.76358
0.214674 -0.488179 -0.649062 0.07602 -0.68772 -0.72199
0.147424 -0.556208 -0.582292 0.05144 -0.76976 -0.63625
0.180976 -0.523676 -0.616474 0.06359 -0.73099 -0.67942
-0.097832 -0.572327 -0.565588 -0.03371 -0.78748 -0.61542
-0.032528 -0.573376 -0.566625 -0.01119 -0.78788 -0.61573
-0.081402 -0.586634 -0.547573 -0.02793 -0.80444 -0.59338
0.097832 -0.572327 -0.565588 0.03371 -0.78748 -0.61542
0.032528 -0.573376 -0.566625 0.01119 -0.78788 -0.61573
0.081402 -0.586634 -0.547573 0.02793 -0.80444 -0.59338
-0.048691 -0.613282 -0.510602 -0.01656 -0.83530 -0.54954
-0.016343 -0.587369 -0.548412 -0.00558 -0.80467 -0.59370
-0.065002 -0.600303 -0.529209 -0.02223 -0.82030 -0.57150
-0.016237 -0.613580 -0.510801 -0.00553 -0.83541 -0.54960
-0.048800 -0.587125 -0.548133 -0.01674 -0.80459 -0.59360
0.048691 -0.613282 -0.510602 0.01656 -0.83530 -0.54954
0.016343 -0.587369 -0.548412 0.00558 -0.80467 -0.59370
0.065002 -0.600303 -0.529209 0.02223 -0.82030 -0.57150
0.016237 -0.613580 -0.510801 0.00553 -0.83541 -0.54960
0.048800 -0.587125 -0.548133 0.01674 -0.80459 -0.59360
0.000000 -0.600763 -0.529812 -0.00000 -0.82043 -0.57175
0.017725 -0.028680 -0.858105 0.00617 -0.04244 -0.99908
0.053065 -0.085861 -0.852797 0.01916 -0.12655 -0.99177
0.047473 -0.028702 -0.857746 0.01752 -0.04230 -0.99895
0.000000 -0.057330 -0.856344 0.00000 -0.08444 -0.99643
0.122536 -0.198267 -0.826427 0.04445 -0.29045 -0.95586
0.088074 -0.142507 -0.842216 0.03194 -0.20951 -0.97729
0.107253 -0.028811 -0.856034 0.03964 -0.04252 -0.99831
0.082919 -0.085998 -0.852026 0.03060 -0.12664 -0.99148
0.077348 -0.028741 -0.857057 0.02854 -0.04238 -0.99869
0.065238 -0.057415 -0.855550 0.02406 -0.08456 -0.99613
-0.035281 -0.114365 -0.848845 -0.01298 -0.16817 -0.98567
0.035281 -0.114365 -0.848845 0.01298 -0.16817 -0.98567
-0.017704 -0.085955 -0.853249 -0.00651 -0.12643 -0.99195
0.017704 -0.085955 -0.853249 0.00651 -0.12643 -0.99195
0.250703 -0.405647 -0.713681 0.08931 -0.58194 -0.80831
0.220518 -0.356805 -0.748981 0.07896 -0.51507 -0.85350
0.267065 -0.383740 -0.727012 0.09630 -0.55280 -0.82773
0.156235 -0.252793 -0.805532 0.05639 -0.36892 -0.92775
0.188963 -0.305749 -0.779662 0.06798 -0.44389 -0.89350
0.299439 -0.337520 -0.751621 0.10906 -0.49099 -0.86431
0.236096 -0.333655 -0.760888 0.08562 -0.48331 -0.87125
0.283349 -0.360998 -0.739693 0.10267 -0.52265 -0.84634
0.251742 -0.358956 -0.744552 0.09104 -0.51862 -0.85014
0.229017 -0.029284 -0.848413 0.08519 -0.04351 -0.99541
0.204424 -0.087185 -0.845365 0.07584 -0.12907 -0.98873
0.198339 -0.029118 -0.850861 0.07355 -0.04316 -0.99636
0.249104 -0.058559 -0.844696 0.09265 -0.08704 -0.99189
0.152764 -0.198891 -0.824643 0.05622 -0.29152 -0.95491
0.178931 -0.143846 -0.837357 0.06616 -0.21202 -0.97502
0.135566 -0.171087 -0.833441 0.04980 -0.25106 -0.96669
0.137629 -0.028867 -0.854656 0.05086 -0.04266 -0.99779
0.173926 -0.086763 -0.847576 0.06428 -0.12822 -0.98966
0.167845 -0.028984 -0.852940 0.06216 -0.04288 -0.99714
0.125421 -0.057660 -0.853405 0.04633 -0.08512 -0.99529
0.186239 -0.058094 -0.849846 0.06898 -0.08595 -0.99391
0.288355 -0.117550 -0.832879 0.10733 -0.17490 -0.97872
0.223649 -0.116358 -0.839358 0.08283 -0.17229 -0.98156
0.268922 -0.088034 -0.839520 0.10007 -0.13087 -0.98634
0.236474 -0.087650 -0.842655 0.08779 -0.12998 -0.98762
0.100681 -0.114693 -0.847130 0.03708 -0.16864 -0.98498
0.161218 -0.115404 -0.844041 0.05951 -0.17007 -0.98363
0.118175 -0.142975 -0.840948 0.04348 -0.21012 -0.97671
0.113073 -0.086323 -0.850887 0.04172 -0.12721 -0.99100
0.148492 -0.143417 -0.839331 0.05468 -0.21101 -0.97595
0.143442 -0.086573 -0.849405 0.05296 -0.12772 -0.99039
-0.104404 -0.226123 -0.818121 -0.03814 -0.33037 -0.94308
-0.034719 -0.226595 -0.819829 -0.01267 -0.33058 -0.94369
-0.087449 -0.198722 -0.827698 -0.03200 -0.29051 -0.95634
0.104404 -0.226123 -0.818121 0.03814 -0.33037 -0.94308
0.034719 -0.226595 -0.819829 0.01267 -0.33058 -0.94369
0.087449 -0.198722 -0.827698 0.03200 -0.29051 -0.95634
-0.052941 -0.142945 -0.843052 -0.01939 -0.20968 -0.97758
-0.017602 -0.199173 -0.828963 -0.00640 -0.29084 -0.95675
-0.070260 -0.170935 -0.836028 -0.02576 -0.25040 -0.96780
-0.017664 -0.142973 -0.843513 -0.00648 -0.20970 -0.97775
-0.052439 -0.199023 -0.828543 -0.01919 -0.29074 -0.95661
0.052941 -0.142945 -0.843052 0.01939 -0.20968 -0.97758
0.017602 -0.199173 -0.828963 0.00640 -0.29084 -0.95675
0.070260 -0.170935 -0.836028 0.02576 -0.25040 -0.96780
0.017664 -0.142973 -0.843513 0.00648 -0.20970 -0.97775
0.052439 -0.199023 -0.828543 0.01919 -0.29074 -0.95661
0.000000 -0.171304 -0.836866 -0.00000 -0.25069 -0.96807
0.361810 -0.235622 -0.791075 0.13437 -0.34905 -0.92742
0.296553 -0.233223 -0.800511 0.10947 -0.34341 -0.93278
0.346696 -0.262137 -0.782614 0.12811 -0.38702 -0.91313
0.344269 -0.206360 -0.803796 0.12796 -0.30641 -0.94326
0.170381 -0.227374 -0.814167 0.06240 -0.33217 -0.94115
0.232857 -0.230467 -0.808149 0.08556 -0.33781 -0.93732
0.187163 -0.254510 -0.802757 0.06838 -0.37146 -0.92593
0.183841 -0.200418 -0.822164 0.06753 -0.29406 -0.95340
0.315555 -0.313005 -0.762878 0.11546 -0.45772 -0.88157
0.281948 -0.259267 -0.791996 0.10358 -0.38064 -0.91890
0.331236 -0.287974 -0.773183 0.12183 -0.42311 -0.89785
0.283363 -0.311355 -0.767715 0.10344 -0.45411 -0.88492
0.314084 -0.260739 -0.787546 0.11573 -0.38380 -0.91614
0.307559 -0.147361 -0.824664 0.11441 -0.21906 -0.96898
0.279146 -0.204310 -0.812403 0.10313 -0.30160 -0.94784
0.326146 -0.176882 -0.815003 0.12132 -0.26288 -0.95717
0.274848 -0.146587 -0.828485 0.10200 -0.21734 -0.97075
0.311461 -0.205397 -0.808329 0.11542 -0.30403 -0.94564
0.219997 -0.307603 -0.776156 0.08003 -0.44686 -0.89102
0.249842 -0.257761 -0.796018 0.09162 -0.37756 -0.92144
0.203729 -0.281299 -0.790066 0.07426 -0.40960 -0.90924
0.251480 -0.309556 -0.772137 0.09161 -0.45049 -0.88807
0.218396 -0.256163 -0.799589 0.07991 -0.37448 -0.92378
0.266801 -0.284720 -0.782537 0.09762 -0.41622 -0.90401
0.210427 -0.144992 -0.834786 0.07778 -0.21396 -0.97374
0.246842 -0.203145 -0.816074 0.09103 -0.29916 -0.94985
0.197226 -0.172906 -0.829059 0.07266 -0.25451 -0.96434
0.242436 -0.145803 -0.831855 0.08977 -0.21565 -0.97234
0.215234 -0.201832 -0.819311 0.07918 -0.29664 -0.95170
0.260971 -0.175175 -0.822860 0.09655 -0.25886 -0.96108
-0.231075 -0.430748 -0.696965 -0.08249 -0.61269 -0.78601
-0.163922 -0.433249 -0.701012 -0.05828 -0.61376 -0.78734
-0.214549 -0.450944 -0.682315 -0.07616 -0.63967 -0.76487
-0.216588 -0.407342 -0.715989 -0.07752 -0.58245 -0.80916
-0.032559 -0.435669 -0.704928 -0.01154 -0.61479 -0.78861
-0.097903 -0.434872 -0.703637 -0.03472 -0.61445 -0.78819
-0.181361 -0.489075 -0.651420 -0.06376 -0.68739 -0.72349
-0.147843 -0.452995 -0.686190 -0.05227 -0.64024 -0.76640
-0.197950 -0.470414 -0.667096 -0.06995 -0.66414 -0.74433
-0.181011 -0.452072 -0.684443 -0.06414 -0.63998 -0.76571
-0.186430 -0.358625 -0.750808 -0.06712 -0.51603 -0.85394
-0.149347 -0.409947 -0.719535 -0.05323 -0.58393 -0.81006
-0.201672 -0.383251 -0.733975 -0.07243 -0.54981 -0.83215
-0.182767 -0.408772 -0.717939 -0.06530 -0.58327 -0.80965
0.231075 -0.430748 -0.696965 0.08249 -0.61269 -0.78601
0.163922 -0.433249 -0.701012 0.05828 -0.61376 -0.78734
0.214549 -0.450944 -0.682315 0.07616 -0.63967 -0.76487
0.216588 -0.407342 -0.715989 0.07752 -0.58245 -0.80916
0.032559 -0.435669 -0.704928 0.01154 -0.61479 -0.78861
0.097903 -0.434872 -0.703637 0.03472 -0.61445 -0.78819
0.181361 -0.489075 -0.651420 0.06376 -0.68739 -0.72349
0.147843 -0.452995 -0.686190 0.05227 -0.64024 -0.76640
0.197950 -0.470414 -0.667096 0.06995 -0.66414 -0.74433
0.181011 -0.452072 -0.684443 0.06414 -0.63998 -0.76571
0.186430 -0.358625 -0.750808 0.06712 -0.51603 -0.85394
0.149347 -0.409947 -0.719535 0.05323 -0.58393 -0.81006
0.201672 -0.383251 -0.733975 0.07243 -0.54981 -0.83215
0.182767 -0.408772 -0.717939 0.06530 -0.58327 -0.80965
-0.114914 -0.556552 -0.584190 -0.03960 -0.76915 -0.63784
-0.082797 -0.525047 -0.621623 -0.02867 -0.73001 -0.68284
-0.131440 -0.540830 -0.601520 -0.04564 -0.75031 -0.65951
-0.081983 -0.557407 -0.584914 -0.02832 -0.76945 -0.63808
-0.016815 -0.454821 -0.689627 -0.00585 -0.64076 -0.76772
-0.050078 -0.491133 -0.656816 -0.01745 -0.68724 -0.72622
-0.049303 -0.454640 -0.689285 -0.01740 -0.64068 -0.76761
-0.164613 -0.507193 -0.635087 -0.05765 -0.70957 -0.70228
-0.099020 -0.508228 -0.638339 -0.03459 -0.70925 -0.70411
-0.148030 -0.524355 -0.618522 -0.05160 -0.73050 -0.68096
-0.148181 -0.489929 -0.653260 -0.05203 -0.68743 -0.72438
-0.115286 -0.524811 -0.620236 -0.04015 -0.73024 -0.68201
-0.016470 -0.558256 -0.585634 -0.00566 -0.76983 -0.63823
-0.049731 -0.525706 -0.622033 -0.01725 -0.73029 -0.68292
-0.049151 -0.557974 -0.585395 -0.01698 -0.76970 -0.63817
-0.065928 -0.541841 -0.603765 -0.02285 -0.75031 -0.66069
-0.114647 -0.453738 -0.687576 -0.04052 -0.64044 -0.76694
-0.082490 -0.490845 -0.656053 -0.02894 -0.68724 -0.72585
-0.081933 -0.454279 -0.688603 -0.02891 -0.64058 -0.76735
-0.131505 -0.472080 -0.670788 -0.04632 -0.66436 -0.74598
-0.065968 -0.473061 -0.672962 -0.02319 -0.66443 -0.74699
-0.115206 -0.490518 -0.654802 -0.04041 -0.68739 -0.72517
-0.122002 -0.254562 -0.806697 -0.04424 -0.37027 -0.92787
-0.086923 -0.310171 -0.783156 -0.03123 -0.44765 -0.89366
-0.138479 -0.281186 -0.794575 -0.05032 -0.40817 -0.91152
-0.087078 -0.254821 -0.808024 -0.03168 -0.37042 -0.92832
-0.017199 -0.412255 -0.722698 -0.00600 -0.58519 -0.81087
-0.051919 -0.362789 -0.755020 -0.01848 -0.51934 -0.85437
-0.049926 -0.412023 -0.722384 -0.01776 -0.58510 -0.81077
-0.170634 -0.333138 -0.766689 -0.06167 -0.48096 -0.87457
-0.102942 -0.335797 -0.769038 -0.03709 -0.48336 -0.87464
-0.154726 -0.307434 -0.781210 -0.05606 -0.44502 -0.89376
-0.152419 -0.359966 -0.752423 -0.05480 -0.51706 -0.85419
-0.120677 -0.308906 -0.782373 -0.04368 -0.44647 -0.89373
-0.017543 -0.255079 -0.809345 -0.00634 -0.37041 -0.92885
-0.052268 -0.310220 -0.784105 -0.01882 -0.44759 -0.89404
-0.052220 -0.254994 -0.808906 -0.01900 -0.37041 -0.92867
-0.069659 -0.282911 -0.796649 -0.02526 -0.40969 -0.91187
-0.115778 -0.410874 -0.720822 -0.04126 -0.58445 -0.81038
-0.085059 -0.362198 -0.754428 -0.03056 -0.51890 -0.85429
-0.082821 -0.411565 -0.721758 -0.02945 -0.58484 -0.81061
-0.134095 -0.385920 -0.737089 -0.04799 -0.55161 -0.83272
-0.067461 -0.387492 -0.738925 -0.02409 -0.55274 -0.83300
-0.118592 -0.361154 -0.753628 -0.04259 -0.51801 -0.85431
0.114914 -0.556552 -0.584190 0.03960 -0.76915 -0.63784
0.082797 -0.525047 -0.621623 0.02867 -0.73001 -0.68284
0.131440 -0.540830 -0.601520 0.04564 -0.75031 -0.65951
0.081983 -0.557407 -0.584914 0.02832 -0.76945 -0.63808
0.016815 -0.454821 -0.689627 0.00585 -0.64076 -0.76772
0.050078 -0.491133 -0.656816 0.01745 -0.68724 -0.72622
0.049303 -0.454640 -0.689285 0.01740 -0.64068 -0.76761
0.000000 -0.473390 -0.673691 -0.00000 -0.66450 -0.74729
0.164613 -0.507193 -0.635087 0.05765 -0.70957 -0.70228
0.099020 -0.508228 -0.638339 0.03459 -0.70925 -0.70411
0.148030 -0.524355 -0.618522 0.05160 -0.73050 -0.68096
0.148181 -0.489929 -0.653260 0.05203 -0.68743 -0.72438
0.115286 -0.524811 -0.620236 0.04015 -0.73024 -0.68201
0.016470 -0.558256 -0.585634 0.00566 -0.76983 -0.63823
0.049731 -0.525706 -0.622033 0.01725 -0.73029 -0.68292
0.049151 -0.557974 -0.585395 0.01698 -0.76970 -0.63817
0.000000 -0.542452 -0.604209 0.00000 -0.75061 -0.66075
0.065928 -0.541841 -0.603765 0.02285 -0.75031 -0.66069
0.114647 -0.453738 -0.687576 0.04052 -0.64044 -0.76694
0.082490 -0.490845 -0.656053 0.02894 -0.68724 -0.72585
0.081933 -0.454279 -0.688603 0.02891 -0.64058 -0.76735
0.131505 -0.472080 -0.670788 0.04632 -0.66436 -0.74598
0.065968 -0.473061 -0.672962 0.02319 -0.66443 -0.74699
0.115206 -0.490518 -0.654802 0.04041 -0.68739 -0.72517
-0.033223 -0.508753 -0.639964 -0.01159 -0.70922 -0.70489
0.033223 -0.508753 -0.639964 0.01159 -0.70922 -0.70489
-0.016702 -0.491397 -0.657103 -0.00584 -0.68731 -0.72634
-0.016586 -0.525926 -0.622356 -0.00576 -0.73038 -0.68302
0.016702 -0.491397 -0.657103 0.00584 -0.68731 -0.72634
0.016586 -0.525926 -0.622356 0.00576 -0.73038 -0.68302
0.122002 -0.254562 -0.806697 0.04424 -0.37027 -0.92787
0.086923 -0.310171 -0.783156 0.03123 -0.44765 -0.89366
0.138479 -0.281186 -0.794575 0.05032 -0.40817 -0.91152
0.087078 -0.254821 -0.808024 0.03168 -0.37042 -0.92832
0.017199 -0.412255 -0.722698 0.00600 -0.58519 -0.81087
0.051919 -0.362789 -0.755020 0.01848 -0.51934 -0.85437
0.049926 -0.412023 -0.722384 0.01776 -0.58510 -0.81077
0.000000 -0.388023 -0.739547 0.00000 -0.55305 -0.83315
0.170634 -0.333138 -0.766689 0.06167 -0.48096 -0.87457
0.102942 -0.335797 -0.769038 0.03709 -0.48336 -0.87464
0.154726 -0.307434 -0.781210 0.05606 -0.44502 -0.89376
0.152419 -0.359966 -0.752423 0.05480 -0.51706 -0.85419
0.120677 -0.308906 -0.782373 0.04368 -0.44647 -0.89373
0.017543 -0.255079 -0.809345 0.00634 -0.37041 -0.92885
0.052268 -0.310220 -0.784105 0.01882 -0.44759 -0.89404
0.052220 -0.254994 -0.808906 0.01900 -0.37041 -0.92867
0.000000 -0.283021 -0.797563 0.00000 -0.40963 -0.91225
0.069659 -0.282911 -0.796649 0.02526 -0.40969 -0.91187
0.115778 -0.410874 -0.720822 0.04126 -0.58445 -0.81038
0.085059 -0.362198 -0.754428 0.03056 -0.51890 -0.85429
0.082821 -0.411565 -0.721758 0.02945 -0.58484 -0.81061
0.134095 -0.385920 -0.737089 0.04799 -0.55161 -0.83272
0.067461 -0.387492 -0.738925 0.02409 -0.55274 -0.83300
0.118592 -0.361154 -0.753628 0.04259 -0.51801 -0.85431
-0.034667 -0.337127 -0.770234 -0.01247 -0.48431 -0.87481
0.034667 -0.337127 -0.770234 0.01247 -0.48431 -0.87481
-0.017324 -0.362933 -0.755434 -0.00620 -0.51943 -0.85449
-0.017441 -0.310428 -0.784491 -0.00629 -0.44768 -0.89417
0.017324 -0.362933 -0.755434 0.00620 -0.51943 -0.85449
0.017441 -0.310428 -0.784491 0.00629 -0.44768 -0.89417
-0.490240 -0.031237 0.812531 -0.18677 -0.04709 0.98127
-0.465928 -0.092626 0.811134 -0.17648 -0.14008 0.97429
-0.456122 -0.030859 0.818811 -0.17357 -0.04694 0.98370
-0.410218 -0.209160 0.793014 -0.15289 -0.31218 0.93764
-0.439107 -0.152092 0.804488 -0.16511 -0.22878 0.95937
-0.389469 -0.030203 0.829660 -0.14689 -0.04556 0.98810
-0.432233 -0.091586 0.817163 -0.16361 -0.13858 0.97674
-0.422496 -0.030523 0.824515 -0.16005 -0.04621 0.98603
-0.444485 -0.061453 0.818653 -0.16876 -0.09319 0.98124
-0.281993 -0.407878 0.708356 -0.10101 -0.58552 0.80434
-0.315249 -0.362936 0.734390 -0.11413 -0.52636 0.84257
-0.379689 -0.263471 0.777184 -0.14031 -0.38984 0.91013
-0.347915 -0.314779 0.757482 -0.12725 -0.46117 0.87814
-0.261433 -0.029262 0.845444 -0.09728 -0.04363 0.99430
-0.301668 -0.088353 0.835949 -0.11246 -0.13181 0.98488
-0.292742 -0.029476 0.842181 -0.10934 -0.04399 0.99303
-0.377464 -0.207207 0.798789 -0.14064 -0.30891 0.94064
-0.340482 -0.147835 0.820453 -0.12697 -0.22064 0.96706
-0.391818 -0.179288 0.805126 -0.14676 -0.26825 0.95210
-0.356577 -0.029971 0.834336 -0.13403 -0.04502 0.98995
-0.333467 -0.089070 0.832021 -0.12486 -0.13321 0.98319
-0.324490 -0.029705 0.838482 -0.12154 -0.04447 0.99159
-0.377930 -0.060227 0.829277 -0.14228 -0.09062 0.98567
-0.313277 -0.059216 0.837851 -0.11715 -0.08845 0.98917
-0.419174 -0.121549 0.814365 -0.15820 -0.18314 0.97028
-0.353451 -0.119269 0.824593 -0.13238 -0.17835 0.97502
-0.405766 -0.150681 0.810342 -0.15257 -0.22636 0.96202
-0.398841 -0.090809 0.822627 -0.15036 -0.13677 0.97913
-0.372856 -0.149268 0.815658 -0.13968 -0.22339 0.96467
-0.365884 -0.089977 0.827575 -0.13742 -0.13500 0.98127
-0.016039 -0.659033 0.433257 -0.00600 -0.88767 0.46045
-0.048385 -0.637196 0.472098 -0.01699 -0.86316 0.50464
-0.114106 -0.585893 0.546729 -0.03976 -0.80456 0.59254
-0.081080 -0.612851 0.509954 -0.02821 -0.83554 0.54870
-0.248400 -0.449608 0.679793 -0.08875 -0.63958 0.76358
-0.214674 -0.488179 0.649062 -0.07602 -0.68772 0.72199
-0.147424 -0.556208 0.582292 -0.05144 -0.76976 0.63625
-0.180976 -0.523676 0.616474 -0.06359 -0.73099 0.67942
-0.017725 -0.028680 0.858105 -0.00617 -0.04244 0.99908
-0.053065 -0.085861 0.852797 -0.01916 -0.12655 0.99177
-0.047473 -0.028702 0.857746 -0.01752 -0.04230 0.99895
-0.122536 -0.198267 0.826427 -0.04445 -0.29045 0.95586
-0.088074 -0.142507 0.842216 -0.03194 -0.20951 0.97729
-0.107253 -0.028811 0.856034 -0.03964 -0.04252 0.99831
-0.082919 -0.085998 0.852026 -0.03060 -0.12664 0.99148
-0.077348 -0.028741 0.857057 -0.02854 -0.04238 0.99869
-0.065238 -0.057415 0.855550 -0.02406 -0.08456 0.99613
-0.250703 -0.405647 0.713681 -0.08931 -0.58194 0.80831
-0.220518 -0.356805 0.748981 -0.07896 -0.51507 0.85350
-0.267065 -0.383740 0.727012 -0.09630 -0.55280 0.82773
-0.156235 -0.252793 0.805532 -0.05639 -0.36892 0.92775
-0.188963 -0.305749 0.779662 -0.06798 -0.44389 0.89350
-0.299439 -0.337520 0.751621 -0.10906 -0.49099 0.86431
-0.236096 -0.333655 0.760888 -0.08562 -0.48331 0.87125
-0.283349 -0.360998 0.739693 -0.10267 -0.52265 0.84634
-0.251742 -0.358956 0.744552 -0.09104 -0.51862 0.85014
-0.229017 -0.029284 0.848413 -0.08519 -0.04351 0.99541
-0.204424 -0.087185 0.845365 -0.07584 -0.12907 0.98873
-0.198339 -0.029118 0.850861 -0.07355 -0.04316 0.99636
-0.249104 -0.058559 0.844696 -0.09265 -0.08704 0.99189
-0.152764 -0.198891 0.824643 -0.05622 -0.29152 0.95491
-0.178931 -0.143846 0.837357 -0.06616 -0.21202 0.97502
-0.135566 -0.171087 0.833441 -0.04980 -0.25106 0.96669
-0.137629 -0.028867 0.854656 -0.05086 -0.04266 0.99779
-0.173926 -0.086763 0.847576 -0.06428 -0.12822 0.98966
-0.167845 -0.028984 0.852940 -0.06216 -0.04288 0.99714
-0.125421 -0.057660 0.853405 -0.04633 -0.08512 0.99529
-0.186239 -0.058094 0.849846 -0.06898 -0.08595 0.99391
-0.288355 -0.117550 0.832879 -0.10733 -0.17490 0.97872
-0.223649 -0.116358 0.839358 -0.08283 -0.17229 0.98156
-0.268922 -0.088034 0.839520 -0.10007 -0.13087 0.98634
-0.236474 -0.087650 0.842655 -0.08779 -0.12998 0.98762
-0.100681 -0.114693 0.847130 -0.03708 -0.16864 0.98498
-0.161218 -0.115404 0.844041 -0.05951 -0.17007 0.98363
-0.118175 -0.142975 0.840948 -0.04348 -0.21012 0.97671
-0.113073 -0.086323 0.850887 -0.04172 -0.12721 0.99100
-0.148492 -0.143417 0.839331 -0.05468 -0.21101 0.97595
-0.143442 -0.086573 0.849405 -0.05296 -0.12772 0.99039
-0.361810 -0.235622 0.791075 -0.13437 -0.34905 0.92742
-0.296553 -0.233223 0.800511 -0.10947 -0.34341 0.93278
-0.346696 -0.262137 0.782614 -0.12811 -0.38702 0.91313
-0.344269 -0.206360 0.803796 -0.12796 -0.30641 0.94326
-0.170381 -0.227374 0.814167 -0.06240 -0.33217 0.94115
-0.232857 -0.230467 0.808149 -0.08556 -0.33781 0.93732
-0.187163 -0.254510 0.802757 -0.06838 -0.37146 0.92593
-0.183841 -0.200418 0.822164 -0.06753 -0.29406 0.95340
-0.315555 -0.313005 0.762878 -0.11546 -0.45772 0.88157
-0.281948 -0.259267 0.791996 -0.10358 -0.38064 0.91890
-0.331236 -0.287974 0.773183 -0.12183 -0.42311 0.89785
-0.283363 -0.311355 0.767715 -0.10344 -0.45411 0.88492
-0.314084 -0.260739 0.787546 -0.11573 -0.38380 0.91614
-0.307559 -0.147361 0.824664 -0.11441 -0.21906 0.96898
-0.279146 -0.204310 0.812403 -0.10313 -0.30160 0.94784
-0.326146 -0.176882 0.815003 -0.12132 -0.26288 0.95717
-0.274848 -0.146587 0.828485 -0.10200 -0.21734 0.97075
-0.311461 -0.205397 0.808329 -0.11542 -0.30403 0.94564
-0.219997 -0.307603 0.776156 -0.08003 -0.44686 0.89102
-0.249842 -0.257761 0.796018 -0.09162 -0.37756 0.92144
-0.203729 -0.281299 0.790066 -0.07426 -0.40960 0.90924
-0.251480 -0.309556 0.772137 -0.09161 -0.45049 0.88807
-0.218396 -0.256163 0.799589 -0.07991 -0.37448 0.92378
-0.266801 -0.284720 0.782537 -0.09762 -0.41622 0.90401
-0.210427 -0.144992 0.834786 -0.07778 -0.21396 0.97374
-0.246842 -0.203145 0.816074 -0.09103 -0.29916 0.94985
-0.197226 -0.172906 0.829059 -0.07266 -0.25451 0.96434
-0.242436 -0.145803 0.831855 -0.08977 -0.21565 0.97234
-0.215234 -0.201832 0.819311 -0.07918 -0.29664 0.95170
-0.260971 -0.175175 0.822860 -0.09655 -0.25886 0.96108
0.490240 -0.031237 0.812531 0.18677 -0.04709 0.98127
0.465928 -0.092626 0.811134 0.17648 -0.14008 0.97429
0.456122 -0.030859 0.818811 0.17357 -0.04694 0.98370
0.410218 -0.209160 0.793014 0.15289 -0.31218 0.93764
0.439107 -0.152092 0.804488 0.16511 -0.22878 0.95937
0.389469 -0.030203 0.829660 0.14689 -0.04556 0.98810
0.432233 -0.091586 0.817163 0.16361 -0.13858 0.97674
0.422496 -0.030523 0.824515 0.16005 -0.04621 0.98603
0.444485 -0.061453 0.818653 0.16876 -0.09319 0.98124
0.281993 -0.407878 0.708356 0.10101 -0.58552 0.80434
0.315249 -0.362936 0.734390 0.11413 -0.52636 0.84257
0.379689 -0.263471 0.777184 0.14031 -0.38984 0.91013
0.347915 -0.314779 0.757482 0.12725 -0.46117 0.87814
0.261433 -0.029262 0.845444 0.09728 -0.04363 0.99430
0.301668 -0.088353 0.835949 0.11246 -0.13181 0.98488
0.292742 -0.029476 0.842181 0.10934 -0.04399 0.99303
0.377464 -0.207207 0.798789 0.14064 -0.30891 0.94064
0.340482 -0.147835 0.820453 0.12697 -0.22064 0.96706
0.391818 -0.179288 0.805126 0.14676 -0.26825 0.95210
0.356577 -0.029971 0.834336 0.13403 -0.04502 0.98995
0.333467 -0.089070 0.832021 0.12486 -0.13321 0.98319
0.324490 -0.029705 0.838482 0.12154 -0.04447 0.99159
0.377930 -0.060227 0.829277 0.14228 -0.09062 0.98567
0.313277 -0.059216 0.837851 0.11715 -0.08845 0.98917
0.419174 -0.121549 0.814365 0.15820 -0.18314 0.97028
0.353451 -0.119269 0.824593 0.13238 -0.17835 0.97502
0.405766 -0.150681 0.810342 0.15257 -0.22636 0.96202
0.398841 -0.090809 0.822627 0.15036 -0.13677 0.97913
0.372856 -0.149268 0.815658 0.13968 -0.22339 0.96467
0.365884 -0.089977 0.827575 0.13742 -0.13500 0.98127
0.016039 -0.659033 0.433257 0.00600 -0.88767 0.46045
0.048385 -0.637196 0.472098 0.01699 -0.86316 0.50464
0.000000 -0.648566 0.452896 -0.00000 -0.87553 0.48317
0.114106 -0.585893 0.546729 0.03976 -0.80456 0.59254
0.081080 -0.612851 0.509954 0.02821 -0.83554 0.54870
-0.032313 -0.625765 0.491485 -0.01098 -0.84955 0.52739
0.032313 -0.625765 0.491485 0.01098 -0.84955 0.52739
-0.016135 -0.637462 0.472340 -0.00546 -0.86294 0.50528
0.016135 -0.637462 0.472340 0.00546 -0.86294 0.50528
0.248400 -0.449608 0.679793 0.08875 -0.63958 0.76358
0.214674 -0.488179 0.649062 0.07602 -0.68772 0.72199
0.147424 -0.556208 0.582292 0.05144 -0.76976 0.63625
0.180976 -0.523676 0.616474 0.06359 -0.73099 0.67942
-0.097832 -0.572327 0.565588 -0.03371 -0.78748 0.61542
-0.032528 -0.573376 0.566625 -0.01119 -0.78788 0.61573
-0.081402 -0.586634 0.547573 -0.02793 -0.80444 0.59338
0.097832 -0.572327 0.565588 0.03371 -0.78748 0.61542
0.032528 -0.573376 0.566625 0.01119 -0.78788 0.61573
0.081402 -0.586634 0.547573 0.02793 -0.80444 0.59338
-0.048691 -0.613282 0.510602 -0.01656 -0.83530 0.54954
-0.016343 -0.587369 0.548412 -0.00558 -0.80467 0.59370
-0.065002 -0.600303 0.529209 -0.02223 -0.82030 0.57150
-0.016237 -0.613580 0.510801 -0.00553 -0.83541 0.54960
-0.048800 -0.587125 0.548133 -0.01674 -0.80459 0.59360
0.048691 -0.613282 0.510602 0.01656 -0.83530 0.54954
0.016343 -0.587369 0.548412 0.00558 -0.80467 0.59370
0.065002 -0.600303 0.529209 0.02223 -0.82030 0.57150
0.016237 -0.613580 0.510801 0.00553 -0.83541 0.54960
0.048800 -0.587125 0.548133 0.01674 -0.80459 0.59360
0.000000 -0.600763 0.529812 0.00000 -0.82043 0.57175
0.017725 -0.028680 0.858105 0.00617 -0.04244 0.99908
0.053065 -0.085861 0.852797 0.01916 -0.12655 0.99177
0.047473 -0.028702 0.857746 0.01752 -0.04230 0.99895
0.000000 -0.057330 0.856344 -0.00000 -0.08444 0.99643
0.122536 -0.198267 0.826427 0.04445 -0.29045 0.95586
0.088074 -0.142507 0.842216 0.03194 -0.20951 0.97729
0.107253 -0.028811 0.856034 0.03964 -0.04252 0.99831
0.082919 -0.085998 0.852026 0.03060 -0.12664 0.99148
0.077348 -0.028741 0.857057 0.02854 -0.04238 0.99869
0.065238 -0.057415 0.855550 0.02406 -0.08456 0.99613
-0.035281 -0.114365 0.848845 -0.01298 -0.16817 0.98567
0.035281 -0.114365 0.848845 0.01298 -0.16817 0.98567
-0.017704 -0.085955 0.853249 -0.00651 -0.12643 0.99195
0.017704 -0.085955 0.853249 0.00651 -0.12643 0.99195
0.250703 -0.405647 0.713681 0.08931 -0.58194 0.80831
0.220518 -0.356805 0.748981 0.07896 -0.51507 0.85350
0.267065 -0.383740 0.727012 0.09630 -0.55280 0.82773
0.156235 -0.252793 0.805532 0.05639 -0.36892 0.92775
0.188963 -0.305749 0.779662 0.06798 -0.44389 0.89350
0.299439 -0.337520 0.751621 0.10906 -0.49099 0.86431
0.236096 -0.333655 0.760888 0.08562 -0.48331 0.87125
0.283349 -0.360998 0.739693 0.10267 -0.52265 0.84634
0.251742 -0.358956 0.744552 0.09104 -0.51862 0.85014
0.229017 -0.029284 0.848413 0.08519 -0.04351 0.99541
0.204424 -0.087185 0.845365 0.07584 -0.12907 0.98873
0.198339 -0.029118 0.850861 0.07355 -0.04316 0.99636
0.249104 -0.058559 0.844696 0.09265 -0.08704 0.99189
0.152764 -0.198891 0.824643 0.05622 -0.29152 0.95491
0.178931 -0.143846 0.837357 0.06616 -0.21202 0.97502
0.135566 -0.171087 0.833441 0.04980 -0.25106 0.96669
0.137629 -0.028867 0.854656 0.05086 -0.04266 0.99779
0.173926 -0.086763 0.847576 0.06428 -0.12822 0.98966
0.167845 -0.028984 0.852940 0.06216 -0.04288 0.99714
0.125421 -0.057660 0.853405 0.04633 -0.08512 0.99529
0.186239 -0.058094 0.849846 0.06898 -0.08595 0.99391
0.288355 -0.117550 0.832879 0.10733 -0.17490 0.97872
0.223649 -0.116358 0.839358 0.08283 -0.17229 0.98156
0.268922 -0.088034 0.839520 0.10007 -0.13087 0.98634
0.236474 -0.087650 0.842655 0.08779 -0.12998 0.98762
0.100681 -0.114693 0.847130 0.03708 -0.16864 0.98498
0.161218 -0.115404 0.844041 0.05951 -0.17007 0.98363
0.118175 -0.142975 0.840948 0.04348 -0.21012 0.97671
0.113073 -0.086323 0.850887 0.04172 -0.12721 0.99100
0.148492 -0.143417 0.839331 0.05468 -0.21101 0.97595
0.143442 -0.086573 0.849405 0.05296 -0.12772 0.99039
-0.104404 -0.226123 0.818121 -0.03814 -0.33037 0.94308
-0.034719 -0.226595 0.819829 -0.01267 -0.33058 0.94369
-0.087449 -0.198722 0.827698 -0.03200 -0.29051 0.95634
0.104404 -0.226123 0.818121 0.03814 -0.33037 0.94308
0.034719 -0.226595 0.819829 0.01267 -0.33058 0.94369
0.087449 -0.198722 0.827698 0.03200 -0.29051 0.95634
-0.052941 -0.142945 0.843052 -0.01939 -0.20968 0.97758
-0.017602 -0.199173 0.828963 -0.00640 -0.29084 0.95675
-0.070260 -0.170935 0.836028 -0.02576 -0.25040 0.96780
-0.017664 -0.142973 0.843513 -0.00648 -0.20970 0.97775
-0.052439 -0.199023 0.828543 -0.01919 -0.29074 0.95661
0.052941 -0.142945 0.843052 0.01939 -0.20968 0.97758
0.017602 -0.199173 0.828963 0.00640 -0.29084 0.95675
0.070260 -0.170935 0.836028 0.02576 -0.25040 0.96780
0.017664 -0.142973 0.843513 0.00648 -0.20970 0.97775
0.052439 -0.199023 0.828543 0.01919 -0.29074 0.95661
0.000000 -0.171304 0.836866 0.00000 -0.25069 0.96807
0.361810 -0.235622 0.791075 0.13437 -0.34905 0.92742
0.296553 -0.233223 0.800511 0.10947 -0.34341 0.93278
0.346696 -0.262137 0.782614 0.12811 -0.38702 0.91313
0.344269 -0.206360 0.803796 0.12796 -0.30641 0.94326
0.170381 -0.227374 0.814167 0.06240 -0.33217 0.94115
0.232857 -0.230467 0.808149 0.08556 -0.33781 0.93732
0.187163 -0.254510 0.802757 0.06838 -0.37146 0.92593
0.183841 -0.200418 0.822164 0.06753 -0.29406 0.95340
0.315555 -0.313005 0.762878 0.11546 -0.45772 0.88157
0.281948 -0.259267 0.791996 0.10358 -0.38064 0.91890
0.331236 -0.287974 0.773183 0.12183 -0.42311 0.89785
0.283363 -0.311355 0.767715 0.10344 -0.45411 0.88492
0.314084 -0.260739 0.787546 0.11573 -0.38380 0.91614
0.307559 -0.147361 0.824664 0.11441 -0.21906 0.96898
0.279146 -0.204310 0.812403 0.10313 -0.30160 0.94784
0.326146 -0.176882 0.815003 0.12132 -0.26288 0.95717
0.274848 -0.146587 0.828485 0.10200 -0.21734 0.97075
0.311461 -0.205397 0.808329 0.11542 -0.30403 0.94564
0.219997 -0.307603 0.776156 0.08003 -0.44686 0.89102
0.249842 -0.257761 0.796018 0.09162 -0.37756 0.92144
0.203729 -0.281299 0.790066 0.07426 -0.40960 0.90924
0.251480 -0.309556 0.772137 0.09161 -0.45049 0.88807
0.218396 -0.256163 0.799589 0.07991 -0.37448 0.92378
0.266801 -0.284720 0.782537 0.09762 -0.41622 0.90401
0.210427 -0.144992 0.834786 0.07778 -0.21396 0.97374
0.246842 -0.203145 0.816074 0.09103 -0.29916 0.94985
0.197226 -0.172906 0.829059 0.07266 -0.25451 0.96434
0.242436 -0.145803 0.831855 0.08977 -0.21565 0.97234
0.215234 -0.201832 0.819311 0.07918 -0.29664 0.95170
0.260971 -0.175175 0.822860 0.09655 -0.25886 0.96108
-0.231075 -0.430748 0.696965 -0.08249 -0.61269 0.78601
-0.163922 -0.433249 0.701012 -0.05828 -0.61376 0.78734
-0.214549 -0.450944 0.682315 -0.07616 -0.63967 0.76487
-0.216588 -0.407342 0.715989 -0.07752 -0.58245 0.80916
-0.032559 -0.435669 0.704928 -0.01154 -0.61479 0.78861
-0.097903 -0.434872 0.703637 -0.03472 -0.61445 0.78819
-0.181361 -0.489075 0.651420 -0.06376 -0.68739 0.72349
-0.147843 -0.452995 0.686190 -0.05227 -0.64024 0.76640
-0.197950 -0.470414 0.667096 -0.06995 -0.66414 0.74433
-0.181011 -0.452072 0.684443 -0.06414 -0.63998 0.76571
-0.186430 -0.358625 0.750808 -0.06712 -0.51603 0.85394
-0.149347 -0.409947 0.719535 -0.05323 -0.58393 0.81006
-0.201672 -0.383251 0.733975 -0.07243 -0.54981 0.83215
-0.182767 -0.408772 0.717939 -0.06530 -0.58327 0.80965
0.231075 -0.430748 0.696965 0.08249 -0.61269 0.78601
0.163922 -0.433249 0.701012 0.05828 -0.61376 0.78734
0.214549 -0.450944 0.682315 0.07616 -0.63967 0.76487
0.216588 -0.407342 0.715989 0.07752 -0.58245 0.80916
0.032559 -0.435669 0.704928 0.01154 -0.61479 0.78861
0.097903 -0.434872 0.703637 0.03472 -0.61445 0.78819
0.181361 -0.489075 0.651420 0.06376 -0.68739 0.72349
0.147843 -0.452995 0.686190 0.05227 -0.64024 0.76640
0.197950 -0.470414 0.667096 0.06995 -0.66414 0.74433
0.181011 -0.452072 0.684443 0.06414 -0.63998 0.76571
0.186430 -0.358625 0.750808 0.06712 -0.51603 0.85394
0.149347 -0.409947 0.719535 0.05323 -0.58393 0.81006
0.201672 -0.383251 0.733975 0.07243 -0.54981 0.83215
0.182767 -0.408772 0.717939 0.06530 -0.58327 0.80965
-0.114914 -0.556552 0.584190 -0.03960 -0.76915 0.63784
-0.082797 -0.525047 0.621623 -0.02867 -0.73001 0.68284
-0.131440 -0.540830 0.601520 -0.04564 -0.75031 0.65951
-0.081983 -0.557407 0.584914 -0.02832 -0.76945 0.63808
-0.016815 -0.454821 0.689627 -0.00585 -0.64076 0.76772
-0.050078 -0.491133 0.656816 -0.01745 -0.68724 0.72622
-0.049303 -0.454640 0.689285 -0.01740 -0.64068 0.76761
-0.164613 -0.507193 0.635087 -0.05765 -0.70957 0.70228
-0.099020 -0.508228 0.638339 -0.03459 -0.70925 0.70411
-0.148030 -0.524355 0.618522 -0.05160 -0.73050 0.68096
-0.148181 -0.489929 0.653260 -0.05203 -0.68743 0.72438
-0.115286 -0.524811 0.620236 -0.04015 -0.73024 0.68201
-0.016470 -0.558256 0.585634 -0.00566 -0.76983 0.63823
-0.049731 -0.525706 0.622033 -0.01725 -0.73029 0.68292
-0.049151 -0.557974 0.585395 -0.01698 -0.76970 0.63817
-0.065928 -0.541841 0.603765 -0.02285 -0.75031 0.66069
-0.114647 -0.453738 0.687576 -0.04052 -0.64044 0.76694
-0.082490 -0.490845 0.656053 -0.02894 -0.68724 0.72585
-0.081933 -0.454279 0.688603 -0.02891 -0.64058 0.76735
-0.131505 -0.472080 0.670788 -0.04632 -0.66436 0.74598
-0.065968 -0.473061 0.672962 -0.02319 -0.66443 0.74699
-0.115206 -0.490518 0.654802 -0.04041 -0.68739 0.72517
-0.122002 -0.254562 0.806697 -0.04424 -0.37027 0.92787
-0.086923 -0.310171 0.783156 -0.03123 -0.44765 0.89366
-0.138479 -0.281186 0.794575 -0.05032 -0.40817 0.91152
-0.087078 -0.254821 0.808024 -0.03168 -0.37042 0.92832
-0.017199 -0.412255 0.722698 -0.00600 -0.58519 0.81087
-0.051919 -0.362789 0.755020 -0.01848 -0.51934 0.85437
-0.049926 -0.412023 0.722384 -0.01776 -0.58510 0.81077
-0.170634 -0.333138 0.766689 -0.06167 -0.48096 0.87457
-0.102942 -0.335797 0.769038 -0.03709 -0.48336 0.87464
-0.154726 -0.307434 0.781210 -0.05606 -0.44502 0.89376
-0.152419 -0.359966 0.752423 -0.05480 -0.51706 0.85419
-0.120677 -0.308906 0.782373 -0.04368 -0.44647 0.89373
-0.017543 -0.255079 0.809345 -0.00634 -0.37041 0.92885
-0.052268 -0.310220 0.784105 -0.01882 -0.44759 0.89404
-0.052220 -0.254994 0.808906 -0.01900 -0.37041 0.92867
-0.069659 -0.282911 0.796649 -0.02526 -0.40969 0.91187
-0.115778 -0.410874 0.720822 -0.04126 -0.58445 0.81038
-0.085059 -0.362198 0.754428 -0.03056 -0.51890 0.85429
-0.082821 -0.411565 0.721758 -0.02945 -0.58484 0.81061
-0.134095 -0.385920 0.737089 -0.04799 -0.55161 0.83272
-0.067461 -0.387492 0.738925 -0.02409 -0.55274 0.83300
-0.118592 -0.361154 0.753628 -0.04259 -0.51801 0.85431
0.114914 -0.556552 0.584190 0.03960 -0.76915 0.63784
0.082797 -0.525047 0.621623 0.02867 -0.73001 0.68284
0.131440 -0.540830 0.601520 0.04564 -0.75031 0.65951
0.081983 -0.557407 0.584914 0.02832 -0.76945 0.63808
0.016815 -0.454821 0.689627 0.00585 -0.64076 0.76772
0.050078 -0.491133 0.656816 0.01745 -0.68724 0.72622
0.049303 -0.454640 0.689285 0.01740 -0.64068 0.76761
0.000000 -0.473390 0.673691 0.00000 -0.66450 0.74729
0.164613 -0.507193 0.635087 0.05765 -0.70957 0.70228
0.099020 -0.508228 0.638339 0.03459 -0.70925 0.70411
0.148030 -0.524355 0.618522 0.05160 -0.73050 0.68096
0.148181 -0.489929 0.653260 0.05203 -0.68743 0.72438
0.115286 -0.524811 0.620236 0.04015 -0.73024 0.68201
0.016470 -0.558256 0.585634 0.00566 -0.76983 0.63823
0.049731 -0.525706 0.622033 0.01725 -0.73029 0.68292
0.049151 -0.557974 0.585395 0.01698 -0.76970 0.63817
0.000000 -0.542452 0.604209 0.00000 -0.75061 0.66075
0.065928 -0.541841 0.603765 0.02285 -0.75031 0.66069
0.114647 -0.453738 0.687576 0.04052 -0.64044 0.76694
0.082490 -0.490845 0.656053 0.02894 -0.68724 0.72585
0.081933 -0.454279 0.688603 0.02891 -0.64058 0.76735
0.131505 -0.472080 0.670788 0.04632 -0.66436 0.74598
0.065968 -0.473061 0.672962 0.02319 -0.66443 0.74699
0.115206 -0.490518 0.654802 0.04041 -0.68739 0.72517
-0.033223 -0.508753 0.639964 -0.01159 -0.70922 0.70489
0.033223 -0.508753 0.639964 0.01159 -0.70922 0.70489
-0.016702 -0.491397 0.657103 -0.00584 -0.68731 0.72634
-0.016586 -0.525926 0.622356 -0.00576 -0.73038 0.68302
0.016702 -0.491397 0.657103 0.00584 -0.68731 0.72634
0.016586 -0.525926 0.622356 0.00576 -0.73038 0.68302
0.122002 -0.254562 0.806697 0.04424 -0.37027 0.92787
0.086923 -0.310171 0.783156 0.03123 -0.44765 0.89366
0.138479 -0.281186 0.794575 0.05032 -0.40817 0.91152
0.087078 -0.254821 0.808024 0.03168 -0.37042 0.92832
0.017199 -0.412255 0.722698 0.00600 -0.58519 0.81087
0.051919 -0.362789 0.755020 0.01848 -0.51934 0.85437
0.049926 -0.412023 0.722384 0.01776 -0.58510 0.81077
0.000000 -0.388023 0.739547 -0.00000 -0.55305 0.83315
0.170634 -0.333138 0.766689 0.06167 -0.48096 0.87457
0.102942 -0.335797 0.769038 0.03709 -0.48336 0.87464
0.154726 -0.307434 0.781210 0.05606 -0.44502 0.89376
0.152419 -0.359966 0.752423 0.05480 -0.51706 0.85419
0.120677 -0.308906 0.782373 0.04368 -0.44647 0.89373
0.017543 -0.255079 0.809345 0.00634 -0.37041 0.92885
0.052268 -0.310220 0.784105 0.01882 -0.44759 0.89404
0.052220 -0.254994 0.808906 0.01900 -0.37041 0.92867
0.000000 -0.283021 0.797563 -0.00000 -0.40963 0.91225
0.069659 -0.282911 0.796649 0.02526 -0.40969 0.91187
0.115778 -0.410874 0.720822 0.04126 -0.58445 0.81038
0.085059 -0.362198 0.754428 0.03056 -0.51890 0.85429
0.082821 -0.411565 0.721758 0.02945 -0.58484 0.81061
0.134095 -0.385920 0.737089 0.04799 -0.55161 0.83272
0.067461 -0.387492 0.738925 0.02409 -0.55274 0.83300
0.118592 -0.361154 0.753628 0.04259 -0.51801 0.85431
-0.034667 -0.337127 0.770234 -0.01247 -0.48431 0.87481
0.034667 -0.337127 0.770234 0.01247 -0.48431 0.87481
-0.017324 -0.362933 0.755434 -0.00620 -0.51943 0.85449
-0.017441 -0.310428 0.784491 -0.00629 -0.44768 0.89417
0.017324 -0.362933 0.755434 0.00620 -0.51943 0.85449
0.017441 -0.310428 0.784491 0.00629 -0.44768 0.89417
0.000000 -0.680642 -0.388785 -0.00000 -0.91135 -0.41163
0.000000 -0.701485 -0.338665 0.00000 -0.93423 -0.35666
0.000000 -0.733906 -0.236212 0.00000 -0.96910 -0.24668
0.000000 -0.719222 -0.287752 -0.00000 -0.95342 -0.30165
0.000000 -0.762989 -0.026409 0.00000 -0.99962 -0.02746
0.000000 -0.760099 -0.079179 0.00000 -0.99662 -0.08216
0.000000 -0.745586 -0.184188 -0.00000 -0.98145 -0.19174
0.000000 -0.754306 -0.131806 -0.00000 -0.99058 -0.13692
0.000000 -0.680642 0.388785 0.00000 -0.91135 0.41163
0.000000 -0.701485 0.338665 -0.00000 -0.93423 0.35666
0.000000 -0.733906 0.236212 -0.00000 -0.96910 0.24668
0.000000 -0.719222 0.287752 0.00000 -0.95342 0.30165
0.000000 -0.762989 0.026409 -0.00000 -0.99962 0.02746
0.000000 -0.760099 0.079179 0.00000 -0.99662 0.08216
0.000000 -0.745586 0.184188 0.00000 -0.98145 0.19174
0.000000 -0.754306 0.131806 0.00000 -0.99058 0.13692
0.529346 -0.019597 0.805195 0.20433 -0.02880 0.97848
0.585482 -0.060006 0.790232 0.22807 -0.09178 0.96931
0.517561 -0.051066 0.805871 0.19875 -0.07832 0.97692
0.696569 -0.145378 0.746467 0.27651 -0.22869 0.93340
0.641396 -0.101979 0.770815 0.25219 -0.15849 0.95461
0.491817 -0.112807 0.803023 0.18764 -0.17199 0.96706
0.572130 -0.091923 0.789443 0.22152 -0.14221 0.96473
0.505023 -0.082210 0.805128 0.19335 -0.12567 0.97305
0.544907 -0.071335 0.798183 0.21009 -0.10982 0.97150
0.893954 -0.326656 0.591253 0.36599 -0.53263 0.76312
0.850076 -0.281159 0.639368 0.34595 -0.45551 0.82026
0.750325 -0.189966 0.716714 0.30046 -0.30237 0.90460
0.801826 -0.235388 0.681127 0.32388 -0.37822 0.86721
0.433251 -0.229590 0.781908 0.16239 -0.34408 0.92479
0.511779 -0.214261 0.772340 0.19434 -0.32533 0.92542
0.448590 -0.201507 0.788937 0.16893 -0.30307 0.93788
0.679376 -0.178009 0.742525 0.26739 -0.28013 0.92197
0.593709 -0.197170 0.759442 0.22911 -0.30422 0.92464
0.653071 -0.156114 0.756103 0.25593 -0.24429 0.93532
0.477900 -0.143209 0.799540 0.18163 -0.21725 0.95907
0.527691 -0.184893 0.778532 0.20145 -0.28182 0.93808
0.463506 -0.172653 0.794847 0.17536 -0.26092 0.94930
0.517578 -0.133597 0.793810 0.19802 -0.20413 0.95871
0.487773 -0.193420 0.784127 0.18485 -0.29278 0.93814
0.599472 -0.113156 0.779470 0.23299 -0.17561 0.95649
0.568784 -0.175802 0.772015 0.21881 -0.27011 0.93764
0.626378 -0.134448 0.768417 0.24449 -0.20958 0.94673
0.558133 -0.123579 0.787141 0.21515 -0.19026 0.95787
0.610437 -0.166251 0.764591 0.23694 -0.25766 0.93674
0.543280 -0.154640 0.783473 0.20844 -0.23692 0.94891
0.973231 -0.587199 0.037414 0.38324 -0.92250 0.04611
0.993581 -0.570729 0.113460 0.39572 -0.90728 0.14231
1.008825 -0.521854 0.266080 0.40947 -0.84626 0.34085
1.005661 -0.548912 0.190125 0.40468 -0.88205 0.24129
0.932268 -0.371131 0.536809 0.38231 -0.60865 0.69526
0.963841 -0.413744 0.476331 0.39588 -0.67940 0.61782
1.002776 -0.489901 0.339949 0.40975 -0.79988 0.43851
0.987618 -0.453617 0.410414 0.40514 -0.74381 0.53161
0.299835 -0.427282 0.691357 0.10753 -0.61370 0.78219
0.370685 -0.422729 0.683989 0.13395 -0.61175 0.77963
0.316969 -0.405675 0.705272 0.11434 -0.58461 0.80322
0.520641 -0.409646 0.662822 0.19230 -0.60588 0.77196
0.444121 -0.416923 0.674595 0.16205 -0.60919 0.77629
0.350992 -0.359921 0.731131 0.12804 -0.52433 0.84184
0.388708 -0.400320 0.697749 0.14138 -0.58156 0.80112
0.334053 -0.383187 0.718569 0.12116 -0.55524 0.82282
0.352561 -0.403159 0.701744 0.12765 -0.58319 0.80224
0.865940 -0.358891 0.580698 0.34893 -0.57894 0.73694
0.773183 -0.375752 0.607980 0.30259 -0.58869 0.74959
0.846351 -0.336730 0.606081 0.34039 -0.54068 0.76928
0.600726 -0.400616 0.648211 0.22533 -0.60159 0.76637
0.684805 -0.389471 0.630177 0.26176 -0.59601 0.75911
0.803428 -0.291740 0.652323 0.32157 -0.46622 0.82415
0.754242 -0.354110 0.631494 0.29489 -0.55286 0.77935
0.825442 -0.314279 0.629993 0.33128 -0.50359 0.79790
0.799712 -0.345861 0.619464 0.31691 -0.54719 0.77470
0.416994 -0.258272 0.773333 0.15562 -0.38427 0.91001
0.459881 -0.301207 0.745482 0.17160 -0.44825 0.87728
0.400916 -0.284808 0.764176 0.14863 -0.42182 0.89441
0.455590 -0.251407 0.769296 0.17083 -0.37650 0.91053
0.541123 -0.385067 0.676146 0.20158 -0.57255 0.79470
0.501380 -0.343577 0.713123 0.18695 -0.51124 0.83886
0.501877 -0.389510 0.682473 0.18556 -0.57528 0.79663
0.367932 -0.335537 0.743075 0.13493 -0.49166 0.86027
0.442447 -0.327175 0.734893 0.16391 -0.48426 0.85943
0.384526 -0.310609 0.754053 0.14180 -0.45752 0.87782
0.387537 -0.356351 0.727494 0.14197 -0.52149 0.84136
0.421870 -0.306087 0.750064 0.15634 -0.45315 0.87762
0.535301 -0.236560 0.758943 0.20354 -0.35920 0.91079
0.499481 -0.294857 0.740617 0.18747 -0.44194 0.87724
0.495054 -0.244172 0.764515 0.18683 -0.36807 0.91083
0.477709 -0.273211 0.755518 0.17919 -0.40929 0.89463
0.425856 -0.397088 0.693210 0.15561 -0.57971 0.79983
0.462802 -0.348333 0.718435 0.17131 -0.51516 0.83980
0.463431 -0.393511 0.688148 0.17030 -0.57764 0.79833
0.406876 -0.376911 0.710849 0.14888 -0.55091 0.82118
0.482561 -0.369026 0.701036 0.17856 -0.54547 0.81889
0.424829 -0.352491 0.723274 0.15640 -0.51843 0.84069
0.706234 -0.201372 0.726877 0.27878 -0.31746 0.90637
0.668125 -0.265737 0.711948 0.25946 -0.41222 0.87336
0.731548 -0.223721 0.710500 0.29004 -0.35418 0.88906
0.662114 -0.210926 0.736523 0.25866 -0.32906 0.90819
0.582758 -0.379945 0.668825 0.21861 -0.56946 0.79242
0.626629 -0.325335 0.692304 0.23919 -0.49613 0.83465
0.623939 -0.374452 0.660945 0.23620 -0.56611 0.78977
0.562707 -0.359118 0.688532 0.21121 -0.53835 0.81583
0.780183 -0.268857 0.673356 0.31141 -0.42856 0.84815
0.690834 -0.287736 0.694042 0.26899 -0.44748 0.85288
0.756267 -0.246274 0.692645 0.30087 -0.39119 0.86974
0.757581 -0.301234 0.664112 0.29913 -0.47494 0.82762
0.711647 -0.256380 0.702889 0.27966 -0.40226 0.87177
0.576823 -0.228451 0.752433 0.22107 -0.34975 0.91039
0.624619 -0.273599 0.720624 0.24022 -0.42037 0.87497
0.618935 -0.219949 0.745015 0.23940 -0.33973 0.90954
0.558830 -0.258862 0.744221 0.21275 -0.39360 0.89432
0.643798 -0.242861 0.729173 0.24962 -0.37599 0.89237
0.709492 -0.361620 0.642423 0.27413 -0.55786 0.78336
0.669050 -0.318147 0.683921 0.25811 -0.48998 0.83265
0.666220 -0.368358 0.652165 0.25462 -0.56225 0.78679
0.733931 -0.332208 0.653738 0.28665 -0.51807 0.80588
0.646778 -0.346923 0.672904 0.24713 -0.52942 0.81157
0.712737 -0.310024 0.674616 0.27799 -0.48283 0.83042
0.521094 -0.316639 0.724345 0.19557 -0.47454 0.85823
0.604495 -0.303521 0.710823 0.23065 -0.46239 0.85615
0.542110 -0.337964 0.707064 0.20349 -0.50668 0.83778
0.540202 -0.288315 0.734810 0.20422 -0.43527 0.87683
0.583889 -0.331891 0.700144 0.22096 -0.50165 0.83638
0.581948 -0.281237 0.728166 0.22181 -0.42810 0.87609
0.529346 -0.019597 -0.805195 0.20433 -0.02880 -0.97848
0.585482 -0.060006 -0.790232 0.22807 -0.09178 -0.96931
0.517561 -0.051066 -0.805871 0.19875 -0.07832 -0.97692
0.696569 -0.145378 -0.746467 0.27651 -0.22869 -0.93340
0.641396 -0.101979 -0.770815 0.25219 -0.15849 -0.95461
0.491817 -0.112807 -0.803023 0.18764 -0.17199 -0.96706
0.572130 -0.091923 -0.789443 0.22152 -0.14221 -0.96473
0.505023 -0.082210 -0.805128 0.19335 -0.12567 -0.97305
0.544907 -0.071335 -0.798183 0.21009 -0.10982 -0.97150
0.893954 -0.326656 -0.591253 0.36599 -0.53263 -0.76312
0.850076 -0.281159 -0.639368 0.34595 -0.45551 -0.82026
0.750325 -0.189966 -0.716714 0.30046 -0.30237 -0.90460
0.801826 -0.235388 -0.681127 0.32388 -0.37822 -0.86721
0.433251 -0.229590 -0.781908 0.16239 -0.34408 -0.92479
0.511779 -0.214261 -0.772340 0.19434 -0.32533 -0.92542
0.448590 -0.201507 -0.788937 0.16893 -0.30307 -0.93788
0.679376 -0.178009 -0.742525 0.26739 -0.28013 -0.92197
0.593709 -0.197170 -0.759442 0.22911 -0.30422 -0.92464
0.653071 -0.156114 -0.756103 0.25593 -0.24429 -0.93532
0.477900 -0.143209 -0.799540 0.18163 -0.21725 -0.95907
0.527691 -0.184893 -0.778532 0.20145 -0.28182 -0.93808
0.463506 -0.172653 -0.794847 0.17536 -0.26092 -0.94930
0.517578 -0.133597 -0.793810 0.19802 -0.20413 -0.95871
0.487773 -0.193420 -0.784127 0.18485 -0.29278 -0.93814
0.599472 -0.113156 -0.779470 0.23299 -0.17561 -0.95649
0.568784 -0.175802 -0.772015 0.21881 -0.27011 -0.93764
0.626378 -0.134448 -0.768417 0.24449 -0.20958 -0.94673
0.558133 -0.123579 -0.787141 0.21515 -0.19026 -0.95787
0.610437 -0.166251 -0.764591 0.23694 -0.25766 -0.93674
0.543280 -0.154640 -0.783473 0.20844 -0.23692 -0.94891
0.973231 -0.587199 -0.037414 0.38324 -0.92250 -0.04611
0.993581 -0.570729 -0.113460 0.39572 -0.90728 -0.14231
1.008825 -0.521854 -0.266080 0.40947 -0.84626 -0.34085
1.005661 -0.548912 -0.190125 0.40468 -0.88205 -0.24129
0.932268 -0.371131 -0.536809 0.38231 -0.60865 -0.69526
0.963841 -0.413744 -0.476331 0.39588 -0.67940 -0.61782
1.002776 -0.489901 -0.339949 0.40975 -0.79988 -0.43851
0.987618 -0.453617 -0.410414 0.40514 -0.74381 -0.53161
0.299835 -0.427282 -0.691357 0.10753 -0.61370 -0.78219
0.370685 -0.422729 -0.683989 0.13395 -0.61175 -0.77963
0.316969 -0.405675 -0.705272 0.11434 -0.58461 -0.80322
0.520641 -0.409646 -0.662822 0.19230 -0.60588 -0.77196
0.444121 -0.416923 -0.674595 0.16205 -0.60919 -0.77629
0.350992 -0.359921 -0.731131 0.12804 -0.52433 -0.84184
0.388708 -0.400320 -0.697749 0.14138 -0.58156 -0.80112
0.334053 -0.383187 -0.718569 0.12116 -0.55524 -0.82282
0.352561 -0.403159 -0.701744 0.12765 -0.58319 -0.80224
0.865940 -0.358891 -0.580698 0.34893 -0.57894 -0.73694
0.773183 -0.375752 -0.607980 0.30259 -0.58869 -0.74959
0.846351 -0.336730 -0.606081 0.34039 -0.54068 -0.76928
0.600726 -0.400616 -0.648211 0.22533 -0.60159 -0.76637
0.684805 -0.389471 -0.630177 0.26176 -0.59601 -0.75911
0.803428 -0.291740 -0.652323 0.32157 -0.46622 -0.82415
0.754242 -0.354110 -0.631494 0.29489 -0.55286 -0.77935
0.825442 -0.314279 -0.629993 0.33128 -0.50359 -0.79790
0.799712 -0.345861 -0.619464 0.31691 -0.54719 -0.77470
0.416994 -0.258272 -0.773333 0.15562 -0.38427 -0.91001
0.459881 -0.301207 -0.745482 0.17160 -0.44825 -0.87728
0.400916 -0.284808 -0.764176 0.14863 -0.42182 -0.89441
0.455590 -0.251407 -0.769296 0.17083 -0.37650 -0.91053
0.541123 -0.385067 -0.676146 0.20158 -0.57255 -0.79470
0.501380 -0.343577 -0.713123 0.18695 -0.51124 -0.83886
0.501877 -0.389510 -0.682473 0.18556 -0.57528 -0.79663
0.367932 -0.335537 -0.743075 0.13493 -0.49166 -0.86027
0.442447 -0.327175 -0.734893 0.16391 -0.48426 -0.85943
0.384526 -0.310609 -0.754053 0.14180 -0.45752 -0.87782
0.387537 -0.356351 -0.727494 0.14197 -0.52149 -0.84136
0.421870 -0.306087 -0.750064 0.15634 -0.45315 -0.87762
0.535301 -0.236560 -0.758943 0.20354 -0.35920 -0.91079
0.499481 -0.294857 -0.740617 0.18747 -0.44194 -0.87724
0.495054 -0.244172 -0.764515 0.18683 -0.36807 -0.91083
0.477709 -0.273211 -0.755518 0.17919 -0.40929 -0.89463
0.425856 -0.397088 -0.693210 0.15561 -0.57971 -0.79983
0.462802 -0.348333 -0.718435 0.17131 -0.51516 -0.83980
0.463431 -0.393511 -0.688148 0.17030 -0.57764 -0.79833
0.406876 -0.376911 -0.710849 0.14888 -0.55091 -0.82118
0.482561 -0.369026 -0.701036 0.17856 -0.54547 -0.81889
0.424829 -0.352491 -0.723274 0.15640 -0.51843 -0.84069
0.706234 -0.201372 -0.726877 0.27878 -0.31746 -0.90637
0.668125 -0.265737 -0.711948 0.25946 -0.41222 -0.87336
0.731548 -0.223721 -0.710500 0.29004 -0.35418 -0.88906
0.662114 -0.210926 -0.736523 0.25866 -0.32906 -0.90819
0.582758 -0.379945 -0.668825 0.21861 -0.56946 -0.79242
0.626629 -0.325335 -0.692304 0.23919 -0.49613 -0.83465
0.623939 -0.374452 -0.660945 0.23620 -0.56611 -0.78977
0.562707 -0.359118 -0.688532 0.21121 -0.53835 -0.81583
0.780183 -0.268857 -0.673356 0.31141 -0.42856 -0.84815
0.690834 -0.287736 -0.694042 0.26899 -0.44748 -0.85288
0.756267 -0.246274 -0.692645 0.30087 -0.39119 -0.86974
0.757581 -0.301234 -0.664112 0.29913 -0.47494 -0.82762
0.711647 -0.256380 -0.702889 0.27966 -0.40226 -0.87177
0.576823 -0.228451 -0.752433 0.22107 -0.34975 -0.91039
0.624619 -0.273599 -0.720624 0.24022 -0.42037 -0.87497
0.618935 -0.219949 -0.745015 0.23940 -0.33973 -0.90954
0.558830 -0.258862 -0.744221 0.21275 -0.39360 -0.89432
0.643798 -0.242861 -0.729173 0.24962 -0.37599 -0.89237
0.709492 -0.361620 -0.642423 0.27413 -0.55786 -0.78336
0.669050 -0.318147 -0.683921 0.25811 -0.48998 -0.83265
0.666220 -0.368358 -0.652165 0.25462 -0.56225 -0.78679
0.733931 -0.332208 -0.653738 0.28665 -0.51807 -0.80588
0.646778 -0.346923 -0.672904 0.24713 -0.52942 -0.81157
0.712737 -0.310024 -0.674616 0.27799 -0.48283 -0.83042
0.521094 -0.316639 -0.724345 0.19557 -0.47454 -0.85823
0.604495 -0.303521 -0.710823 0.23065 -0.46239 -0.85615
0.542110 -0.337964 -0.707064 0.20349 -0.50668 -0.83778
0.540202 -0.288315 -0.734810 0.20422 -0.43527 -0.87683
0.583889 -0.331891 -0.700144 0.22096 -0.50165 -0.83638
0.581948 -0.281237 -0.728166 0.22181 -0.42810 -0.87609
0.025858 -0.672614 -0.405822 0.00877 -0.90238 -0.43084
0.077535 -0.678979 -0.390017 0.02609 -0.91005 -0.41367
0.041993 -0.662680 -0.425598 0.01414 -0.89163 -0.45255
0.025778 -0.683983 -0.381016 0.00864 -0.91521 -0.40288
0.181626 -0.688620 -0.356216 0.06105 -0.92374 -0.37812
0.129373 -0.684315 -0.373514 0.04347 -0.91716 -0.39613
0.074633 -0.640954 -0.464517 0.02529 -0.86747 -0.49685
0.094003 -0.669165 -0.409835 0.03164 -0.89966 -0.43545
0.058281 -0.652117 -0.445190 0.01967 -0.87992 -0.47471
0.068010 -0.666058 -0.417790 0.02288 -0.89572 -0.44403
0.025642 -0.704380 -0.330659 0.00857 -0.93755 -0.34775
0.077325 -0.689918 -0.364928 0.02590 -0.92234 -0.38551
0.025713 -0.694585 -0.355917 0.00859 -0.92685 -0.37534
0.051577 -0.687081 -0.373049 0.01726 -0.91884 -0.39425
0.399898 -0.694498 -0.276476 0.13621 -0.94493 -0.29759
0.343428 -0.694916 -0.298304 0.11636 -0.94046 -0.31936
0.234548 -0.691867 -0.338008 0.07894 -0.92985 -0.35936
0.288396 -0.693996 -0.318755 0.09733 -0.93542 -0.33989
0.141365 -0.589673 -0.539524 0.04864 -0.80935 -0.58531
0.161831 -0.623325 -0.487298 0.05527 -0.84940 -0.52484
0.124598 -0.603459 -0.521228 0.04263 -0.82519 -0.56325
0.199354 -0.678932 -0.376193 0.06721 -0.91395 -0.40021
0.181178 -0.653087 -0.432758 0.06145 -0.88420 -0.46305
0.172890 -0.676895 -0.384882 0.05819 -0.91059 -0.40919
0.091318 -0.629042 -0.483782 0.03101 -0.85417 -0.51908
0.144764 -0.635718 -0.468367 0.04917 -0.86318 -0.50250
0.107884 -0.616594 -0.502619 0.03679 -0.84009 -0.54119
0.101163 -0.644364 -0.456895 0.03426 -0.87186 -0.48855
0.134831 -0.620086 -0.495066 0.04596 -0.84483 -0.53305
0.120367 -0.672013 -0.401675 0.04047 -0.90345 -0.42678
0.154485 -0.650492 -0.440905 0.05228 -0.88028 -0.47156
0.146531 -0.674587 -0.393378 0.04931 -0.90709 -0.41803
0.110858 -0.658701 -0.429485 0.03742 -0.88830 -0.45774
0.163831 -0.664171 -0.413153 0.05531 -0.89606 -0.44048
0.127811 -0.647544 -0.449024 0.04327 -0.87613 -0.48012
0.025472 -0.735949 -0.227574 0.00852 -0.97143 -0.23717
0.076728 -0.725952 -0.261973 0.02554 -0.96140 -0.27397
0.025523 -0.729228 -0.253480 0.00845 -0.96424 -0.26489
0.181271 -0.698807 -0.330218 0.06080 -0.93513 -0.34906
0.128587 -0.713633 -0.296152 0.04291 -0.94938 -0.31119
0.155205 -0.696979 -0.339188 0.05194 -0.93209 -0.35848
0.025630 -0.713493 -0.304931 0.00854 -0.94737 -0.32003
0.076882 -0.718168 -0.287835 0.02555 -0.95300 -0.30190
0.025569 -0.721734 -0.279309 0.00849 -0.95625 -0.29244
0.051354 -0.707102 -0.322250 0.01710 -0.94070 -0.33880
0.051168 -0.723982 -0.270701 0.01696 -0.95887 -0.28333
0.103368 -0.692552 -0.356474 0.03456 -0.92574 -0.37657
0.102941 -0.711704 -0.305063 0.03424 -0.94658 -0.32065
0.129212 -0.694887 -0.347954 0.04323 -0.92898 -0.36760
0.077285 -0.700121 -0.339446 0.02578 -0.93350 -0.35766
0.128957 -0.704671 -0.322122 0.04304 -0.93963 -0.33946
0.077144 -0.709549 -0.313703 0.02567 -0.94372 -0.32974
0.923893 -0.607379 -0.022485 0.35579 -0.93419 -0.02656
0.851598 -0.630948 -0.064666 0.31919 -0.94465 -0.07580
0.935628 -0.600896 -0.059289 0.36236 -0.92921 -0.07254
0.711597 -0.664030 -0.138587 0.25585 -0.95392 -0.15675
0.780629 -0.649562 -0.103278 0.28603 -0.95082 -0.11884
0.953670 -0.584081 -0.133970 0.37329 -0.91281 -0.16565
0.861050 -0.624027 -0.100261 0.32423 -0.93843 -0.11930
0.945591 -0.593129 -0.096552 0.36820 -0.92214 -0.11868
0.898141 -0.613147 -0.080269 0.34279 -0.93442 -0.09673
0.458056 -0.692566 -0.253067 0.15703 -0.94890 -0.27373
0.518135 -0.688890 -0.227847 0.17916 -0.95192 -0.24851
0.644804 -0.675042 -0.170906 0.22825 -0.95476 -0.19064
0.580335 -0.683173 -0.200556 0.20280 -0.95397 -0.22096
0.965459 -0.534956 -0.283486 0.38474 -0.85118 -0.35702
0.881504 -0.584115 -0.244545 0.33762 -0.89350 -0.29608
0.965685 -0.549088 -0.246651 0.38341 -0.87033 -0.30906
0.717290 -0.656288 -0.171959 0.25870 -0.94583 -0.19616
0.798270 -0.624065 -0.207251 0.29580 -0.92387 -0.24282
0.752254 -0.649747 -0.155320 0.27394 -0.94502 -0.17859
0.959740 -0.573655 -0.171903 0.37756 -0.90107 -0.21338
0.879111 -0.595864 -0.208779 0.33542 -0.90790 -0.25141
0.963775 -0.562014 -0.209347 0.38097 -0.88692 -0.26122
0.914008 -0.595949 -0.153826 0.35223 -0.91701 -0.18715
0.922292 -0.573719 -0.227501 0.35865 -0.89073 -0.27924
0.824038 -0.633749 -0.119626 0.30656 -0.94143 -0.14049
0.835986 -0.615915 -0.190369 0.31357 -0.92243 -0.22539
0.787896 -0.642256 -0.137856 0.28982 -0.94359 -0.16014
0.868652 -0.615930 -0.136376 0.32858 -0.93033 -0.16289
0.793792 -0.633750 -0.172601 0.29311 -0.93466 -0.20122
0.874691 -0.606533 -0.172644 0.33232 -0.92016 -0.20705
0.279335 -0.451973 -0.673984 0.10023 -0.64338 -0.75896
0.306236 -0.495500 -0.630139 0.10907 -0.70082 -0.70495
0.262118 -0.471786 -0.658817 0.09296 -0.66858 -0.73781
0.314040 -0.450238 -0.670611 0.11235 -0.64332 -0.75731
0.354199 -0.573107 -0.531124 0.12436 -0.80033 -0.58652
0.331241 -0.535960 -0.582420 0.11711 -0.75319 -0.64729
0.227669 -0.509062 -0.626981 0.07993 -0.71436 -0.69520
0.288214 -0.513980 -0.613885 0.10151 -0.72351 -0.68281
0.244860 -0.490838 -0.643115 0.08641 -0.69208 -0.71663
0.275409 -0.493279 -0.636811 0.09734 -0.69666 -0.71077
0.385237 -0.446000 -0.662400 0.13892 -0.64222 -0.75383
0.341147 -0.494036 -0.625905 0.12131 -0.70146 -0.70231
0.349378 -0.448253 -0.666753 0.12542 -0.64281 -0.75569
0.327844 -0.472537 -0.648748 0.11691 -0.67302 -0.73033
0.422968 -0.684377 -0.296808 0.14513 -0.93596 -0.32079
0.409459 -0.662518 -0.359049 0.14113 -0.91003 -0.38979
0.393941 -0.684872 -0.307800 0.13441 -0.93377 -0.33167
0.374970 -0.606714 -0.476569 0.13069 -0.84226 -0.52299
0.393427 -0.636578 -0.419092 0.13632 -0.87879 -0.45732
0.337098 -0.684769 -0.328735 0.11440 -0.92882 -0.35242
0.380114 -0.662531 -0.369088 0.13025 -0.90741 -0.39955
0.365285 -0.684997 -0.318446 0.12430 -0.93137 -0.34219
0.387334 -0.674199 -0.338722 0.13245 -0.92124 -0.36576
0.159177 -0.574570 -0.558253 0.05484 -0.79214 -0.60787
0.216581 -0.580251 -0.544535 0.07475 -0.80114 -0.59379
0.176128 -0.559352 -0.575923 0.06101 -0.77421 -0.62998
0.169723 -0.592645 -0.532772 0.05834 -0.81382 -0.57818
0.334509 -0.588844 -0.513069 0.11623 -0.81822 -0.56304
0.274922 -0.585027 -0.529529 0.09515 -0.80982 -0.57891
0.323752 -0.571455 -0.539459 0.11291 -0.79639 -0.59415
0.210297 -0.526690 -0.610249 0.07352 -0.73551 -0.67351
0.234210 -0.564933 -0.562321 0.08130 -0.78336 -0.61623
0.193201 -0.543376 -0.593287 0.06721 -0.75541 -0.65180
0.240101 -0.529337 -0.603837 0.08403 -0.74011 -0.66721
0.205085 -0.562261 -0.569267 0.07109 -0.77884 -0.62318
0.190036 -0.625908 -0.479828 0.06489 -0.85349 -0.51704
0.227029 -0.597965 -0.518302 0.07818 -0.82249 -0.56339
0.180024 -0.609781 -0.506586 0.06165 -0.83433 -0.54780
0.198309 -0.595411 -0.525698 0.06820 -0.81818 -0.57090
0.300628 -0.534069 -0.589826 0.10550 -0.74917 -0.65392
0.263924 -0.567357 -0.555020 0.09169 -0.78780 -0.60907
0.312441 -0.553166 -0.565088 0.10933 -0.77343 -0.62438
0.270242 -0.531797 -0.597032 0.09470 -0.74466 -0.66069
0.293631 -0.569536 -0.547423 0.10222 -0.79214 -0.60172
0.252204 -0.548798 -0.579809 0.08795 -0.76462 -0.63845
0.536557 -0.433765 -0.638955 0.19798 -0.63874 -0.74352
0.488140 -0.485805 -0.602823 0.17695 -0.70277 -0.68906
0.497641 -0.437356 -0.645785 0.18226 -0.63977 -0.74664
0.389504 -0.572149 -0.524570 0.13691 -0.80228 -0.58104
0.438916 -0.531790 -0.564455 0.15655 -0.75681 -0.63460
0.378265 -0.553983 -0.551175 0.13318 -0.77906 -0.61264
0.422218 -0.443438 -0.657427 0.15290 -0.64153 -0.75171
0.450523 -0.488259 -0.609542 0.16221 -0.70242 -0.69303
0.459486 -0.440573 -0.651935 0.16732 -0.64071 -0.74933
0.399630 -0.468616 -0.639547 0.14365 -0.67283 -0.72571
0.474198 -0.463589 -0.627960 0.17221 -0.67237 -0.71990
0.354140 -0.514999 -0.601771 0.12548 -0.72875 -0.67318
0.426376 -0.511727 -0.590374 0.15236 -0.73023 -0.66600
0.366449 -0.534892 -0.576965 0.12943 -0.75460 -0.64329
0.376883 -0.492495 -0.620938 0.13449 -0.70191 -0.69945
0.402377 -0.533511 -0.570979 0.14268 -0.75569 -0.63920
0.413379 -0.490577 -0.615486 0.14814 -0.70224 -0.69636
0.227332 -0.680691 -0.367040 0.07656 -0.91722 -0.39095
0.266291 -0.659066 -0.406572 0.09040 -0.89514 -0.43651
0.254241 -0.682160 -0.357887 0.08584 -0.92034 -0.38159
0.218474 -0.668523 -0.395911 0.07388 -0.90323 -0.42275
0.345073 -0.605920 -0.484921 0.11943 -0.83901 -0.53084
0.305568 -0.634234 -0.445915 0.10467 -0.86926 -0.48315
0.354693 -0.621469 -0.457016 0.12256 -0.85808 -0.49867
0.315178 -0.604287 -0.493857 0.10900 -0.83502 -0.53932
0.308959 -0.684216 -0.338788 0.10467 -0.92612 -0.36240
0.294025 -0.660434 -0.397618 0.10013 -0.89845 -0.42750
0.281481 -0.683339 -0.348466 0.09517 -0.92330 -0.37210
0.329956 -0.673609 -0.358832 0.11227 -0.91582 -0.38557
0.274100 -0.671680 -0.377784 0.09291 -0.90985 -0.40441
0.199856 -0.641185 -0.452244 0.06800 -0.87141 -0.48582
0.256941 -0.645380 -0.435252 0.08761 -0.87905 -0.46860
0.209303 -0.655338 -0.424357 0.07098 -0.88797 -0.45440
0.218566 -0.628373 -0.471841 0.07466 -0.85758 -0.50891
0.237705 -0.657333 -0.415627 0.08069 -0.89162 -0.44553
0.372196 -0.649755 -0.399161 0.12789 -0.89223 -0.43310
0.314303 -0.648248 -0.417589 0.10749 -0.88603 -0.45100
0.363750 -0.636104 -0.428382 0.12533 -0.87580 -0.46613
0.351075 -0.662122 -0.378986 0.12002 -0.90453 -0.40916
0.334432 -0.635319 -0.437324 0.11496 -0.87261 -0.47470
0.322345 -0.661418 -0.388497 0.10997 -0.90154 -0.41848
0.256328 -0.600300 -0.510505 0.08833 -0.82673 -0.55562
0.276478 -0.632470 -0.455000 0.09466 -0.86543 -0.49201
0.285562 -0.602411 -0.502384 0.09859 -0.83090 -0.54762
0.237427 -0.614735 -0.491294 0.08145 -0.84268 -0.53222
0.295793 -0.618837 -0.474466 0.10178 -0.85080 -0.51554
0.247412 -0.630563 -0.463564 0.08459 -0.86156 -0.50057
0.025505 -0.763115 -0.015763 0.00882 -0.99984 -0.01541
0.076641 -0.761224 -0.047367 0.02561 -0.99851 -0.04820
0.025509 -0.762322 -0.042192 0.00837 -0.99901 -0.04371
0.180293 -0.751510 -0.111427 0.05997 -0.99152 -0.11533
0.128154 -0.757391 -0.079204 0.04261 -0.99577 -0.08143
0.025530 -0.758554 -0.095040 0.00840 -0.99509 -0.09859
0.076664 -0.759551 -0.073919 0.02519 -0.99674 -0.07670
0.025513 -0.760800 -0.068661 0.00838 -0.99743 -0.07112
0.051082 -0.761176 -0.058042 0.01676 -0.99805 -0.06014
0.399711 -0.703238 -0.247035 0.13622 -0.95474 -0.26443
0.342818 -0.719621 -0.211873 0.11576 -0.96757 -0.22450
0.371505 -0.703833 -0.258551 0.12584 -0.95271 -0.27660
0.233301 -0.743418 -0.144188 0.07780 -0.98556 -0.15037
0.287406 -0.732887 -0.177627 0.09636 -0.97770 -0.18658
0.316122 -0.703970 -0.280455 0.10656 -0.94841 -0.29862
0.315711 -0.719967 -0.223398 0.10596 -0.96576 -0.23683
0.343612 -0.704069 -0.269703 0.11611 -0.95063 -0.28779
0.343413 -0.712313 -0.240842 0.11578 -0.95960 -0.25644
0.025617 -0.742177 -0.200340 0.00853 -0.97790 -0.20888
0.076871 -0.745358 -0.180241 0.02542 -0.98186 -0.18789
0.025576 -0.747368 -0.174215 0.00843 -0.98342 -0.18115
0.051162 -0.737987 -0.217635 0.01690 -0.97376 -0.22694
0.180389 -0.747931 -0.138553 0.05968 -0.98766 -0.14477
0.128373 -0.747286 -0.159685 0.04242 -0.98512 -0.16655
0.154293 -0.751626 -0.122258 0.05088 -0.99055 -0.12733
0.025519 -0.755543 -0.121669 0.00841 -0.99197 -0.12618
0.076776 -0.750010 -0.153905 0.02530 -0.98680 -0.15998
0.025548 -0.751828 -0.147948 0.00841 -0.98809 -0.15367
0.051112 -0.756495 -0.111178 0.01680 -0.99318 -0.11535
0.051190 -0.748846 -0.164106 0.01685 -0.98519 -0.17062
0.102737 -0.727929 -0.252020 0.03407 -0.96399 -0.26375
0.102739 -0.741117 -0.197472 0.03395 -0.97798 -0.20593
0.076889 -0.733237 -0.234876 0.02543 -0.96911 -0.24531
0.076943 -0.739713 -0.207585 0.02540 -0.97596 -0.21646
0.102546 -0.757412 -0.090018 0.03369 -0.99505 -0.09346
0.102666 -0.750877 -0.143423 0.03379 -0.98823 -0.14918
0.128325 -0.754783 -0.106067 0.04225 -0.99300 -0.11029
0.076810 -0.757120 -0.100613 0.02523 -0.99421 -0.10442
0.128394 -0.751411 -0.132938 0.04231 -0.98948 -0.13833
0.076843 -0.753936 -0.127319 0.02527 -0.99090 -0.13223
0.208648 -0.700510 -0.320389 0.06986 -0.93815 -0.33912
0.209245 -0.718210 -0.266064 0.06972 -0.95737 -0.28031
0.235068 -0.701797 -0.310895 0.07887 -0.94089 -0.32940
0.181848 -0.708319 -0.303376 0.06074 -0.94547 -0.32001
0.207640 -0.743503 -0.155593 0.06870 -0.98427 -0.16279
0.208900 -0.732526 -0.211068 0.06933 -0.97269 -0.22150
0.234176 -0.738622 -0.172210 0.07779 -0.98046 -0.18068
0.181221 -0.743411 -0.166232 0.05996 -0.98297 -0.17372
0.288657 -0.703535 -0.291008 0.09716 -0.94602 -0.30921
0.235397 -0.719078 -0.255990 0.07864 -0.95966 -0.26994
0.261765 -0.702813 -0.301089 0.08794 -0.94351 -0.31945
0.288845 -0.712212 -0.262876 0.09697 -0.95547 -0.27870
0.235356 -0.710878 -0.283508 0.07878 -0.95078 -0.29969
0.129012 -0.721981 -0.269263 0.04284 -0.95834 -0.28240
0.182288 -0.724835 -0.249057 0.06060 -0.96330 -0.26151
0.155281 -0.715474 -0.286317 0.05172 -0.95218 -0.30113
0.129084 -0.729557 -0.242029 0.04280 -0.96642 -0.25336
0.182192 -0.717006 -0.276273 0.06071 -0.95486 -0.29078
0.288090 -0.726919 -0.206041 0.09635 -0.97127 -0.21762
0.235247 -0.726490 -0.228020 0.07843 -0.96758 -0.24008
0.261016 -0.733100 -0.189040 0.08697 -0.97615 -0.19893
0.288660 -0.720015 -0.234504 0.09670 -0.96389 -0.24812
0.234821 -0.732973 -0.200201 0.07813 -0.97450 -0.21034
0.261861 -0.719712 -0.245382 0.08758 -0.96185 -0.25917
0.128914 -0.742221 -0.187094 0.04256 -0.97983 -0.19524
0.182192 -0.731902 -0.221383 0.06045 -0.97081 -0.23212
0.154954 -0.742979 -0.176748 0.05123 -0.98149 -0.18452
0.129057 -0.736312 -0.214591 0.04271 -0.97359 -0.22426
0.181817 -0.738062 -0.193890 0.06025 -0.97735 -0.20289
0.155595 -0.730887 -0.231802 0.05160 -0.96870 -0.24280
0.887444 -0.384876 -0.548470 0.35723 -0.61922 -0.69925
0.830168 -0.449906 -0.513072 0.32395 -0.70195 -0.63429
0.903765 -0.406177 -0.519850 0.36482 -0.65452 -0.66220
0.840192 -0.393453 -0.564092 0.33366 -0.62373 -0.70685
0.706081 -0.554620 -0.436382 0.26070 -0.81928 -0.51070
0.769052 -0.506306 -0.475300 0.29151 -0.76756 -0.57085
0.931232 -0.447054 -0.458426 0.37568 -0.71999 -0.58350
0.842759 -0.469491 -0.483516 0.32922 -0.73234 -0.59606
0.918428 -0.426965 -0.489765 0.37073 -0.68797 -0.62390
0.873784 -0.438995 -0.501998 0.34691 -0.69575 -0.62896
0.748766 -0.408112 -0.591012 0.28935 -0.62979 -0.72086
0.784657 -0.456338 -0.528316 0.30274 -0.70314 -0.64338
0.793878 -0.401185 -0.578247 0.31081 -0.62700 -0.71433
0.812953 -0.425987 -0.546542 0.31821 -0.66560 -0.67507
0.458199 -0.683268 -0.283183 0.15709 -0.93833 -0.30799
0.518305 -0.659142 -0.320330 0.18027 -0.91799 -0.35326
0.488293 -0.681869 -0.271289 0.16854 -0.94030 -0.29568
0.451941 -0.673147 -0.315228 0.15570 -0.92639 -0.34287
0.642707 -0.595626 -0.397215 0.23194 -0.86018 -0.45420
0.579914 -0.630185 -0.358407 0.20515 -0.89241 -0.40190
0.550188 -0.677634 -0.246062 0.19174 -0.94336 -0.27075
0.550188 -0.657131 -0.308517 0.19283 -0.91994 -0.34137
0.518991 -0.680002 -0.258904 0.17993 -0.94195 -0.28348
0.519044 -0.670072 -0.289794 0.18044 -0.93072 -0.31812
0.437429 -0.649670 -0.377833 0.15141 -0.89810 -0.41291
0.510966 -0.647353 -0.352837 0.17859 -0.90361 -0.38934
0.445006 -0.661923 -0.346847 0.15365 -0.91294 -0.37805
0.481325 -0.660813 -0.333941 0.16695 -0.91564 -0.36569
0.962584 -0.519042 -0.321477 0.38500 -0.82911 -0.40540
0.875886 -0.540326 -0.353896 0.33911 -0.83563 -0.43213
0.957940 -0.502571 -0.357024 0.38434 -0.80493 -0.45208
0.922243 -0.546168 -0.301390 0.36145 -0.85461 -0.37283
0.712835 -0.570486 -0.405962 0.26302 -0.84106 -0.47268
0.792529 -0.557208 -0.381834 0.29880 -0.83930 -0.45419
0.745608 -0.548306 -0.425544 0.27874 -0.81860 -0.50218
0.942281 -0.466568 -0.425489 0.37964 -0.75039 -0.54110
0.870441 -0.524054 -0.387521 0.33797 -0.81249 -0.47500
0.951138 -0.485029 -0.391792 0.38254 -0.77872 -0.49725
0.897532 -0.478116 -0.439641 0.35549 -0.75604 -0.54957
0.913733 -0.513925 -0.372878 0.36037 -0.80916 -0.46411
0.840805 -0.593040 -0.262076 0.31776 -0.89512 -0.31271
0.837851 -0.565057 -0.333568 0.31889 -0.85888 -0.40080
0.881498 -0.570805 -0.281534 0.33902 -0.87650 -0.34179
0.879614 -0.556174 -0.318086 0.33951 -0.85708 -0.38749
0.810673 -0.498017 -0.464374 0.31186 -0.76481 -0.56375
0.827624 -0.533139 -0.401273 0.31693 -0.81509 -0.48495
0.778320 -0.524157 -0.445075 0.29500 -0.79338 -0.53247
0.853582 -0.488574 -0.452592 0.33292 -0.76079 -0.55710
0.786177 -0.541168 -0.413844 0.29724 -0.81711 -0.49394
0.862849 -0.506811 -0.420514 0.33585 -0.78760 -0.51662
0.578480 -0.429534 -0.630948 0.21479 -0.63744 -0.73996
0.611960 -0.475856 -0.576546 0.22636 -0.70355 -0.67363
0.619325 -0.425035 -0.622480 0.23205 -0.63589 -0.73607
0.553609 -0.457076 -0.613269 0.20372 -0.67169 -0.71227
0.664587 -0.558081 -0.451166 0.24347 -0.81737 -0.52214
0.640849 -0.518932 -0.516450 0.23595 -0.76386 -0.60070
0.695040 -0.535597 -0.470715 0.25788 -0.79350 -0.55123
0.704210 -0.414425 -0.602666 0.26909 -0.63217 -0.72660
0.653314 -0.471832 -0.566282 0.24402 -0.70361 -0.66737
0.661291 -0.420008 -0.613069 0.25004 -0.63417 -0.73165
0.722768 -0.438689 -0.573261 0.27589 -0.66861 -0.69054
0.636910 -0.448840 -0.595116 0.23826 -0.67044 -0.70267
0.502980 -0.507378 -0.575869 0.18169 -0.73208 -0.65655
0.584631 -0.501588 -0.557602 0.21417 -0.73388 -0.64464
0.528363 -0.483053 -0.594839 0.19262 -0.70319 -0.68441
0.569683 -0.479750 -0.586091 0.20918 -0.70345 -0.67926
0.755116 -0.484957 -0.509329 0.28743 -0.73687 -0.61189
0.668662 -0.494220 -0.535615 0.24922 -0.73541 -0.63013
0.725326 -0.511212 -0.490171 0.27247 -0.76683 -0.58115
0.739804 -0.462277 -0.542078 0.28203 -0.70363 -0.65220
0.682526 -0.515404 -0.503872 0.25383 -0.76539 -0.59140
0.695956 -0.467425 -0.554716 0.26245 -0.70378 -0.66016
0.681495 -0.662141 -0.188799 0.24391 -0.94607 -0.21320
0.685298 -0.643116 -0.255790 0.24677 -0.92447 -0.29062
0.647823 -0.667014 -0.203985 0.22997 -0.94595 -0.22869
0.720349 -0.647574 -0.206294 0.26074 -0.93618 -0.23577
0.678923 -0.591556 -0.385681 0.24766 -0.86120 -0.44384
0.684473 -0.619540 -0.321655 0.24807 -0.89621 -0.36779
0.646360 -0.610170 -0.366189 0.23300 -0.87865 -0.41677
0.717196 -0.586133 -0.374068 0.26385 -0.86120 -0.43442
0.582315 -0.674698 -0.232506 0.20402 -0.94454 -0.25733
0.650613 -0.647606 -0.269732 0.23231 -0.92384 -0.30422
0.614720 -0.671184 -0.218568 0.21675 -0.94541 -0.24335
0.583091 -0.665157 -0.264484 0.20490 -0.93375 -0.29348
0.649761 -0.657857 -0.237001 0.23134 -0.93568 -0.26643
0.799977 -0.613270 -0.242886 0.29762 -0.91105 -0.28532
0.722850 -0.626549 -0.274445 0.26335 -0.91157 -0.31573
0.759922 -0.631319 -0.224350 0.27865 -0.92460 -0.25973
0.800458 -0.601058 -0.278422 0.29884 -0.89611 -0.32815
0.722205 -0.637646 -0.240540 0.26225 -0.92477 -0.27574
0.582040 -0.642805 -0.327631 0.20572 -0.90775 -0.36562
0.650288 -0.636147 -0.302502 0.23293 -0.91035 -0.34207
0.614003 -0.627235 -0.346803 0.21909 -0.89406 -0.39072
0.582995 -0.654511 -0.296259 0.20546 -0.92147 -0.32966
0.648897 -0.623703 -0.334546 0.23317 -0.89529 -0.37959
0.616512 -0.651350 -0.283322 0.21863 -0.92279 -0.31727
0.796487 -0.572994 -0.348176 0.29942 -0.86007 -0.41306
0.722179 -0.614153 -0.308370 0.26398 -0.89653 -0.35574
0.756440 -0.579967 -0.361565 0.28113 -0.86082 -0.42421
0.799287 -0.587603 -0.313614 0.29944 -0.87909 -0.37086
0.720325 -0.600719 -0.341458 0.26414 -0.87975 -0.39530
0.760852 -0.608070 -0.293861 0.28091 -0.89654 -0.34249
0.400719 -0.590277 -0.495680 0.14027 -0.82471 -0.54789
0.474551 -0.588859 -0.476832 0.16761 -0.83011 -0.53181
0.410784 -0.606549 -0.467406 0.14331 -0.84527 -0.51477
0.426106 -0.571715 -0.516097 0.15019 -0.80481 -0.57421
0.632450 -0.579857 -0.430556 0.22938 -0.83922 -0.49304
0.551639 -0.585523 -0.455299 0.19713 -0.83501 -0.51371
0.601928 -0.598878 -0.411002 0.21598 -0.85828 -0.46553
0.622484 -0.561927 -0.463945 0.22628 -0.81573 -0.53234
0.429124 -0.636207 -0.408590 0.14893 -0.88180 -0.44749
0.484609 -0.604986 -0.447156 0.17066 -0.85083 -0.49696
0.420271 -0.621893 -0.438312 0.14621 -0.86421 -0.48141
0.465668 -0.635523 -0.397115 0.16230 -0.88474 -0.43692
0.447366 -0.605984 -0.457604 0.15673 -0.84809 -0.50614
0.477166 -0.530453 -0.556166 0.17093 -0.75863 -0.62870
0.501739 -0.569469 -0.497390 0.17867 -0.80971 -0.55897
0.451649 -0.551762 -0.536315 0.16041 -0.78276 -0.60130
0.516652 -0.528400 -0.547408 0.18614 -0.76021 -0.62245
0.463558 -0.570833 -0.507040 0.16414 -0.80734 -0.56679
0.541261 -0.632459 -0.372200 0.19066 -0.89010 -0.41397
0.523096 -0.603491 -0.435849 0.18517 -0.85347 -0.48714
0.571459 -0.616407 -0.391501 0.20313 -0.87508 -0.43929
0.503084 -0.634289 -0.384986 0.17622 -0.88751 -0.42575
0.562011 -0.601481 -0.423873 0.20025 -0.85595 -0.47671
0.494279 -0.620131 -0.416499 0.17357 -0.86988 -0.46171
0.598595 -0.522830 -0.527401 0.21870 -0.76292 -0.60838
0.541309 -0.567547 -0.486931 0.19387 -0.81193 -0.55063
0.611162 -0.542862 -0.496308 0.22276 -0.79018 -0.57096
0.557177 -0.525872 -0.537829 0.20207 -0.76165 -0.61568
0.581339 -0.565064 -0.475860 0.20970 -0.81394 -0.54178
0.529464 -0.548510 -0.517692 0.19021 -0.78690 -0.58704
0.025858 -0.672614 0.405822 0.00877 -0.90238 0.43084
0.077535 -0.678979 0.390017 0.02609 -0.91005 0.41367
0.041993 -0.662680 0.425598 0.01414 -0.89163 0.45255
0.025778 -0.683983 0.381016 0.00864 -0.91521 0.40288
0.181626 -0.688620 0.356216 0.06105 -0.92374 0.37812
0.129373 -0.684315 0.373514 0.04347 -0.91716 0.39613
0.074633 -0.640954 0.464517 0.02529 -0.86747 0.49685
0.094003 -0.669165 0.409835 0.03164 -0.89966 0.43545
0.058281 -0.652117 0.445190 0.01967 -0.87992 0.47471
0.068010 -0.666058 0.417790 0.02288 -0.89572 0.44403
0.025642 -0.704380 0.330659 0.00857 -0.93755 0.34775
0.077325 -0.689918 0.364928 0.02590 -0.92234 0.38551
0.025713 -0.694585 0.355917 0.00859 -0.92685 0.37534
0.051577 -0.687081 0.373049 0.01726 -0.91884 0.39425
0.399898 -0.694498 0.276476 0.13621 -0.94493 0.29759
0.343428 -0.694916 0.298304 0.11636 -0.94046 0.31936
0.234548 -0.691867 0.338008 0.07894 -0.92985 0.35936
0.288396 -0.693996 0.318755 0.09733 -0.93542 0.33989
0.141365 -0.589673 0.539524 0.04864 -0.80935 0.58531
0.161831 -0.623325 0.487298 0.05527 -0.84940 0.52484
0.124598 -0.603459 0.521228 0.04263 -0.82519 0.56325
0.199354 -0.678932 0.376193 0.06721 -0.91395 0.40021
0.181178 -0.653087 0.432758 0.06145 -0.88420 0.46305
0.172890 -0.676895 0.384882 0.05819 -0.91059 0.40919
0.091318 -0.629042 0.483782 0.03101 -0.85417 0.51908
0.144764 -0.635718 0.468367 0.04917 -0.86318 0.50250
0.107884 -0.616594 0.502619 0.03679 -0.84009 0.54119
0.101163 -0.644364 0.456895 0.03426 -0.87186 0.48855
0.134831 -0.620086 0.495066 0.04596 -0.84483 0.53305
0.120367 -0.672013 0.401675 0.04047 -0.90345 0.42678
0.154485 -0.650492 0.440905 0.05228 -0.88028 0.47156
0.146531 -0.674587 0.393378 0.04931 -0.90709 0.41803
0.110858 -0.658701 0.429485 0.03742 -0.88830 0.45774
0.163831 -0.664171 0.413153 0.05531 -0.89606 0.44048
0.127811 -0.647544 0.449024 0.04327 -0.87613 0.48012
0.025472 -0.735949 0.227574 0.00852 -0.97143 0.23717
0.076728 -0.725952 0.261973 0.02554 -0.96140 0.27397
0.025523 -0.729228 0.253480 0.00845 -0.96424 0.26489
0.181271 -0.698807 0.330218 0.06080 -0.93513 0.34906
0.128587 -0.713633 0.296152 0.04291 -0.94938 0.31119
0.155205 -0.696979 0.339188 0.05194 -0.93209 0.35848
0.025630 -0.713493 0.304931 0.00854 -0.94737 0.32003
0.076882 -0.718168 0.287835 0.02555 -0.95300 0.30190
0.025569 -0.721734 0.279309 0.00849 -0.95625 0.29244
0.051354 -0.707102 0.322250 0.01710 -0.94070 0.33880
0.051168 -0.723982 0.270701 0.01696 -0.95887 0.28333
0.103368 -0.692552 0.356474 0.03456 -0.92574 0.37657
0.102941 -0.711704 0.305063 0.03424 -0.94658 0.32065
0.129212 -0.694887 0.347954 0.04323 -0.92898 0.36760
0.077285 -0.700121 0.339446 0.02578 -0.93350 0.35766
0.128957 -0.704671 0.322122 0.04304 -0.93963 0.33946
0.077144 -0.709549 0.313703 0.02567 -0.94372 0.32974
0.923893 -0.607379 0.022485 0.35579 -0.93419 0.02656
0.851598 -0.630948 0.064666 0.31919 -0.94465 0.07580
0.935628 -0.600896 0.059289 0.36236 -0.92921 0.07254
0.888802 -0.620654 0.000000 0.33751 -0.94132 -0.00000
0.711597 -0.664030 0.138587 0.25585 -0.95392 0.15675
0.780629 -0.649562 0.103278 0.28603 -0.95082 0.11884
0.953670 -0.584081 0.133970 0.37329 -0.91281 0.16565
0.861050 -0.624027 0.100261 0.32423 -0.93843 0.11930
0.945591 -0.593129 0.096552 0.36820 -0.92214 0.11868
0.898141 -0.613147 0.080269 0.34279 -0.93442 0.09673
0.818876 -0.643157 -0.042285 0.30329 -0.95161 -0.04945
0.818876 -0.643157 0.042285 0.30329 -0.95161 0.04945
0.853695 -0.632563 -0.021608 0.32002 -0.94707 -0.02555
0.853695 -0.632563 0.021608 0.32002 -0.94707 0.02555
0.458056 -0.692566 0.253067 0.15703 -0.94890 0.27373
0.518135 -0.688890 0.227847 0.17916 -0.95192 0.24851
0.644804 -0.675042 0.170906 0.22825 -0.95476 0.19064
0.580335 -0.683173 0.200556 0.20280 -0.95397 0.22096
0.965459 -0.534956 0.283486 0.38474 -0.85118 0.35702
0.881504 -0.584115 0.244545 0.33762 -0.89350 0.29608
0.965685 -0.549088 0.246651 0.38341 -0.87033 0.30906
0.717290 -0.656288 0.171959 0.25870 -0.94583 0.19616
0.798270 -0.624065 0.207251 0.29580 -0.92387 0.24282
0.752254 -0.649747 0.155320 0.27394 -0.94502 0.17859
0.959740 -0.573655 0.171903 0.37756 -0.90107 0.21338
0.879111 -0.595864 0.208779 0.33542 -0.90790 0.25141
0.963775 -0.562014 0.209347 0.38097 -0.88692 0.26122
0.914008 -0.595949 0.153826 0.35223 -0.91701 0.18715
0.922292 -0.573719 0.227501 0.35865 -0.89073 0.27924
0.824038 -0.633749 0.119626 0.30656 -0.94143 0.14049
0.835986 -0.615915 0.190369 0.31357 -0.92243 0.22539
0.787896 -0.642256 0.137856 0.28982 -0.94359 0.16014
0.868652 -0.615930 0.136376 0.32858 -0.93033 0.16289
0.793792 -0.633750 0.172601 0.29311 -0.93466 0.20122
0.874691 -0.606533 0.172644 0.33232 -0.92016 0.20705
0.682849 -0.674809 -0.116724 0.24330 -0.96101 -0.13137
0.688532 -0.680426 -0.039061 0.24518 -0.96848 -0.04395
0.716050 -0.668372 -0.099360 0.25739 -0.95971 -0.11274
0.682849 -0.674809 0.116724 0.24330 -0.96101 0.13137
0.688532 -0.680426 0.039061 0.24518 -0.96848 0.04395
0.716050 -0.668372 0.099360 0.25739 -0.95971 0.11274
0.783941 -0.652688 -0.062240 0.28725 -0.95515 -0.07193
0.720539 -0.672750 -0.020049 0.25893 -0.96563 -0.02268
0.749815 -0.661014 -0.081192 0.27197 -0.95780 -0.09298
0.785833 -0.654201 -0.020795 0.28789 -0.95736 -0.02403
0.719040 -0.671288 -0.059765 0.25840 -0.96366 -0.06782
0.783941 -0.652688 0.062240 0.28725 -0.95515 0.07193
0.720539 -0.672750 0.020049 0.25893 -0.96563 0.02268
0.749815 -0.661014 0.081192 0.27197 -0.95780 0.09298
0.785833 -0.654201 0.020795 0.28789 -0.95736 0.02403
0.719040 -0.671288 0.059765 0.25840 -0.96366 0.06782
0.752976 -0.664049 0.000000 0.27308 -0.96199 0.00000
0.279335 -0.451973 0.673984 0.10023 -0.64338 0.75896
0.306236 -0.495500 0.630139 0.10907 -0.70082 0.70495
0.262118 -0.471786 0.658817 0.09296 -0.66858 0.73781
0.314040 -0.450238 0.670611 0.11235 -0.64332 0.75731
0.354199 -0.573107 0.531124 0.12436 -0.80033 0.58652
0.331241 -0.535960 0.582420 0.11711 -0.75319 0.64729
0.227669 -0.509062 0.626981 0.07993 -0.71436 0.69520
0.288214 -0.513980 0.613885 0.10151 -0.72351 0.68281
0.244860 -0.490838 0.643115 0.08641 -0.69208 0.71663
0.275409 -0.493279 0.636811 0.09734 -0.69666 0.71077
0.385237 -0.446000 0.662400 0.13892 -0.64222 0.75383
0.341147 -0.494036 0.625905 0.12131 -0.70146 0.70231
0.349378 -0.448253 0.666753 0.12542 -0.64281 0.75569
0.327844 -0.472537 0.648748 0.11691 -0.67302 0.73033
0.422968 -0.684377 0.296808 0.14513 -0.93596 0.32079
0.409459 -0.662518 0.359049 0.14113 -0.91003 0.38979
0.393941 -0.684872 0.307800 0.13441 -0.93377 0.33167
0.374970 -0.606714 0.476569 0.13069 -0.84226 0.52299
0.393427 -0.636578 0.419092 0.13632 -0.87879 0.45732
0.337098 -0.684769 0.328735 0.11440 -0.92882 0.35242
0.380114 -0.662531 0.369088 0.13025 -0.90741 0.39955
0.365285 -0.684997 0.318446 0.12430 -0.93137 0.34219
0.387334 -0.674199 0.338722 0.13245 -0.92124 0.36576
0.159177 -0.574570 0.558253 0.05484 -0.79214 0.60787
0.216581 -0.580251 0.544535 0.07475 -0.80114 0.59379
0.176128 -0.559352 0.575923 0.06101 -0.77421 0.62998
0.169723 -0.592645 0.532772 0.05834 -0.81382 0.57818
0.334509 -0.588844 0.513069 0.11623 -0.81822 0.56304
0.274922 -0.585027 0.529529 0.09515 -0.80982 0.57891
0.323752 -0.571455 0.539459 0.11291 -0.79639 0.59415
0.210297 -0.526690 0.610249 0.07352 -0.73551 0.67351
0.234210 -0.564933 0.562321 0.08130 -0.78336 0.61623
0.193201 -0.543376 0.593287 0.06721 -0.75541 0.65180
0.240101 -0.529337 0.603837 0.08403 -0.74011 0.66721
0.205085 -0.562261 0.569267 0.07109 -0.77884 0.62318
0.190036 -0.625908 0.479828 0.06489 -0.85349 0.51704
0.227029 -0.597965 0.518302 0.07818 -0.82249 0.56339
0.180024 -0.609781 0.506586 0.06165 -0.83433 0.54780
0.198309 -0.595411 0.525698 0.06820 -0.81818 0.57090
0.300628 -0.534069 0.589826 0.10550 -0.74917 0.65392
0.263924 -0.567357 0.555020 0.09169 -0.78780 0.60907
0.312441 -0.553166 0.565088 0.10933 -0.77343 0.62438
0.270242 -0.531797 0.597032 0.09470 -0.74466 0.66069
0.293631 -0.569536 0.547423 0.10222 -0.79214 0.60172
0.252204 -0.548798 0.579809 0.08795 -0.76462 0.63845
0.536557 -0.433765 0.638955 0.19798 -0.63874 0.74352
0.488140 -0.485805 0.602823 0.17695 -0.70277 0.68906
0.497641 -0.437356 0.645785 0.18226 -0.63977 0.74664
0.389504 -0.572149 0.524570 0.13691 -0.80228 0.58104
0.438916 -0.531790 0.564455 0.15655 -0.75681 0.63460
0.378265 -0.553983 0.551175 0.13318 -0.77906 0.61264
0.422218 -0.443438 0.657427 0.15290 -0.64153 0.75171
0.450523 -0.488259 0.609542 0.16221 -0.70242 0.69303
0.459486 -0.440573 0.651935 0.16732 -0.64071 0.74933
0.399630 -0.468616 0.639547 0.14365 -0.67283 0.72571
0.474198 -0.463589 0.627960 0.17221 -0.67237 0.71990
0.354140 -0.514999 0.601771 0.12548 -0.72875 0.67318
0.426376 -0.511727 0.590374 0.15236 -0.73023 0.66600
0.366449 -0.534892 0.576965 0.12943 -0.75460 0.64329
0.376883 -0.492495 0.620938 0.13449 -0.70191 0.69945
0.402377 -0.533511 0.570979 0.14268 -0.75569 0.63920
0.413379 -0.490577 0.615486 0.14814 -0.70224 0.69636
0.227332 -0.680691 0.367040 0.07656 -0.91722 0.39095
0.266291 -0.659066 0.406572 0.09040 -0.89514 0.43651
0.254241 -0.682160 0.357887 0.08584 -0.92034 0.38159
0.218474 -0.668523 0.395911 0.07388 -0.90323 0.42275
0.345073 -0.605920 0.484921 0.11943 -0.83901 0.53084
0.305568 -0.634234 0.445915 0.10467 -0.86926 0.48315
0.354693 -0.621469 0.457016 0.12256 -0.85808 0.49867
0.315178 -0.604287 0.493857 0.10900 -0.83502 0.53932
0.308959 -0.684216 0.338788 0.10467 -0.92612 0.36240
0.294025 -0.660434 0.397618 0.10013 -0.89845 0.42750
0.281481 -0.683339 0.348466 0.09517 -0.92330 0.37210
0.329956 -0.673609 0.358832 0.11227 -0.91582 0.38557
0.274100 -0.671680 0.377784 0.09291 -0.90985 0.40441
0.199856 -0.641185 0.452244 0.06800 -0.87141 0.48582
0.256941 -0.645380 0.435252 0.08761 -0.87905 0.46860
0.209303 -0.655338 0.424357 0.07098 -0.88797 0.45440
0.218566 -0.628373 0.471841 0.07466 -0.85758 0.50891
0.237705 -0.657333 0.415627 0.08069 -0.89162 0.44553
0.372196 -0.649755 0.399161 0.12789 -0.89223 0.43310
0.314303 -0.648248 0.417589 0.10749 -0.88603 0.45100
0.363750 -0.636104 0.428382 0.12533 -0.87580 0.46613
0.351075 -0.662122 0.378986 0.12002 -0.90453 0.40916
0.334432 -0.635319 0.437324 0.11496 -0.87261 0.47470
0.322345 -0.661418 0.388497 0.10997 -0.90154 0.41848
0.256328 -0.600300 0.510505 0.08833 -0.82673 0.55562
0.276478 -0.632470 0.455000 0.09466 -0.86543 0.49201
0.285562 -0.602411 0.502384 0.09859 -0.83090 0.54762
0.237427 -0.614735 0.491294 0.08145 -0.84268 0.53222
0.295793 -0.618837 0.474466 0.10178 -0.85080 0.51554
0.247412 -0.630563 0.463564 0.08459 -0.86156 0.50057
0.025505 -0.763115 0.015763 0.00882 -0.99984 0.01541
0.076641 -0.761224 0.047367 0.02561 -0.99851 0.04820
0.025509 -0.762322 0.042192 0.00837 -0.99901 0.04371
0.051076 -0.762923 0.000000 0.01676 -0.99986 0.00000
0.180293 -0.751510 0.111427 0.05997 -0.99152 0.11533
0.128154 -0.757391 0.079204 0.04261 -0.99577 0.08143
0.025530 -0.758554 0.095040 0.00840 -0.99509 0.09859
0.076664 -0.759551 0.073919 0.02519 -0.99674 0.07670
0.025513 -0.760800 0.068661 0.00838 -0.99743 0.07112
0.051082 -0.761176 0.058042 0.01676 -0.99805 0.06014
0.102544 -0.761107 -0.031634 0.03370 -0.99889 -0.03282
0.102544 -0.761107 0.031634 0.03370 -0.99889 0.03282
0.076788 -0.762255 -0.015816 0.02519 -0.99955 -0.01638
0.076788 -0.762255 0.015816 0.02519 -0.99955 0.01638
0.399711 -0.703238 0.247035 0.13622 -0.95474 0.26443
0.342818 -0.719621 0.211873 0.11576 -0.96757 0.22450
0.371505 -0.703833 0.258551 0.12584 -0.95271 0.27660
0.233301 -0.743418 0.144188 0.07780 -0.98556 0.15037
0.287406 -0.732887 0.177627 0.09636 -0.97770 0.18658
0.316122 -0.703970 0.280455 0.10656 -0.94841 0.29862
0.315711 -0.719967 0.223398 0.10596 -0.96576 0.23683
0.343612 -0.704069 0.269703 0.11611 -0.95063 0.28779
0.343413 -0.712313 0.240842 0.11578 -0.95960 0.25644
0.025617 -0.742177 0.200340 0.00853 -0.97790 0.20888
0.076871 -0.745358 0.180241 0.02542 -0.98186 0.18789
0.025576 -0.747368 0.174215 0.00843 -0.98342 0.18115
0.051162 -0.737987 0.217635 0.01690 -0.97376 0.22694
0.180389 -0.747931 0.138553 0.05968 -0.98766 0.14477
0.128373 -0.747286 0.159685 0.04242 -0.98512 0.16655
0.154293 -0.751626 0.122258 0.05088 -0.99055 0.12733
0.025519 -0.755543 0.121669 0.00841 -0.99197 0.12618
0.076776 -0.750010 0.153905 0.02530 -0.98680 0.15998
0.025548 -0.751828 0.147948 0.00841 -0.98809 0.15367
0.051112 -0.756495 0.111178 0.01680 -0.99318 0.11535
0.051190 -0.748846 0.164106 0.01685 -0.98519 0.17062
0.102737 -0.727929 0.252020 0.03407 -0.96399 0.26375
0.102739 -0.741117 0.197472 0.03395 -0.97798 0.20593
0.076889 -0.733237 0.234876 0.02543 -0.96911 0.24531
0.076943 -0.739713 0.207585 0.02540 -0.97596 0.21646
0.102546 -0.757412 0.090018 0.03369 -0.99505 0.09346
0.102666 -0.750877 0.143423 0.03379 -0.98823 0.14918
0.128325 -0.754783 0.106067 0.04225 -0.99300 0.11029
0.076810 -0.757120 0.100613 0.02523 -0.99421 0.10442
0.128394 -0.751411 0.132938 0.04231 -0.98948 0.13833
0.076843 -0.753936 0.127319 0.02527 -0.99090 0.13223
0.207691 -0.751435 -0.095894 0.06876 -0.99260 -0.10013
0.208853 -0.755639 -0.032000 0.06907 -0.99705 -0.03338
0.181180 -0.754635 -0.079730 0.05976 -0.99475 -0.08304
0.207691 -0.751435 0.095894 0.06876 -0.99260 0.10013
0.208853 -0.755639 0.032000 0.06907 -0.99705 0.03338
0.181180 -0.754635 0.079730 0.05976 -0.99475 0.08304
0.128769 -0.759448 -0.047691 0.04231 -0.99788 -0.04947
0.182068 -0.757768 -0.016090 0.05998 -0.99806 -0.01668
0.154839 -0.757304 -0.063644 0.05100 -0.99650 -0.06618
0.128901 -0.760493 -0.015925 0.04239 -0.99896 -0.01652
0.181772 -0.756724 -0.047893 0.05993 -0.99696 -0.04988
0.128769 -0.759448 0.047691 0.04231 -0.99788 0.04947
0.182068 -0.757768 0.016090 0.05998 -0.99806 0.01668
0.154839 -0.757304 0.063644 0.05100 -0.99650 0.06618
0.128901 -0.760493 0.015925 0.04239 -0.99896 0.01652
0.181772 -0.756724 0.047893 0.05993 -0.99696 0.04988
0.155443 -0.759383 0.000000 0.05116 -0.99869 -0.00000
0.208648 -0.700510 0.320389 0.06986 -0.93815 0.33912
0.209245 -0.718210 0.266064 0.06972 -0.95737 0.28031
0.235068 -0.701797 0.310895 0.07887 -0.94089 0.32940
0.181848 -0.708319 0.303376 0.06074 -0.94547 0.32001
0.207640 -0.743503 0.155593 0.06870 -0.98427 0.16279
0.208900 -0.732526 0.211068 0.06933 -0.97269 0.22150
0.234176 -0.738622 0.172210 0.07779 -0.98046 0.18068
0.181221 -0.743411 0.166232 0.05996 -0.98297 0.17372
0.288657 -0.703535 0.291008 0.09716 -0.94602 0.30921
0.235397 -0.719078 0.255990 0.07864 -0.95966 0.26994
0.261765 -0.702813 0.301089 0.08794 -0.94351 0.31945
0.288845 -0.712212 0.262876 0.09697 -0.95547 0.27870
0.235356 -0.710878 0.283508 0.07878 -0.95078 0.29969
0.129012 -0.721981 0.269263 0.04284 -0.95834 0.28240
0.182288 -0.724835 0.249057 0.06060 -0.96330 0.26151
0.155281 -0.715474 0.286317 0.05172 -0.95218 0.30113
0.129084 -0.729557 0.242029 0.04280 -0.96642 0.25336
0.182192 -0.717006 0.276273 0.06071 -0.95486 0.29078
0.288090 -0.726919 0.206041 0.09635 -0.97127 0.21762
0.235247 -0.726490 0.228020 0.07843 -0.96758 0.24008
0.261016 -0.733100 0.189040 0.08697 -0.97615 0.19893
0.288660 -0.720015 0.234504 0.09670 -0.96389 0.24812
0.234821 -0.732973 0.200201 0.07813 -0.97450 0.21034
0.261861 -0.719712 0.245382 0.08758 -0.96185 0.25917
0.128914 -0.742221 0.187094 0.04256 -0.97983 0.19524
0.182192 -0.731902 0.221383 0.06045 -0.97081 0.23212
0.154954 -0.742979 0.176748 0.05123 -0.98149 0.18452
0.129057 -0.736312 0.214591 0.04271 -0.97359 0.22426
0.181817 -0.738062 0.193890 0.06025 -0.97735 0.20289
0.155595 -0.730887 0.231802 0.05160 -0.96870 0.24280
0.887444 -0.384876 0.548470 0.35723 -0.61922 0.69925
0.830168 -0.449906 0.513072 0.32395 -0.70195 0.63429
0.903765 -0.406177 0.519850 0.36482 -0.65452 0.66220
0.840192 -0.393453 0.564092 0.33366 -0.62373 0.70685
0.706081 -0.554620 0.436382 0.26070 -0.81928 0.51070
0.769052 -0.506306 0.475300 0.29151 -0.76756 0.57085
0.931232 -0.447054 0.458426 0.37568 -0.71999 0.58350
0.842759 -0.469491 0.483516 0.32922 -0.73234 0.59606
0.918428 -0.426965 0.489765 0.37073 -0.68797 0.62390
0.873784 -0.438995 0.501998 0.34691 -0.69575 0.62896
0.748766 -0.408112 0.591012 0.28935 -0.62979 0.72086
0.784657 -0.456338 0.528316 0.30274 -0.70314 0.64338
0.793878 -0.401185 0.578247 0.31081 -0.62700 0.71433
0.812953 -0.425987 0.546542 0.31821 -0.66560 0.67507
0.458199 -0.683268 0.283183 0.15709 -0.93833 0.30799
0.518305 -0.659142 0.320330 0.18027 -0.91799 0.35326
0.488293 -0.681869 0.271289 0.16854 -0.94030 0.29568
0.451941 -0.673147 0.315228 0.15570 -0.92639 0.34287
0.642707 -0.595626 0.397215 0.23194 -0.86018 0.45420
0.579914 -0.630185 0.358407 0.20515 -0.89241 0.40190
0.550188 -0.677634 0.246062 0.19174 -0.94336 0.27075
0.550188 -0.657131 0.308517 0.19283 -0.91994 0.34137
0.518991 -0.680002 0.258904 0.17993 -0.94195 0.28348
0.519044 -0.670072 0.289794 0.18044 -0.93072 0.31812
0.437429 -0.649670 0.377833 0.15141 -0.89810 0.41291
0.510966 -0.647353 0.352837 0.17859 -0.90361 0.38934
0.445006 -0.661923 0.346847 0.15365 -0.91294 0.37805
0.481325 -0.660813 0.333941 0.16695 -0.91564 0.36569
0.962584 -0.519042 0.321477 0.38500 -0.82911 0.40540
0.875886 -0.540326 0.353896 0.33911 -0.83563 0.43213
0.957940 -0.502571 0.357024 0.38434 -0.80493 0.45208
0.922243 -0.546168 0.301390 0.36145 -0.85461 0.37283
0.712835 -0.570486 0.405962 0.26302 -0.84106 0.47268
0.792529 -0.557208 0.381834 0.29880 -0.83930 0.45419
0.745608 -0.548306 0.425544 0.27874 -0.81860 0.50218
0.942281 -0.466568 0.425489 0.37964 -0.75039 0.54110
0.870441 -0.524054 0.387521 0.33797 -0.81249 0.47500
0.951138 -0.485029 0.391792 0.38254 -0.77872 0.49725
0.897532 -0.478116 0.439641 0.35549 -0.75604 0.54957
0.913733 -0.513925 0.372878 0.36037 -0.80916 0.46411
0.840805 -0.593040 0.262076 0.31776 -0.89512 0.31271
0.837851 -0.565057 0.333568 0.31889 -0.85888 0.40080
0.881498 -0.570805 0.281534 0.33902 -0.87650 0.34179
0.879614 -0.556174 0.318086 0.33951 -0.85708 0.38749
0.810673 -0.498017 0.464374 0.31186 -0.76481 0.56375
0.827624 -0.533139 0.401273 0.31693 -0.81509 0.48495
0.778320 -0.524157 0.445075 0.29500 -0.79338 0.53247
0.853582 -0.488574 0.452592 0.33292 -0.76079 0.55710
0.786177 -0.541168 0.413844 0.29724 -0.81711 0.49394
0.862849 -0.506811 0.420514 0.33585 -0.78760 0.51662
0.578480 -0.429534 0.630948 0.21479 -0.63744 0.73996
0.611960 -0.475856 0.576546 0.22636 -0.70355 0.67363
0.619325 -0.425035 0.622480 0.23205 -0.63589 0.73607
0.553609 -0.457076 0.613269 0.20372 -0.67169 0.71227
0.664587 -0.558081 0.451166 0.24347 -0.81737 0.52214
0.640849 -0.518932 0.516450 0.23595 -0.76386 0.60070
0.695040 -0.535597 0.470715 0.25788 -0.79350 0.55123
0.704210 -0.414425 0.602666 0.26909 -0.63217 0.72660
0.653314 -0.471832 0.566282 0.24402 -0.70361 0.66737
0.661291 -0.420008 0.613069 0.25004 -0.63417 0.73165
0.722768 -0.438689 0.573261 0.27589 -0.66861 0.69054
0.636910 -0.448840 0.595116 0.23826 -0.67044 0.70267
0.502980 -0.507378 0.575869 0.18169 -0.73208 0.65655
0.584631 -0.501588 0.557602 0.21417 -0.73388 0.64464
0.528363 -0.483053 0.594839 0.19262 -0.70319 0.68441
0.569683 -0.479750 0.586091 0.20918 -0.70345 0.67926
0.755116 -0.484957 0.509329 0.28743 -0.73687 0.61189
0.668662 -0.494220 0.535615 0.24922 -0.73541 0.63013
0.725326 -0.511212 0.490171 0.27247 -0.76683 0.58115
0.739804 -0.462277 0.542078 0.28203 -0.70363 0.65220
0.682526 -0.515404 0.503872 0.25383 -0.76539 0.59140
0.695956 -0.467425 0.554716 0.26245 -0.70378 0.66016
0.681495 -0.662141 0.188799 0.24391 -0.94607 0.21320
0.685298 -0.643116 0.255790 0.24677 -0.92447 0.29062
0.647823 -0.667014 0.203985 0.22997 -0.94595 0.22869
0.720349 -0.647574 0.206294 0.26074 -0.93618 0.23577
0.678923 -0.591556 0.385681 0.24766 -0.86120 0.44384
0.684473 -0.619540 0.321655 0.24807 -0.89621 0.36779
0.646360 -0.610170 0.366189 0.23300 -0.87865 0.41677
0.717196 -0.586133 0.374068 0.26385 -0.86120 0.43442
0.582315 -0.674698 0.232506 0.20402 -0.94454 0.25733
0.650613 -0.647606 0.269732 0.23231 -0.92384 0.30422
0.614720 -0.671184 0.218568 0.21675 -0.94541 0.24335
0.583091 -0.665157 0.264484 0.20490 -0.93375 0.29348
0.649761 -0.657857 0.237001 0.23134 -0.93568 0.26643
0.799977 -0.613270 0.242886 0.29762 -0.91105 0.28532
0.722850 -0.626549 0.274445 0.26335 -0.91157 0.31573
0.759922 -0.631319 0.224350 0.27865 -0.92460 0.25973
0.800458 -0.601058 0.278422 0.29884 -0.89611 0.32815
0.722205 -0.637646 0.240540 0.26225 -0.92477 0.27574
0.582040 -0.642805 0.327631 0.20572 -0.90775 0.36562
0.650288 -0.636147 0.302502 0.23293 -0.91035 0.34207
0.614003 -0.627235 0.346803 0.21909 -0.89406 0.39072
0.582995 -0.654511 0.296259 0.20546 -0.92147 0.32966
0.648897 -0.623703 0.334546 0.23317 -0.89529 0.37959
0.616512 -0.651350 0.283322 0.21863 -0.92279 0.31727
0.796487 -0.572994 0.348176 0.29942 -0.86007 0.41306
0.722179 -0.614153 0.308370 0.26398 -0.89653 0.35574
0.756440 -0.579967 0.361565 0.28113 -0.86082 0.42421
0.799287 -0.587603 0.313614 0.29944 -0.87909 0.37086
0.720325 -0.600719 0.341458 0.26414 -0.87975 0.39530
0.760852 -0.608070 0.293861 0.28091 -0.89654 0.34249
0.400719 -0.590277 0.495680 0.14027 -0.82471 0.54789
0.474551 -0.588859 0.476832 0.16761 -0.83011 0.53181
0.410784 -0.606549 0.467406 0.14331 -0.84527 0.51477
0.426106 -0.571715 0.516097 0.15019 -0.80481 0.57421
0.632450 -0.579857 0.430556 0.22938 -0.83922 0.49304
0.551639 -0.585523 0.455299 0.19713 -0.83501 0.51371
0.601928 -0.598878 0.411002 0.21598 -0.85828 0.46553
0.622484 -0.561927 0.463945 0.22628 -0.81573 0.53234
0.429124 -0.636207 0.408590 0.14893 -0.88180 0.44749
0.484609 -0.604986 0.447156 0.17066 -0.85083 0.49696
0.420271 -0.621893 0.438312 0.14621 -0.86421 0.48141
0.465668 -0.635523 0.397115 0.16230 -0.88474 0.43692
0.447366 -0.605984 0.457604 0.15673 -0.84809 0.50614
0.477166 -0.530453 0.556166 0.17093 -0.75863 0.62870
0.501739 -0.569469 0.497390 0.17867 -0.80971 0.55897
0.451649 -0.551762 0.536315 0.16041 -0.78276 0.60130
0.516652 -0.528400 0.547408 0.18614 -0.76021 0.62245
0.463558 -0.570833 0.507040 0.16414 -0.80734 0.56679
0.541261 -0.632459 0.372200 0.19066 -0.89010 0.41397
0.523096 -0.603491 0.435849 0.18517 -0.85347 0.48714
0.571459 -0.616407 0.391501 0.20313 -0.87508 0.43929
0.503084 -0.634289 0.384986 0.17622 -0.88751 0.42575
0.562011 -0.601481 0.423873 0.20025 -0.85595 0.47671
0.494279 -0.620131 0.416499 0.17357 -0.86988 0.46171
0.598595 -0.522830 0.527401 0.21870 -0.76292 0.60838
0.541309 -0.567547 0.486931 0.19387 -0.81193 0.55063
0.611162 -0.542862 0.496308 0.22276 -0.79018 0.57096
0.557177 -0.525872 0.537829 0.20207 -0.76165 0.61568
0.581339 -0.565064 0.475860 0.20970 -0.81394 0.54178
0.529464 -0.548510 0.517692 0.19021 -0.78690 0.58704
0.433875 -0.702024 -0.232753 0.14764 -0.95674 -0.25070
0.442112 -0.715353 -0.167275 0.15002 -0.97222 -0.17969
0.462996 -0.700551 -0.220283 0.15850 -0.95822 -0.23811
0.404409 -0.710833 -0.215029 0.13719 -0.96340 -0.23029
0.450399 -0.728762 -0.033660 0.15238 -0.98766 -0.03609
0.447632 -0.724283 -0.100775 0.15160 -0.98252 -0.10806
0.522705 -0.696213 -0.193832 0.18053 -0.96060 -0.21132
0.470815 -0.713184 -0.153659 0.16079 -0.97299 -0.16563
0.492645 -0.698622 -0.207305 0.16934 -0.95953 -0.22502
0.467258 -0.707435 -0.187091 0.15973 -0.96628 -0.20198
0.346742 -0.725930 -0.180253 0.11649 -0.97462 -0.19118
0.411837 -0.722852 -0.150036 0.13933 -0.97720 -0.16020
0.375325 -0.718795 -0.197501 0.12670 -0.96935 -0.21049
0.408456 -0.717386 -0.182626 0.13837 -0.97092 -0.19535
0.433875 -0.702024 0.232753 0.14764 -0.95674 0.25070
0.442112 -0.715353 0.167275 0.15002 -0.97222 0.17969
0.462996 -0.700551 0.220283 0.15850 -0.95822 0.23811
0.404409 -0.710833 0.215029 0.13719 -0.96340 0.23029
0.450399 -0.728762 0.033660 0.15238 -0.98766 0.03609
0.447632 -0.724283 0.100775 0.15160 -0.98252 0.10806
0.522705 -0.696213 0.193832 0.18053 -0.96060 0.21132
0.470815 -0.713184 0.153659 0.16079 -0.97299 0.16563
0.492645 -0.698622 0.207305 0.16934 -0.95953 0.22502
0.467258 -0.707435 0.187091 0.15973 -0.96628 0.20198
0.346742 -0.725930 0.180253 0.11649 -0.97462 0.19118
0.411837 -0.722852 0.150036 0.13933 -0.97720 0.16020
0.375325 -0.718795 0.197501 0.12670 -0.96935 0.21049
0.408456 -0.717386 0.182626 0.13837 -0.97092 0.19535
0.648524 -0.680728 -0.133904 0.22949 -0.96178 -0.14934
0.590458 -0.699066 -0.093112 0.20588 -0.97322 -0.10226
0.616388 -0.685557 -0.149803 0.21650 -0.96204 -0.16614
0.652597 -0.684802 -0.095984 0.23070 -0.96711 -0.10711
0.478016 -0.724798 -0.017673 0.16296 -0.98645 -0.01878
0.533574 -0.713575 -0.054406 0.18377 -0.98120 -0.05890
0.477291 -0.723626 -0.051760 0.16262 -0.98511 -0.05570
0.553627 -0.693230 -0.179683 0.19214 -0.96140 -0.19694
0.560084 -0.703471 -0.109123 0.19400 -0.97371 -0.11937
0.584707 -0.689713 -0.165068 0.20411 -0.96189 -0.18193
0.526740 -0.702343 -0.159315 0.18168 -0.96793 -0.17351
0.588091 -0.695021 -0.129187 0.20509 -0.96835 -0.14227
0.656701 -0.688907 -0.019374 0.23201 -0.97247 -0.02154
0.592991 -0.701647 -0.056096 0.20654 -0.97650 -0.06164
0.655331 -0.687536 -0.057726 0.23159 -0.97068 -0.06442
0.622583 -0.693734 -0.075753 0.21841 -0.97224 -0.08390
0.473705 -0.717834 -0.119692 0.16162 -0.97839 -0.12900
0.532011 -0.711076 -0.089408 0.18321 -0.97825 -0.09727
0.475850 -0.721301 -0.085823 0.16221 -0.98242 -0.09237
0.500052 -0.710535 -0.139297 0.17149 -0.97357 -0.15084
0.504539 -0.717741 -0.070358 0.17276 -0.98202 -0.07608
0.529850 -0.707307 -0.124444 0.18257 -0.97382 -0.13542
0.235870 -0.747461 -0.113043 0.07806 -0.98993 -0.11808
0.295188 -0.745327 -0.082725 0.09815 -0.99139 -0.08670
0.262963 -0.743078 -0.129504 0.08741 -0.98686 -0.13592
0.236737 -0.750681 -0.080898 0.07842 -0.99333 -0.08458
0.418658 -0.733924 -0.017466 0.14119 -0.98981 -0.01827
0.356015 -0.740922 -0.050950 0.11910 -0.99144 -0.05356
0.417967 -0.732805 -0.050646 0.14112 -0.98852 -0.05401
0.318234 -0.732388 -0.163000 0.10653 -0.97928 -0.17225
0.323465 -0.740795 -0.099161 0.10807 -0.98863 -0.10458
0.290452 -0.738058 -0.146179 0.09685 -0.98333 -0.15389
0.349850 -0.731277 -0.148135 0.11743 -0.98060 -0.15696
0.293049 -0.742212 -0.114483 0.09762 -0.98791 -0.12044
0.237607 -0.753909 -0.016341 0.07867 -0.99676 -0.01700
0.295769 -0.747577 -0.049833 0.09845 -0.99377 -0.05229
0.237318 -0.752833 -0.048600 0.07856 -0.99561 -0.05081
0.266132 -0.749403 -0.065528 0.08832 -0.99372 -0.06867
0.414563 -0.727293 -0.116818 0.14011 -0.98224 -0.12476
0.354678 -0.738764 -0.083293 0.11881 -0.98899 -0.08817
0.416601 -0.730590 -0.083835 0.14073 -0.98600 -0.08939
0.381995 -0.729591 -0.132731 0.12863 -0.98160 -0.14112
0.386024 -0.736126 -0.067205 0.12982 -0.98897 -0.07135
0.352497 -0.735564 -0.115749 0.11821 -0.98540 -0.12256
0.648524 -0.680728 0.133904 0.22949 -0.96178 0.14934
0.590458 -0.699066 0.093112 0.20588 -0.97322 0.10226
0.616388 -0.685557 0.149803 0.21650 -0.96204 0.16614
0.652597 -0.684802 0.095984 0.23070 -0.96711 0.10711
0.478016 -0.724798 0.017673 0.16296 -0.98645 0.01878
0.533574 -0.713575 0.054406 0.18377 -0.98120 0.05890
0.477291 -0.723626 0.051760 0.16262 -0.98511 0.05570
0.506066 -0.720193 0.000000 0.17322 -0.98488 0.00000
0.553627 -0.693230 0.179683 0.19214 -0.96140 0.19694
0.560084 -0.703471 0.109123 0.19400 -0.97371 0.11937
0.584707 -0.689713 0.165068 0.20411 -0.96189 0.18193
0.526740 -0.702343 0.159315 0.18168 -0.96793 0.17351
0.588091 -0.695021 0.129187 0.20509 -0.96835 0.14227
0.656701 -0.688907 0.019374 0.23201 -0.97247 0.02154
0.592991 -0.701647 0.056096 0.20654 -0.97650 0.06164
0.655331 -0.687536 0.057726 0.23159 -0.97068 0.06442
0.625223 -0.696403 0.000000 0.21925 -0.97567 -0.00000
0.622583 -0.693734 0.075753 0.21841 -0.97224 0.08390
0.473705 -0.717834 0.119692 0.16162 -0.97839 0.12900
0.532011 -0.711076 0.089408 0.18321 -0.97825 0.09727
0.475850 -0.721301 0.085823 0.16221 -0.98242 0.09237
0.500052 -0.710535 0.139297 0.17149 -0.97357 0.15084
0.504539 -0.717741 0.070358 0.17276 -0.98202 0.07608
0.529850 -0.707307 0.124444 0.18257 -0.97382 0.13542
0.563408 -0.708715 -0.036793 0.19502 -0.97997 -0.04021
0.563408 -0.708715 0.036793 0.19502 -0.97997 0.04021
0.534576 -0.714843 -0.018169 0.18393 -0.98274 -0.01973
0.594068 -0.702992 -0.018735 0.20691 -0.97814 -0.02059
0.534576 -0.714843 0.018169 0.18393 -0.98274 0.01973
0.594068 -0.702992 0.018735 0.20691 -0.97814 0.02059
0.235870 -0.747461 0.113043 0.07806 -0.98993 0.11808
0.295188 -0.745327 0.082725 0.09815 -0.99139 0.08670
0.262963 -0.743078 0.129504 0.08741 -0.98686 0.13592
0.236737 -0.750681 0.080898 0.07842 -0.99333 0.08458
0.418658 -0.733924 0.017466 0.14119 -0.98981 0.01827
0.356015 -0.740922 0.050950 0.11910 -0.99144 0.05356
0.417967 -0.732805 0.050646 0.14112 -0.98852 0.05401
0.387403 -0.738365 0.000000 0.13021 -0.99149 0.00000
0.318234 -0.732388 0.163000 0.10653 -0.97928 0.17225
0.323465 -0.740795 0.099161 0.10807 -0.98863 0.10458
0.290452 -0.738058 0.146179 0.09685 -0.98333 0.15389
0.349850 -0.731277 0.148135 0.11743 -0.98060 0.15696
0.293049 -0.742212 0.114483 0.09762 -0.98791 0.12044
0.237607 -0.753909 0.016341 0.07867 -0.99676 0.01700
0.295769 -0.747577 0.049833 0.09845 -0.99377 0.05229
0.237318 -0.752833 0.048600 0.07856 -0.99561 0.05081
0.266715 -0.751611 0.000000 0.08848 -0.99608 -0.00000
0.266132 -0.749403 0.065528 0.08832 -0.99372 0.06867
0.414563 -0.727293 0.116818 0.14011 -0.98224 0.12476
0.354678 -0.738764 0.083293 0.11881 -0.98899 0.08817
0.416601 -0.730590 0.083835 0.14073 -0.98600 0.08939
0.381995 -0.729591 0.132731 0.12863 -0.98160 0.14112
0.386024 -0.736126 0.067205 0.12982 -0.98897 0.07135
0.352497 -0.735564 0.115749 0.11821 -0.98540 0.12256
0.326140 -0.745133 -0.033537 0.10881 -0.99343 -0.03534
0.326140 -0.745133 0.033537 0.10881 -0.99343 0.03534
0.356522 -0.742090 -0.017018 0.11939 -0.99269 -0.01797
0.296263 -0.748693 -0.016646 0.09854 -0.99498 -0.01746
0.356522 -0.742090 0.017018 0.11939 -0.99269 0.01797
0.296263 -0.748693 0.016646 0.09854 -0.99498 0.01746
0.529346 0.019597 0.805195 0.20433 0.02880 0.97848
0.585482 0.060006 0.790232 0.22807 0.09178 0.96931
0.517561 0.051066 0.805871 0.19875 0.07832 0.97692
0.558166 0.000000 0.799317 0.21599 0.00000 0.97640
0.696569 0.145378 0.746467 0.27651 0.22869 0.93340
0.641396 0.101979 0.770815 0.25219 0.15849 0.95461
0.491817 0.112807 0.803023 0.18764 0.17199 0.96706
0.572130 0.091923 0.789443 0.22152 0.14221 0.96473
0.505023 0.082210 0.805128 0.19335 0.12567 0.97305
0.544907 0.071335 0.798183 0.21009 0.10982 0.97150
0.616093 -0.040506 0.784417 0.24099 -0.06327 0.96846
0.616093 0.040506 0.784417 0.24099 0.06327 0.96846
0.587145 -0.020056 0.792400 0.22839 -0.03114 0.97307
0.587145 0.020056 0.792400 0.22839 0.03114 0.97307
0.893954 0.326656 0.591253 0.36599 0.53263 0.76312
0.850076 0.281159 0.639368 0.34595 0.45551 0.82026
0.750325 0.189966 0.716714 0.30046 0.30237 0.90460
0.801826 0.235388 0.681127 0.32388 0.37822 0.86721
0.433251 0.229590 0.781908 0.16239 0.34408 0.92479
0.511779 0.214261 0.772340 0.19434 0.32533 0.92542
0.448590 0.201507 0.788937 0.16893 0.30307 0.93788
0.679376 0.178009 0.742525 0.26739 0.28013 0.92197
0.593709 0.197170 0.759442 0.22911 0.30422 0.92464
0.653071 0.156114 0.756103 0.25593 0.24429 0.93532
0.477900 0.143209 0.799540 0.18163 0.21725 0.95907
0.527691 0.184893 0.778532 0.20145 0.28182 0.93808
0.463506 0.172653 0.794847 0.17536 0.26092 0.94930
0.517578 0.133597 0.793810 0.19802 0.20413 0.95871
0.487773 0.193420 0.784127 0.18485 0.29278 0.93814
0.599472 0.113156 0.779470 0.23299 0.17561 0.95649
0.568784 0.175802 0.772015 0.21881 0.27011 0.93764
0.626378 0.134448 0.768417 0.24449 0.20958 0.94673
0.558133 0.123579 0.787141 0.21515 0.19026 0.95787
0.610437 0.166251 0.764591 0.23694 0.25766 0.93674
0.543280 0.154640 0.783473 0.20844 0.23692 0.94891
0.731498 -0.126530 0.740214 0.29277 -0.20216 0.93457
0.740608 -0.042516 0.749432 0.29823 -0.06836 0.95204
0.703028 -0.104512 0.753178 0.27963 -0.16596 0.94565
0.731498 0.126530 0.740214 0.29277 0.20216 0.93457
0.740608 0.042516 0.749432 0.29823 0.06836 0.95204
0.703028 0.104512 0.753178 0.27963 0.16596 0.94565
0.645391 -0.061544 0.775176 0.25380 -0.09657 0.96242
0.709594 -0.021146 0.760000 0.28344 -0.03363 0.95840
0.674249 -0.082817 0.764828 0.26669 -0.13079 0.95487
0.647213 -0.020573 0.777439 0.25489 -0.03233 0.96643
0.707395 -0.062979 0.757715 0.28218 -0.10033 0.95410
0.645391 0.061544 0.775176 0.25380 0.09657 0.96242
0.709594 0.021146 0.760000 0.28344 0.03363 0.95840
0.674249 0.082817 0.764828 0.26669 0.13079 0.95487
0.647213 0.020573 0.777439 0.25489 0.03233 0.96643
0.707395 0.062979 0.757715 0.28218 0.10033 0.95410
0.678456 0.000000 0.769313 0.26908 0.00000 0.96312
0.973231 0.587199 0.037414 0.38324 0.92250 0.04611
0.993581 0.570729 0.113460 0.39572 0.90728 0.14231
1.008825 0.521854 0.266080 0.40947 0.84626 0.34085
1.005661 0.548912 0.190125 0.40468 0.88205 0.24129
0.932268 0.371131 0.536809 0.38231 0.60865 0.69526
0.963841 0.413744 0.476331 0.39588 0.67940 0.61782
1.002776 0.489901 0.339949 0.40975 0.79988 0.43851
0.987618 0.453617 0.410414 0.40514 0.74381 0.53161
0.299835 0.427282 0.691357 0.10753 0.61370 0.78219
0.370685 0.422729 0.683989 0.13395 0.61175 0.77963
0.316969 0.405675 0.705272 0.11434 0.58461 0.80322
0.520641 0.409646 0.662822 0.19230 0.60588 0.77196
0.444121 0.416923 0.674595 0.16205 0.60919 0.77629
0.350992 0.359921 0.731131 0.12804 0.52433 0.84184
0.388708 0.400320 0.697749 0.14138 0.58156 0.80112
0.334053 0.383187 0.718569 0.12116 0.55524 0.82282
0.352561 0.403159 0.701744 0.12765 0.58319 0.80224
0.865940 0.358891 0.580698 0.34893 0.57894 0.73694
0.773183 0.375752 0.607980 0.30259 0.58869 0.74959
0.846351 0.336730 0.606081 0.34039 0.54068 0.76928
0.600726 0.400616 0.648211 0.22533 0.60159 0.76637
0.684805 0.389471 0.630177 0.26176 0.59601 0.75911
0.803428 0.291740 0.652323 0.32157 0.46622 0.82415
0.754242 0.354110 0.631494 0.29489 0.55286 0.77935
0.825442 0.314279 0.629993 0.33128 0.50359 0.79790
0.799712 0.345861 0.619464 0.31691 0.54719 0.77470
0.416994 0.258272 0.773333 0.15562 0.38427 0.91001
0.459881 0.301207 0.745482 0.17160 0.44825 0.87728
0.400916 0.284808 0.764176 0.14863 0.42182 0.89441
0.455590 0.251407 0.769296 0.17083 0.37650 0.91053
0.541123 0.385067 0.676146 0.20158 0.57255 0.79470
0.501380 0.343577 0.713123 0.18695 0.51124 0.83886
0.501877 0.389510 0.682473 0.18556 0.57528 0.79663
0.367932 0.335537 0.743075 0.13493 0.49166 0.86027
0.442447 0.327175 0.734893 0.16391 0.48426 0.85943
0.384526 0.310609 0.754053 0.14180 0.45752 0.87782
0.387537 0.356351 0.727494 0.14197 0.52149 0.84136
0.421870 0.306087 0.750064 0.15634 0.45315 0.87762
0.535301 0.236560 0.758943 0.20354 0.35920 0.91079
0.499481 0.294857 0.740617 0.18747 0.44194 0.87724
0.495054 0.244172 0.764515 0.18683 0.36807 0.91083
0.477709 0.273211 0.755518 0.17919 0.40929 0.89463
0.425856 0.397088 0.693210 0.15561 0.57971 0.79983
0.462802 0.348333 0.718435 0.17131 0.51516 0.83980
0.463431 0.393511 0.688148 0.17030 0.57764 0.79833
0.406876 0.376911 0.710849 0.14888 0.55091 0.82118
0.482561 0.369026 0.701036 0.17856 0.54547 0.81889
0.424829 0.352491 0.723274 0.15640 0.51843 0.84069
0.706234 0.201372 0.726877 0.27878 0.31746 0.90637
0.668125 0.265737 0.711948 0.25946 0.41222 0.87336
0.731548 0.223721 0.710500 0.29004 0.35418 0.88906
0.662114 0.210926 0.736523 0.25866 0.32906 0.90819
0.582758 0.379945 0.668825 0.21861 0.56946 0.79242
0.626629 0.325335 0.692304 0.23919 0.49613 0.83465
0.623939 0.374452 0.660945 0.23620 0.56611 0.78977
0.562707 0.359118 0.688532 0.21121 0.53835 0.81583
0.780183 0.268857 0.673356 0.31141 0.42856 0.84815
0.690834 0.287736 0.694042 0.26899 0.44748 0.85288
0.756267 0.246274 0.692645 0.30087 0.39119 0.86974
0.757581 0.301234 0.664112 0.29913 0.47494 0.82762
0.711647 0.256380 0.702889 0.27966 0.40226 0.87177
0.576823 0.228451 0.752433 0.22107 0.34975 0.91039
0.624619 0.273599 0.720624 0.24022 0.42037 0.87497
0.618935 0.219949 0.745015 0.23940 0.33973 0.90954
0.558830 0.258862 0.744221 0.21275 0.39360 0.89432
0.643798 0.242861 0.729173 0.24962 0.37599 0.89237
0.709492 0.361620 0.642423 0.27413 0.55786 0.78336
0.669050 0.318147 0.683921 0.25811 0.48998 0.83265
0.666220 0.368358 0.652165 0.25462 0.56225 0.78679
0.733931 0.332208 0.653738 0.28665 0.51807 0.80588
0.646778 0.346923 0.672904 0.24713 0.52942 0.81157
0.712737 0.310024 0.674616 0.27799 0.48283 0.83042
0.521094 0.316639 0.724345 0.19557 0.47454 0.85823
0.604495 0.303521 0.710823 0.23065 0.46239 0.85615
0.542110 0.337964 0.707064 0.20349 0.50668 0.83778
0.540202 0.288315 0.734810 0.20422 0.43527 0.87683
0.583889 0.331891 0.700144 0.22096 0.50165 0.83638
0.581948 0.281237 0.728166 0.22181 0.42810 0.87609
0.938396 -0.311121 0.579960 0.39158 -0.51748 0.76084
0.980203 -0.229206 0.605799 0.42090 -0.39229 0.81790
0.916318 -0.288129 0.605597 0.38002 -0.47689 0.79257
1.025640 -0.047373 0.633880 0.45585 -0.08397 0.88609
1.010055 -0.140537 0.624248 0.44345 -0.24593 0.86190
0.868294 -0.241740 0.651900 0.35692 -0.39655 0.84579
0.953618 -0.205462 0.629540 0.40558 -0.34860 0.84497
0.892855 -0.264940 0.629611 0.36876 -0.43672 0.82054
0.936336 -0.247627 0.618446 0.39350 -0.41534 0.82015
0.938396 0.311121 0.579960 0.39158 0.51748 0.76084
0.980203 0.229206 0.605799 0.42090 0.39229 0.81790
0.916318 0.288129 0.605597 0.38002 0.47689 0.79257
1.025640 0.047373 0.633880 0.45585 0.08397 0.88609
1.010055 0.140537 0.624248 0.44345 0.24593 0.86190
0.868294 0.241740 0.651900 0.35692 0.39655 0.84579
0.953618 0.205462 0.629540 0.40558 0.34860 0.84497
0.892855 0.264940 0.629611 0.36876 0.43672 0.82054
0.936336 0.247627 0.618446 0.39350 0.41534 0.82015
0.761137 -0.149720 0.725128 0.30616 -0.24015 0.92119
0.837167 -0.111506 0.707103 0.34510 -0.18314 0.92052
0.788816 -0.172366 0.709228 0.31923 -0.27846 0.90584
0.768283 -0.107685 0.732152 0.31071 -0.17383 0.93447
0.990222 -0.024145 0.653068 0.43254 -0.04156 0.90066
0.913951 -0.069683 0.683405 0.38729 -0.11740 0.91445
0.986420 -0.070557 0.650625 0.42981 -0.12269 0.89454
0.842405 -0.218349 0.672761 0.34462 -0.35652 0.86841
0.867156 -0.134514 0.690405 0.36050 -0.22317 0.90567
0.815995 -0.195291 0.691764 0.33202 -0.31717 0.88835
0.883879 -0.200493 0.662887 0.36711 -0.33231 0.86879
0.827848 -0.153876 0.700481 0.33938 -0.25182 0.90632
0.775559 -0.021811 0.739302 0.31529 -0.03528 0.94834
0.842595 -0.067365 0.712112 0.34895 -0.11125 0.93051
0.773121 -0.064912 0.736906 0.31371 -0.10517 0.94367
0.805410 -0.087947 0.722805 0.32947 -0.14362 0.93318
0.967985 -0.161402 0.638782 0.41594 -0.27688 0.86622
0.907146 -0.114062 0.678707 0.38269 -0.19213 0.90368
0.978949 -0.116479 0.645823 0.42415 -0.20133 0.88293
0.925852 -0.181509 0.651586 0.39091 -0.30583 0.86814
0.946788 -0.092810 0.665548 0.40579 -0.15872 0.90008
0.896915 -0.157804 0.671887 0.37580 -0.26389 0.88833
0.761137 0.149720 0.725128 0.30616 0.24015 0.92119
0.837167 0.111506 0.707103 0.34510 0.18314 0.92052
0.788816 0.172366 0.709228 0.31923 0.27846 0.90584
0.768283 0.107685 0.732152 0.31071 0.17383 0.93447
0.990222 0.024145 0.653068 0.43254 0.04156 0.90066
0.913951 0.069683 0.683405 0.38729 0.11740 0.91445
0.986420 0.070557 0.650625 0.42981 0.12269 0.89454
0.954090 0.000000 0.670421 0.41114 0.00000 0.91157
0.842405 0.218349 0.672761 0.34462 0.35652 0.86841
0.867156 0.134514 0.690405 0.36050 0.22317 0.90567
0.815995 0.195291 0.691764 0.33202 0.31717 0.88835
0.883879 0.200493 0.662887 0.36711 0.33231 0.86879
0.827848 0.153876 0.700481 0.33938 0.25182 0.90632
0.775559 0.021811 0.739302 0.31529 0.03528 0.94834
0.842595 0.067365 0.712112 0.34895 0.11125 0.93051
0.773121 0.064912 0.736906 0.31371 0.10517 0.94367
0.810581 0.000000 0.727731 0.33283 -0.00000 0.94299
0.805410 0.087947 0.722805 0.32947 0.14362 0.93318
0.967985 0.161402 0.638782 0.41594 0.27688 0.86622
0.907146 0.114062 0.678707 0.38269 0.19213 0.90368
0.978949 0.116479 0.645823 0.42415 0.20133 0.88293
0.925852 0.181509 0.651586 0.39091 0.30583 0.86814
0.946788 0.092810 0.665548 0.40579 0.15872 0.90008
0.896915 0.157804 0.671887 0.37580 0.26389 0.88833
0.880247 -0.045698 0.699771 0.36916 -0.07650 0.92621
0.880247 0.045698 0.699771 0.36916 0.07650 0.92621
0.917295 -0.023315 0.685976 0.38990 -0.03952 0.92001
0.845585 -0.022536 0.714567 0.35085 -0.03729 0.93569
0.917295 0.023315 0.685976 0.38990 0.03952 0.92001
0.845585 0.022536 0.714567 0.35085 0.03729 0.93569
0.529346 0.019597 -0.805195 0.20433 0.02880 -0.97848
0.585482 0.060006 -0.790232 0.22807 0.09178 -0.96931
0.517561 0.051066 -0.805871 0.19875 0.07832 -0.97692
0.558166 0.000000 -0.799317 0.21599 0.00000 -0.97640
0.696569 0.145378 -0.746467 0.27651 0.22869 -0.93340
0.641396 0.101979 -0.770815 0.25219 0.15849 -0.95461
0.491817 0.112807 -0.803023 0.18764 0.17199 -0.96706
0.572130 0.091923 -0.789443 0.22152 0.14221 -0.96473
0.505023 0.082210 -0.805128 0.19335 0.12567 -0.97305
0.544907 0.071335 -0.798183 0.21009 0.10982 -0.97150
0.616093 -0.040506 -0.784417 0.24099 -0.06327 -0.96846
0.616093 0.040506 -0.784417 0.24099 0.06327 -0.96846
0.587145 -0.020056 -0.792400 0.22839 -0.03114 -0.97307
0.587145 0.020056 -0.792400 0.22839 0.03114 -0.97307
0.893954 0.326656 -0.591253 0.36599 0.53263 -0.76312
0.850076 0.281159 -0.639368 0.34595 0.45551 -0.82026
0.750325 0.189966 -0.716714 0.30046 0.30237 -0.90460
0.801826 0.235388 -0.681127 0.32388 0.37822 -0.86721
0.433251 0.229590 -0.781908 0.16239 0.34408 -0.92479
0.511779 0.214261 -0.772340 0.19434 0.32533 -0.92542
0.448590 0.201507 -0.788937 0.16893 0.30307 -0.93788
0.679376 0.178009 -0.742525 0.26739 0.28013 -0.92197
0.593709 0.197170 -0.759442 0.22911 0.30422 -0.92464
0.653071 0.156114 -0.756103 0.25593 0.24429 -0.93532
0.477900 0.143209 -0.799540 0.18163 0.21725 -0.95907
0.527691 0.184893 -0.778532 0.20145 0.28182 -0.93808
0.463506 0.172653 -0.794847 0.17536 0.26092 -0.94930
0.517578 0.133597 -0.793810 0.19802 0.20413 -0.95871
0.487773 0.193420 -0.784127 0.18485 0.29278 -0.93814
0.599472 0.113156 -0.779470 0.23299 0.17561 -0.95649
0.568784 0.175802 -0.772015 0.21881 0.27011 -0.93764
0.626378 0.134448 -0.768417 0.24449 0.20958 -0.94673
0.558133 0.123579 -0.787141 0.21515 0.19026 -0.95787
0.610437 0.166251 -0.764591 0.23694 0.25766 -0.93674
0.543280 0.154640 -0.783473 0.20844 0.23692 -0.94891
0.731498 -0.126530 -0.740214 0.29277 -0.20216 -0.93457
0.740608 -0.042516 -0.749432 0.29823 -0.06836 -0.95204
0.703028 -0.104512 -0.753178 0.27963 -0.16596 -0.94565
0.731498 0.126530 -0.740214 0.29277 0.20216 -0.93457
0.740608 0.042516 -0.749432 0.29823 0.06836 -0.95204
0.703028 0.104512 -0.753178 0.27963 0.16596 -0.94565
0.645391 -0.061544 -0.775176 0.25380 -0.09657 -0.96242
0.709594 -0.021146 -0.760000 0.28344 -0.03363 -0.95840
0.674249 -0.082817 -0.764828 0.26669 -0.13079 -0.95487
0.647213 -0.020573 -0.777439 0.25489 -0.03233 -0.96643
0.707395 -0.062979 -0.757715 0.28218 -0.10033 -0.95410
0.645391 0.061544 -0.775176 0.25380 0.09657 -0.96242
0.709594 0.021146 -0.760000 0.28344 0.03363 -0.95840
0.674249 0.082817 -0.764828 0.26669 0.13079 -0.95487
0.647213 0.020573 -0.777439 0.25489 0.03233 -0.96643
0.707395 0.062979 -0.757715 0.28218 0.10033 -0.95410
0.678456 0.000000 -0.769313 0.26908 -0.00000 -0.96312
0.973231 0.587199 -0.037414 0.38324 0.92250 -0.04611
0.993581 0.570729 -0.113460 0.39572 0.90728 -0.14231
1.008825 0.521854 -0.266080 0.40947 0.84626 -0.34085
1.005661 0.548912 -0.190125 0.40468 0.88205 -0.24129
0.932268 0.371131 -0.536809 0.38231 0.60865 -0.69526
0.963841 0.413744 -0.476331 0.39588 0.67940 -0.61782
1.002776 0.489901 -0.339949 0.40975 0.79988 -0.43851
0.987618 0.453617 -0.410414 0.40514 0.74381 -0.53161
0.299835 0.427282 -0.691357 0.10753 0.61370 -0.78219
0.370685 0.422729 -0.683989 0.13395 0.61175 -0.77963
0.316969 0.405675 -0.705272 0.11434 0.58461 -0.80322
0.520641 0.409646 -0.662822 0.19230 0.60588 -0.77196
0.444121 0.416923 -0.674595 0.16205 0.60919 -0.77629
0.350992 0.359921 -0.731131 0.12804 0.52433 -0.84184
0.388708 0.400320 -0.697749 0.14138 0.58156 -0.80112
0.334053 0.383187 -0.718569 0.12116 0.55524 -0.82282
0.352561 0.403159 -0.701744 0.12765 0.58319 -0.80224
0.865940 0.358891 -0.580698 0.34893 0.57894 -0.73694
0.773183 0.375752 -0.607980 0.30259 0.58869 -0.74959
0.846351 0.336730 -0.606081 0.34039 0.54068 -0.76928
0.600726 0.400616 -0.648211 0.22533 0.60159 -0.76637
0.684805 0.389471 -0.630177 0.26176 0.59601 -0.75911
0.803428 0.291740 -0.652323 0.32157 0.46622 -0.82415
0.754242 0.354110 -0.631494 0.29489 0.55286 -0.77935
0.825442 0.314279 -0.629993 0.33128 0.50359 -0.79790
0.799712 0.345861 -0.619464 0.31691 0.54719 -0.77470
0.416994 0.258272 -0.773333 0.15562 0.38427 -0.91001
0.459881 0.301207 -0.745482 0.17160 0.44825 -0.87728
0.400916 0.284808 -0.764176 0.14863 0.42182 -0.89441
0.455590 0.251407 -0.769296 0.17083 0.37650 -0.91053
0.541123 0.385067 -0.676146 0.20158 0.57255 -0.79470
0.501380 0.343577 -0.713123 0.18695 0.51124 -0.83886
0.501877 0.389510 -0.682473 0.18556 0.57528 -0.79663
0.367932 0.335537 -0.743075 0.13493 0.49166 -0.86027
0.442447 0.327175 -0.734893 0.16391 0.48426 -0.85943
0.384526 0.310609 -0.754053 0.14180 0.45752 -0.87782
0.387537 0.356351 -0.727494 0.14197 0.52149 -0.84136
0.421870 0.306087 -0.750064 0.15634 0.45315 -0.87762
0.535301 0.236560 -0.758943 0.20354 0.35920 -0.91079
0.499481 0.294857 -0.740617 0.18747 0.44194 -0.87724
0.495054 0.244172 -0.764515 0.18683 0.36807 -0.91083
0.477709 0.273211 -0.755518 0.17919 0.40929 -0.89463
0.425856 0.397088 -0.693210 0.15561 0.57971 -0.79983
0.462802 0.348333 -0.718435 0.17131 0.51516 -0.83980
0.463431 0.393511 -0.688148 0.17030 0.57764 -0.79833
0.406876 0.376911 -0.710849 0.14888 0.55091 -0.82118
0.482561 0.369026 -0.701036 0.17856 0.54547 -0.81889
0.424829 0.352491 -0.723274 0.15640 0.51843 -0.84069
0.706234 0.201372 -0.726877 0.27878 0.31746 -0.90637
0.668125 0.265737 -0.711948 0.25946 0.41222 -0.87336
0.731548 0.223721 -0.710500 0.29004 0.35418 -0.88906
0.662114 0.210926 -0.736523 0.25866 0.32906 -0.90819
0.582758 0.379945 -0.668825 0.21861 0.56946 -0.79242
0.626629 0.325335 -0.692304 0.23919 0.49613 -0.83465
0.623939 0.374452 -0.660945 0.23620 0.56611 -0.78977
0.562707 0.359118 -0.688532 0.21121 0.53835 -0.81583
0.780183 0.268857 -0.673356 0.31141 0.42856 -0.84815
0.690834 0.287736 -0.694042 0.26899 0.44748 -0.85288
0.756267 0.246274 -0.692645 0.30087 0.39119 -0.86974
0.757581 0.301234 -0.664112 0.29913 0.47494 -0.82762
0.711647 0.256380 -0.702889 0.27966 0.40226 -0.87177
0.576823 0.228451 -0.752433 0.22107 0.34975 -0.91039
0.624619 0.273599 -0.720624 0.24022 0.42037 -0.87497
0.618935 0.219949 -0.745015 0.23940 0.33973 -0.90954
0.558830 0.258862 -0.744221 0.21275 0.39360 -0.89432
0.643798 0.242861 -0.729173 0.24962 0.37599 -0.89237
0.709492 0.361620 -0.642423 0.27413 0.55786 -0.78336
0.669050 0.318147 -0.683921 0.25811 0.48998 -0.83265
0.666220 0.368358 -0.652165 0.25462 0.56225 -0.78679
0.733931 0.332208 -0.653738 0.28665 0.51807 -0.80588
0.646778 0.346923 -0.672904 0.24713 0.52942 -0.81157
0.712737 0.310024 -0.674616 0.27799 0.48283 -0.83042
0.521094 0.316639 -0.724345 0.19557 0.47454 -0.85823
0.604495 0.303521 -0.710823 0.23065 0.46239 -0.85615
0.542110 0.337964 -0.707064 0.20349 0.50668 -0.83778
0.540202 0.288315 -0.734810 0.20422 0.43527 -0.87683
0.583889 0.331891 -0.700144 0.22096 0.50165 -0.83638
0.581948 0.281237 -0.728166 0.22181 0.42810 -0.87609
0.938396 -0.311121 -0.579960 0.39158 -0.51748 -0.76084
0.980203 -0.229206 -0.605799 0.42090 -0.39229 -0.81790
0.916318 -0.288129 -0.605597 0.38002 -0.47689 -0.79257
1.025640 -0.047373 -0.633880 0.45585 -0.08397 -0.88609
1.010055 -0.140537 -0.624248 0.44345 -0.24593 -0.86190
0.868294 -0.241740 -0.651900 0.35692 -0.39655 -0.84579
0.953618 -0.205462 -0.629540 0.40558 -0.34860 -0.84497
0.892855 -0.264940 -0.629611 0.36876 -0.43672 -0.82054
0.936336 -0.247627 -0.618446 0.39350 -0.41534 -0.82015
0.938396 0.311121 -0.579960 0.39158 0.51748 -0.76084
0.980203 0.229206 -0.605799 0.42090 0.39229 -0.81790
0.916318 0.288129 -0.605597 0.38002 0.47689 -0.79257
1.025640 0.047373 -0.633880 0.45585 0.08397 -0.88609
1.010055 0.140537 -0.624248 0.44345 0.24593 -0.86190
0.868294 0.241740 -0.651900 0.35692 0.39655 -0.84579
0.953618 0.205462 -0.629540 0.40558 0.34860 -0.84497
0.892855 0.264940 -0.629611 0.36876 0.43672 -0.82054
0.936336 0.247627 -0.618446 0.39350 0.41534 -0.82015
0.761137 -0.149720 -0.725128 0.30616 -0.24015 -0.92119
0.837167 -0.111506 -0.707103 0.34510 -0.18314 -0.92052
0.788816 -0.172366 -0.709228 0.31923 -0.27846 -0.90584
0.768283 -0.107685 -0.732152 0.31071 -0.17383 -0.93447
0.990222 -0.024145 -0.653068 0.43254 -0.04156 -0.90066
0.913951 -0.069683 -0.683405 0.38729 -0.11740 -0.91445
0.986420 -0.070557 -0.650625 0.42981 -0.12269 -0.89454
0.842405 -0.218349 -0.672761 0.34462 -0.35652 -0.86841
0.867156 -0.134514 -0.690405 0.36050 -0.22317 -0.90567
0.815995 -0.195291 -0.691764 0.33202 -0.31717 -0.88835
0.883879 -0.200493 -0.662887 0.36711 -0.33231 -0.86879
0.827848 -0.153876 -0.700481 0.33938 -0.25182 -0.90632
0.775559 -0.021811 -0.739302 0.31529 -0.03528 -0.94834
0.842595 -0.067365 -0.712112 0.34895 -0.11125 -0.93051
0.773121 -0.064912 -0.736906 0.31371 -0.10517 -0.94367
0.805410 -0.087947 -0.722805 0.32947 -0.14362 -0.93318
0.967985 -0.161402 -0.638782 0.41594 -0.27688 -0.86622
0.907146 -0.114062 -0.678707 0.38269 -0.19213 -0.90368
0.978949 -0.116479 -0.645823 0.42415 -0.20133 -0.88293
0.925852 -0.181509 -0.651586 0.39091 -0.30583 -0.86814
0.946788 -0.092810 -0.665548 0.40579 -0.15872 -0.90008
0.896915 -0.157804 -0.671887 0.37580 -0.26389 -0.88833
0.761137 0.149720 -0.725128 0.30616 0.24015 -0.92119
0.837167 0.111506 -0.707103 0.34510 0.18314 -0.92052
0.788816 0.172366 -0.709228 0.31923 0.27846 -0.90584
0.768283 0.107685 -0.732152 0.31071 0.17383 -0.93447
0.990222 0.024145 -0.653068 0.43254 0.04156 -0.90066
0.913951 0.069683 -0.683405 0.38729 0.11740 -0.91445
0.986420 0.070557 -0.650625 0.42981 0.12269 -0.89454
0.954090 0.000000 -0.670421 0.41114 0.00000 -0.91157
0.842405 0.218349 -0.672761 0.34462 0.35652 -0.86841
0.867156 0.134514 -0.690405 0.36050 0.22317 -0.90567
0.815995 0.195291 -0.691764 0.33202 0.31717 -0.88835
0.883879 0.200493 -0.662887 0.36711 0.33231 -0.86879
0.827848 0.153876 -0.700481 0.33938 0.25182 -0.90632
0.775559 0.021811 -0.739302 0.31529 0.03528 -0.94834
0.842595 0.067365 -0.712112 0.34895 0.11125 -0.93051
0.773121 0.064912 -0.736906 0.31371 0.10517 -0.94367
0.810581 0.000000 -0.727731 0.33283 0.00000 -0.94299
0.805410 0.087947 -0.722805 0.32947 0.14362 -0.93318
0.967985 0.161402 -0.638782 0.41594 0.27688 -0.86622
0.907146 0.114062 -0.678707 0.38269 0.19213 -0.90368
0.978949 0.116479 -0.645823 0.42415 0.20133 -0.88293
0.925852 0.181509 -0.651586 0.39091 0.30583 -0.86814
0.946788 0.092810 -0.665548 0.40579 0.15872 -0.90008
0.896915 0.157804 -0.671887 0.37580 0.26389 -0.88833
0.880247 -0.045698 -0.699771 0.36916 -0.07650 -0.92621
0.880247 0.045698 -0.699771 0.36916 0.07650 -0.92621
0.917295 -0.023315 -0.685976 0.38990 -0.03952 -0.92001
0.845585 -0.022536 -0.714567 0.35085 -0.03729 -0.93569
0.917295 0.023315 -0.685976 0.38990 0.03952 -0.92001
0.845585 0.022536 -0.714567 0.35085 0.03729 -0.93569
0.025858 0.672614 -0.405822 0.00877 0.90238 -0.43084
0.077535 0.678979 -0.390017 0.02609 0.91005 -0.41367
0.041993 0.662680 -0.425598 0.01414 0.89163 -0.45255
0.025778 0.683983 -0.381016 0.00864 0.91521 -0.40288
0.181626 0.688620 -0.356216 0.06105 0.92374 -0.37812
0.129373 0.684315 -0.373514 0.04347 0.91716 -0.39613
0.074633 0.640954 -0.464517 0.02529 0.86747 -0.49685
0.094003 0.669165 -0.409835 0.03164 0.89966 -0.43545
0.058281 0.652117 -0.445190 0.01967 0.87992 -0.47471
0.068010 0.666058 -0.417790 0.02288 0.89572 -0.44403
0.025642 0.704380 -0.330659 0.00857 0.93755 -0.34775
0.077325 0.689918 -0.364928 0.02590 0.92234 -0.38551
0.025713 0.694585 -0.355917 0.00859 0.92685 -0.37534
0.051577 0.687081 -0.373049 0.01726 0.91884 -0.39425
0.399898 0.694498 -0.276476 0.13621 0.94493 -0.29759
0.343428 0.694916 -0.298304 0.11636 0.94046 -0.31936
0.234548 0.691867 -0.338008 0.07894 0.92985 -0.35936
0.288396 0.693996 -0.318755 0.09733 0.93542 -0.33989
0.141365 0.589673 -0.539524 0.04864 0.80935 -0.58531
0.161831 0.623325 -0.487298 0.05527 0.84940 -0.52484
0.124598 0.603459 -0.521228 0.04263 0.82519 -0.56325
0.199354 0.678932 -0.376193 0.06721 0.91395 -0.40021
0.181178 0.653087 -0.432758 0.06145 0.88420 -0.46305
0.172890 0.676895 -0.384882 0.05819 0.91059 -0.40919
0.091318 0.629042 -0.483782 0.03101 0.85417 -0.51908
0.144764 0.635718 -0.468367 0.04917 0.86318 -0.50250
0.107884 0.616594 -0.502619 0.03679 0.84009 -0.54119
0.101163 0.644364 -0.456895 0.03426 0.87186 -0.48855
0.134831 0.620086 -0.495066 0.04596 0.84483 -0.53305
0.120367 0.672013 -0.401675 0.04047 0.90345 -0.42678
0.154485 0.650492 -0.440905 0.05228 0.88028 -0.47156
0.146531 0.674587 -0.393378 0.04931 0.90709 -0.41803
0.110858 0.658701 -0.429485 0.03742 0.88830 -0.45774
0.163831 0.664171 -0.413153 0.05531 0.89606 -0.44048
0.127811 0.647544 -0.449024 0.04327 0.87613 -0.48012
0.025472 0.735949 -0.227574 0.00852 0.97143 -0.23717
0.076728 0.725952 -0.261973 0.02554 0.96140 -0.27397
0.025523 0.729228 -0.253480 0.00845 0.96424 -0.26489
0.181271 0.698807 -0.330218 0.06080 0.93513 -0.34906
0.128587 0.713633 -0.296152 0.04291 0.94938 -0.31119
0.155205 0.696979 -0.339188 0.05194 0.93209 -0.35848
0.025630 0.713493 -0.304931 0.00854 0.94737 -0.32003
0.076882 0.718168 -0.287835 0.02555 0.95300 -0.30190
0.025569 0.721734 -0.279309 0.00849 0.95625 -0.29244
0.051354 0.707102 -0.322250 0.01710 0.94070 -0.33880
0.051168 0.723982 -0.270701 0.01696 0.95887 -0.28333
0.103368 0.692552 -0.356474 0.03456 0.92574 -0.37657
0.102941 0.711704 -0.305063 0.03424 0.94658 -0.32065
0.129212 0.694887 -0.347954 0.04323 0.92898 -0.36760
0.077285 0.700121 -0.339446 0.02578 0.93350 -0.35766
0.128957 0.704671 -0.322122 0.04304 0.93963 -0.33946
0.077144 0.709549 -0.313703 0.02567 0.94372 -0.32974
0.923893 0.607379 -0.022485 0.35579 0.93419 -0.02656
0.851598 0.630948 -0.064666 0.31919 0.94465 -0.07580
0.935628 0.600896 -0.059289 0.36236 0.92921 -0.07254
0.711597 0.664030 -0.138587 0.25585 0.95392 -0.15675
0.780629 0.649562 -0.103278 0.28603 0.95082 -0.11884
0.953670 0.584081 -0.133970 0.37329 0.91281 -0.16565
0.861050 0.624027 -0.100261 0.32423 0.93843 -0.11930
0.945591 0.593129 -0.096552 0.36820 0.92214 -0.11868
0.898141 0.613147 -0.080269 0.34279 0.93442 -0.09673
0.458056 0.692566 -0.253067 0.15703 0.94890 -0.27373
0.518135 0.688890 -0.227847 0.17916 0.95192 -0.24851
0.644804 0.675042 -0.170906 0.22825 0.95476 -0.19064
0.580335 0.683173 -0.200556 0.20280 0.95397 -0.22096
0.965459 0.534956 -0.283486 0.38474 0.85118 -0.35702
0.881504 0.584115 -0.244545 0.33762 0.89350 -0.29608
0.965685 0.549088 -0.246651 0.38341 0.87033 -0.30906
0.717290 0.656288 -0.171959 0.25870 0.94583 -0.19616
0.798270 0.624065 -0.207251 0.29580 0.92387 -0.24282
0.752254 0.649747 -0.155320 0.27394 0.94502 -0.17859
0.959740 0.573655 -0.171903 0.37756 0.90107 -0.21338
0.879111 0.595864 -0.208779 0.33542 0.90790 -0.25141
0.963775 0.562014 -0.209347 0.38097 0.88692 -0.26122
0.914008 0.595949 -0.153826 0.35223 0.91701 -0.18715
0.922292 0.573719 -0.227501 0.35865 0.89073 -0.27924
0.824038 0.633749 -0.119626 0.30656 0.94143 -0.14049
0.835986 0.615915 -0.190369 0.31357 0.92243 -0.22539
0.787896 0.642256 -0.137856 0.28982 0.94359 -0.16014
0.868652 0.615930 -0.136376 0.32858 0.93033 -0.16289
0.793792 0.633750 -0.172601 0.29311 0.93466 -0.20122
0.874691 0.606533 -0.172644 0.33232 0.92016 -0.20705
0.279335 0.451973 -0.673984 0.10023 0.64338 -0.75896
0.306236 0.495500 -0.630139 0.10907 0.70082 -0.70495
0.262118 0.471786 -0.658817 0.09296 0.66858 -0.73781
0.314040 0.450238 -0.670611 0.11235 0.64332 -0.75731
0.354199 0.573107 -0.531124 0.12436 0.80033 -0.58652
0.331241 0.535960 -0.582420 0.11711 0.75319 -0.64729
0.227669 0.509062 -0.626981 0.07993 0.71436 -0.69520
0.288214 0.513980 -0.613885 0.10151 0.72351 -0.68281
0.244860 0.490838 -0.643115 0.08641 0.69208 -0.71663
0.275409 0.493279 -0.636811 0.09734 0.69666 -0.71077
0.385237 0.446000 -0.662400 0.13892 0.64222 -0.75383
0.341147 0.494036 -0.625905 0.12131 0.70146 -0.70231
0.349378 0.448253 -0.666753 0.12542 0.64281 -0.75569
0.327844 0.472537 -0.648748 0.11691 0.67302 -0.73033
0.422968 0.684377 -0.296808 0.14513 0.93596 -0.32079
0.409459 0.662518 -0.359049 0.14113 0.91003 -0.38979
0.393941 0.684872 -0.307800 0.13441 0.93377 -0.33167
0.374970 0.606714 -0.476569 0.13069 0.84226 -0.52299
0.393427 0.636578 -0.419092 0.13632 0.87879 -0.45732
0.337098 0.684769 -0.328735 0.11440 0.92882 -0.35242
0.380114 0.662531 -0.369088 0.13025 0.90741 -0.39955
0.365285 0.684997 -0.318446 0.12430 0.93137 -0.34219
0.387334 0.674199 -0.338722 0.13245 0.92124 -0.36576
0.159177 0.574570 -0.558253 0.05484 0.79214 -0.60787
0.216581 0.580251 -0.544535 0.07475 0.80114 -0.59379
0.176128 0.559352 -0.575923 0.06101 0.77421 -0.62998
0.169723 0.592645 -0.532772 0.05834 0.81382 -0.57818
0.334509 0.588844 -0.513069 0.11623 0.81822 -0.56304
0.274922 0.585027 -0.529529 0.09515 0.80982 -0.57891
0.323752 0.571455 -0.539459 0.11291 0.79639 -0.59415
0.210297 0.526690 -0.610249 0.07352 0.73551 -0.67351
0.234210 0.564933 -0.562321 0.08130 0.78336 -0.61623
0.193201 0.543376 -0.593287 0.06721 0.75541 -0.65180
0.240101 0.529337 -0.603837 0.08403 0.74011 -0.66721
0.205085 0.562261 -0.569267 0.07109 0.77884 -0.62318
0.190036 0.625908 -0.479828 0.06489 0.85349 -0.51704
0.227029 0.597965 -0.518302 0.07818 0.82249 -0.56339
0.180024 0.609781 -0.506586 0.06165 0.83433 -0.54780
0.198309 0.595411 -0.525698 0.06820 0.81818 -0.57090
0.300628 0.534069 -0.589826 0.10550 0.74917 -0.65392
0.263924 0.567357 -0.555020 0.09169 0.78780 -0.60907
0.312441 0.553166 -0.565088 0.10933 0.77343 -0.62438
0.270242 0.531797 -0.597032 0.09470 0.74466 -0.66069
0.293631 0.569536 -0.547423 0.10222 0.79214 -0.60172
0.252204 0.548798 -0.579809 0.08795 0.76462 -0.63845
0.536557 0.433765 -0.638955 0.19798 0.63874 -0.74352
0.488140 0.485805 -0.602823 0.17695 0.70277 -0.68906
0.497641 0.437356 -0.645785 0.18226 0.63977 -0.74664
0.389504 0.572149 -0.524570 0.13691 0.80228 -0.58104
0.438916 0.531790 -0.564455 0.15655 0.75681 -0.63460
0.378265 0.553983 -0.551175 0.13318 0.77906 -0.61264
0.422218 0.443438 -0.657427 0.15290 0.64153 -0.75171
0.450523 0.488259 -0.609542 0.16221 0.70242 -0.69303
0.459486 0.440573 -0.651935 0.16732 0.64071 -0.74933
0.399630 0.468616 -0.639547 0.14365 0.67283 -0.72571
0.474198 0.463589 -0.627960 0.17221 0.67237 -0.71990
0.354140 0.514999 -0.601771 0.12548 0.72875 -0.67318
0.426376 0.511727 -0.590374 0.15236 0.73023 -0.66600
0.366449 0.534892 -0.576965 0.12943 0.75460 -0.64329
0.376883 0.492495 -0.620938 0.13449 0.70191 -0.69945
0.402377 0.533511 -0.570979 0.14268 0.75569 -0.63920
0.413379 0.490577 -0.615486 0.14814 0.70224 -0.69636
0.227332 0.680691 -0.367040 0.07656 0.91722 -0.39095
0.266291 0.659066 -0.406572 0.09040 0.89514 -0.43651
0.254241 0.682160 -0.357887 0.08584 0.92034 -0.38159
0.218474 0.668523 -0.395911 0.07388 0.90323 -0.42275
0.345073 0.605920 -0.484921 0.11943 0.83901 -0.53084
0.305568 0.634234 -0.445915 0.10467 0.86926 -0.48315
0.354693 0.621469 -0.457016 0.12256 0.85808 -0.49867
0.315178 0.604287 -0.493857 0.10900 0.83502 -0.53932
0.308959 0.684216 -0.338788 0.10467 0.92612 -0.36240
0.294025 0.660434 -0.397618 0.10013 0.89845 -0.42750
0.281481 0.683339 -0.348466 0.09517 0.92330 -0.37210
0.329956 0.673609 -0.358832 0.11227 0.91582 -0.38557
0.274100 0.671680 -0.377784 0.09291 0.90985 -0.40441
0.199856 0.641185 -0.452244 0.06800 0.87141 -0.48582
0.256941 0.645380 -0.435252 0.08761 0.87905 -0.46860
0.209303 0.655338 -0.424357 0.07098 0.88797 -0.45440
0.218566 0.628373 -0.471841 0.07466 0.85758 -0.50891
0.237705 0.657333 -0.415627 0.08069 0.89162 -0.44553
0.372196 0.649755 -0.399161 0.12789 0.89223 -0.43310
0.314303 0.648248 -0.417589 0.10749 0.88603 -0.45100
0.363750 0.636104 -0.428382 0.12533 0.87580 -0.46613
0.351075 0.662122 -0.378986 0.12002 0.90453 -0.40916
0.334432 0.635319 -0.437324 0.11496 0.87261 -0.47470
0.322345 0.661418 -0.388497 0.10997 0.90154 -0.41848
0.256328 0.600300 -0.510505 0.08833 0.82673 -0.55562
0.276478 0.632470 -0.455000 0.09466 0.86543 -0.49201
0.285562 0.602411 -0.502384 0.09859 0.83090 -0.54762
0.237427 0.614735 -0.491294 0.08145 0.84268 -0.53222
0.295793 0.618837 -0.474466 0.10178 0.85080 -0.51554
0.247412 0.630563 -0.463564 0.08459 0.86156 -0.50057
0.025505 0.763115 -0.015763 0.00882 0.99984 -0.01541
0.076641 0.761224 -0.047367 0.02561 0.99851 -0.04820
0.025509 0.762322 -0.042192 0.00837 0.99901 -0.04371
0.180293 0.751510 -0.111427 0.05997 0.99152 -0.11533
0.128154 0.757391 -0.079204 0.04261 0.99577 -0.08143
0.025530 0.758554 -0.095040 0.00840 0.99509 -0.09859
0.076664 0.759551 -0.073919 0.02519 0.99674 -0.07670
0.025513 0.760800 -0.068661 0.00838 0.99743 -0.07112
0.051082 0.761176 -0.058042 0.01676 0.99805 -0.06014
0.399711 0.703238 -0.247035 0.13622 0.95474 -0.26443
0.342818 0.719621 -0.211873 0.11576 0.96757 -0.22450
0.371505 0.703833 -0.258551 0.12584 0.95271 -0.27660
0.233301 0.743418 -0.144188 0.07780 0.98556 -0.15037
0.287406 0.732887 -0.177627 0.09636 0.97770 -0.18658
0.316122 0.703970 -0.280455 0.10656 0.94841 -0.29862
0.315711 0.719967 -0.223398 0.10596 0.96576 -0.23683
0.343612 0.704069 -0.269703 0.11611 0.95063 -0.28779
0.343413 0.712313 -0.240842 0.11578 0.95960 -0.25644
0.025617 0.742177 -0.200340 0.00853 0.97790 -0.20888
0.076871 0.745358 -0.180241 0.02542 0.98186 -0.18789
0.025576 0.747368 -0.174215 0.00843 0.98342 -0.18115
0.051162 0.737987 -0.217635 0.01690 0.97376 -0.22694
0.180389 0.747931 -0.138553 0.05968 0.98766 -0.14477
0.128373 0.747286 -0.159685 0.04242 0.98512 -0.16655
0.154293 0.751626 -0.122258 0.05088 0.99055 -0.12733
0.025519 0.755543 -0.121669 0.00841 0.99197 -0.12618
0.076776 0.750010 -0.153905 0.02530 0.98680 -0.15998
0.025548 0.751828 -0.147948 0.00841 0.98809 -0.15367
0.051112 0.756495 -0.111178 0.01680 0.99318 -0.11535
0.051190 0.748846 -0.164106 0.01685 0.98519 -0.17062
0.102737 0.727929 -0.252020 0.03407 0.96399 -0.26375
0.102739 0.741117 -0.197472 0.03395 0.97798 -0.20593
0.076889 0.733237 -0.234876 0.02543 0.96911 -0.24531
0.076943 0.739713 -0.207585 0.02540 0.97596 -0.21646
0.102546 0.757412 -0.090018 0.03369 0.99505 -0.09346
0.102666 0.750877 -0.143423 0.03379 0.98823 -0.14918
0.128325 0.754783 -0.106067 0.04225 0.99300 -0.11029
0.076810 0.757120 -0.100613 0.02523 0.99421 -0.10442
0.128394 0.751411 -0.132938 0.04231 0.98948 -0.13833
0.076843 0.753936 -0.127319 0.02527 0.99090 -0.13223
0.208648 0.700510 -0.320389 0.06986 0.93815 -0.33912
0.209245 0.718210 -0.266064 0.06972 0.95737 -0.28031
0.235068 0.701797 -0.310895 0.07887 0.94089 -0.32940
0.181848 0.708319 -0.303376 0.06074 0.94547 -0.32001
0.207640 0.743503 -0.155593 0.06870 0.98427 -0.16279
0.208900 0.732526 -0.211068 0.06933 0.97269 -0.22150
0.234176 0.738622 -0.172210 0.07779 0.98046 -0.18068
0.181221 0.743411 -0.166232 0.05996 0.98297 -0.17372
0.288657 0.703535 -0.291008 0.09716 0.94602 -0.30921
0.235397 0.719078 -0.255990 0.07864 0.95966 -0.26994
0.261765 0.702813 -0.301089 0.08794 0.94351 -0.31945
0.288845 0.712212 -0.262876 0.09697 0.95547 -0.27870
0.235356 0.710878 -0.283508 0.07878 0.95078 -0.29969
0.129012 0.721981 -0.269263 0.04284 0.95834 -0.28240
0.182288 0.724835 -0.249057 0.06060 0.96330 -0.26151
0.155281 0.715474 -0.286317 0.05172 0.95218 -0.30113
0.129084 0.729557 -0.242029 0.04280 0.96642 -0.25336
0.182192 0.717006 -0.276273 0.06071 0.95486 -0.29078
0.288090 0.726919 -0.206041 0.09635 0.97127 -0.21762
0.235247 0.726490 -0.228020 0.07843 0.96758 -0.24008
0.261016 0.733100 -0.189040 0.08697 0.97615 -0.19893
0.288660 0.720015 -0.234504 0.09670 0.96389 -0.24812
0.234821 0.732973 -0.200201 0.07813 0.97450 -0.21034
0.261861 0.719712 -0.245382 0.08758 0.96185 -0.25917
0.128914 0.742221 -0.187094 0.04256 0.97983 -0.19524
0.182192 0.731902 -0.221383 0.06045 0.97081 -0.23212
0.154954 0.742979 -0.176748 0.05123 0.98149 -0.18452
0.129057 0.736312 -0.214591 0.04271 0.97359 -0.22426
0.181817 0.738062 -0.193890 0.06025 0.97735 -0.20289
0.155595 0.730887 -0.231802 0.05160 0.96870 -0.24280
0.887444 0.384876 -0.548470 0.35723 0.61922 -0.69925
0.830168 0.449906 -0.513072 0.32395 0.70195 -0.63429
0.903765 0.406177 -0.519850 0.36482 0.65452 -0.66220
0.840192 0.393453 -0.564092 0.33366 0.62373 -0.70685
0.706081 0.554620 -0.436382 0.26070 0.81928 -0.51070
0.769052 0.506306 -0.475300 0.29151 0.76756 -0.57085
0.931232 0.447054 -0.458426 0.37568 0.71999 -0.58350
0.842759 0.469491 -0.483516 0.32922 0.73234 -0.59606
0.918428 0.426965 -0.489765 0.37073 0.68797 -0.62390
0.873784 0.438995 -0.501998 0.34691 0.69575 -0.62896
0.748766 0.408112 -0.591012 0.28935 0.62979 -0.72086
0.784657 0.456338 -0.528316 0.30274 0.70314 -0.64338
0.793878 0.401185 -0.578247 0.31081 0.62700 -0.71433
0.812953 0.425987 -0.546542 0.31821 0.66560 -0.67507
0.458199 0.683268 -0.283183 0.15709 0.93833 -0.30799
0.518305 0.659142 -0.320330 0.18027 0.91799 -0.35326
0.488293 0.681869 -0.271289 0.16854 0.94030 -0.29568
0.451941 0.673147 -0.315228 0.15570 0.92639 -0.34287
0.642707 0.595626 -0.397215 0.23194 0.86018 -0.45420
0.579914 0.630185 -0.358407 0.20515 0.89241 -0.40190
0.550188 0.677634 -0.246062 0.19174 0.94336 -0.27075
0.550188 0.657131 -0.308517 0.19283 0.91994 -0.34137
0.518991 0.680002 -0.258904 0.17993 0.94195 -0.28348
0.519044 0.670072 -0.289794 0.18044 0.93072 -0.31812
0.437429 0.649670 -0.377833 0.15141 0.89810 -0.41291
0.510966 0.647353 -0.352837 0.17859 0.90361 -0.38934
0.445006 0.661923 -0.346847 0.15365 0.91294 -0.37805
0.481325 0.660813 -0.333941 0.16695 0.91564 -0.36569
0.962584 0.519042 -0.321477 0.38500 0.82911 -0.40540
0.875886 0.540326 -0.353896 0.33911 0.83563 -0.43213
0.957940 0.502571 -0.357024 0.38434 0.80493 -0.45208
0.922243 0.546168 -0.301390 0.36145 0.85461 -0.37283
0.712835 0.570486 -0.405962 0.26302 0.84106 -0.47268
0.792529 0.557208 -0.381834 0.29880 0.83930 -0.45419
0.745608 0.548306 -0.425544 0.27874 0.81860 -0.50218
0.942281 0.466568 -0.425489 0.37964 0.75039 -0.54110
0.870441 0.524054 -0.387521 0.33797 0.81249 -0.47500
0.951138 0.485029 -0.391792 0.38254 0.77872 -0.49725
0.897532 0.478116 -0.439641 0.35549 0.75604 -0.54957
0.913733 0.513925 -0.372878 0.36037 0.80916 -0.46411
0.840805 0.593040 -0.262076 0.31776 0.89512 -0.31271
0.837851 0.565057 -0.333568 0.31889 0.85888 -0.40080
0.881498 0.570805 -0.281534 0.33902 0.87650 -0.34179
0.879614 0.556174 -0.318086 0.33951 0.85708 -0.38749
0.810673 0.498017 -0.464374 0.31186 0.76481 -0.56375
0.827624 0.533139 -0.401273 0.31693 0.81509 -0.48495
0.778320 0.524157 -0.445075 0.29500 0.79338 -0.53247
0.853582 0.488574 -0.452592 0.33292 0.76079 -0.55710
0.786177 0.541168 -0.413844 0.29724 0.81711 -0.49394
0.862849 0.506811 -0.420514 0.33585 0.78760 -0.51662
0.578480 0.429534 -0.630948 0.21479 0.63744 -0.73996
0.611960 0.475856 -0.576546 0.22636 0.70355 -0.67363
0.619325 0.425035 -0.622480 0.23205 0.63589 -0.73607
0.553609 0.457076 -0.613269 0.20372 0.67169 -0.71227
0.664587 0.558081 -0.451166 0.24347 0.81737 -0.52214
0.640849 0.518932 -0.516450 0.23595 0.76386 -0.60070
0.695040 0.535597 -0.470715 0.25788 0.79350 -0.55123
0.704210 0.414425 -0.602666 0.26909 0.63217 -0.72660
0.653314 0.471832 -0.566282 0.24402 0.70361 -0.66737
0.661291 0.420008 -0.613069 0.25004 0.63417 -0.73165
0.722768 0.438689 -0.573261 0.27589 0.66861 -0.69054
0.636910 0.448840 -0.595116 0.23826 0.67044 -0.70267
0.502980 0.507378 -0.575869 0.18169 0.73208 -0.65655
0.584631 0.501588 -0.557602 0.21417 0.73388 -0.64464
0.528363 0.483053 -0.594839 0.19262 0.70319 -0.68441
0.569683 0.479750 -0.586091 0.20918 0.70345 -0.67926
0.755116 0.484957 -0.509329 0.28743 0.73687 -0.61189
0.668662 0.494220 -0.535615 0.24922 0.73541 -0.63013
0.725326 0.511212 -0.490171 0.27247 0.76683 -0.58115
0.739804 0.462277 -0.542078 0.28203 0.70363 -0.65220
0.682526 0.515404 -0.503872 0.25383 0.76539 -0.59140
0.695956 0.467425 -0.554716 0.26245 0.70378 -0.66016
0.681495 0.662141 -0.188799 0.24391 0.94607 -0.21320
0.685298 0.643116 -0.255790 0.24677 0.92447 -0.29062
0.647823 0.667014 -0.203985 0.22997 0.94595 -0.22869
0.720349 0.647574 -0.206294 0.26074 0.93618 -0.23577
0.678923 0.591556 -0.385681 0.24766 0.86120 -0.44384
0.684473 0.619540 -0.321655 0.24807 0.89621 -0.36779
0.646360 0.610170 -0.366189 0.23300 0.87865 -0.41677
0.717196 0.586133 -0.374068 0.26385 0.86120 -0.43442
0.582315 0.674698 -0.232506 0.20402 0.94454 -0.25733
0.650613 0.647606 -0.269732 0.23231 0.92384 -0.30422
0.614720 0.671184 -0.218568 0.21675 0.94541 -0.24335
0.583091 0.665157 -0.264484 0.20490 0.93375 -0.29348
0.649761 0.657857 -0.237001 0.23134 0.93568 -0.26643
0.799977 0.613270 -0.242886 0.29762 0.91105 -0.28532
0.722850 0.626549 -0.274445 0.26335 0.91157 -0.31573
0.759922 0.631319 -0.224350 0.27865 0.92460 -0.25973
0.800458 0.601058 -0.278422 0.29884 0.89611 -0.32815
0.722205 0.637646 -0.240540 0.26225 0.92477 -0.27574
0.582040 0.642805 -0.327631 0.20572 0.90775 -0.36562
0.650288 0.636147 -0.302502 0.23293 0.91035 -0.34207
0.614003 0.627235 -0.346803 0.21909 0.89406 -0.39072
0.582995 0.654511 -0.296259 0.20546 0.92147 -0.32966
0.648897 0.623703 -0.334546 0.23317 0.89529 -0.37959
0.616512 0.651350 -0.283322 0.21863 0.92279 -0.31727
0.796487 0.572994 -0.348176 0.29942 0.86007 -0.41306
0.722179 0.614153 -0.308370 0.26398 0.89653 -0.35574
0.756440 0.579967 -0.361565 0.28113 0.86082 -0.42421
0.799287 0.587603 -0.313614 0.29944 0.87909 -0.37086
0.720325 0.600719 -0.341458 0.26414 0.87975 -0.39530
0.760852 0.608070 -0.293861 0.28091 0.89654 -0.34249
0.400719 0.590277 -0.495680 0.14027 0.82471 -0.54789
0.474551 0.588859 -0.476832 0.16761 0.83011 -0.53181
0.410784 0.606549 -0.467406 0.14331 0.84527 -0.51477
0.426106 0.571715 -0.516097 0.15019 0.80481 -0.57421
0.632450 0.579857 -0.430556 0.22938 0.83922 -0.49304
0.551639 0.585523 -0.455299 0.19713 0.83501 -0.51371
0.601928 0.598878 -0.411002 0.21598 0.85828 -0.46553
0.622484 0.561927 -0.463945 0.22628 0.81573 -0.53234
0.429124 0.636207 -0.408590 0.14893 0.88180 -0.44749
0.484609 0.604986 -0.447156 0.17066 0.85083 -0.49696
0.420271 0.621893 -0.438312 0.14621 0.86421 -0.48141
0.465668 0.635523 -0.397115 0.16230 0.88474 -0.43692
0.447366 0.605984 -0.457604 0.15673 0.84809 -0.50614
0.477166 0.530453 -0.556166 0.17093 0.75863 -0.62870
0.501739 0.569469 -0.497390 0.17867 0.80971 -0.55897
0.451649 0.551762 -0.536315 0.16041 0.78276 -0.60130
0.516652 0.528400 -0.547408 0.18614 0.76021 -0.62245
0.463558 0.570833 -0.507040 0.16414 0.80734 -0.56679
0.541261 0.632459 -0.372200 0.19066 0.89010 -0.41397
0.523096 0.603491 -0.435849 0.18517 0.85347 -0.48714
0.571459 0.616407 -0.391501 0.20313 0.87508 -0.43929
0.503084 0.634289 -0.384986 0.17622 0.88751 -0.42575
0.562011 0.601481 -0.423873 0.20025 0.85595 -0.47671
0.494279 0.620131 -0.416499 0.17357 0.86988 -0.46171
0.598595 0.522830 -0.527401 0.21870 0.76292 -0.60838
0.541309 0.567547 -0.486931 0.19387 0.81193 -0.55063
0.611162 0.542862 -0.496308 0.22276 0.79018 -0.57096
0.557177 0.525872 -0.537829 0.20207 0.76165 -0.61568
0.581339 0.565064 -0.475860 0.20970 0.81394 -0.54178
0.529464 0.548510 -0.517692 0.19021 0.78690 -0.58704
0.025858 0.672614 0.405822 0.00877 0.90238 0.43084
0.077535 0.678979 0.390017 0.02609 0.91005 0.41367
0.041993 0.662680 0.425598 0.01414 0.89163 0.45255
0.025778 0.683983 0.381016 0.00864 0.91521 0.40288
0.181626 0.688620 0.356216 0.06105 0.92374 0.37812
0.129373 0.684315 0.373514 0.04347 0.91716 0.39613
0.074633 0.640954 0.464517 0.02529 0.86747 0.49685
0.094003 0.669165 0.409835 0.03164 0.89966 0.43545
0.058281 0.652117 0.445190 0.01967 0.87992 0.47471
0.068010 0.666058 0.417790 0.02288 0.89572 0.44403
0.025642 0.704380 0.330659 0.00857 0.93755 0.34775
0.077325 0.689918 0.364928 0.02590 0.92234 0.38551
0.025713 0.694585 0.355917 0.00859 0.92685 0.37534
0.051577 0.687081 0.373049 0.01726 0.91884 0.39425
0.399898 0.694498 0.276476 0.13621 0.94493 0.29759
0.343428 0.694916 0.298304 0.11636 0.94046 0.31936
0.234548 0.691867 0.338008 0.07894 0.92985 0.35936
0.288396 0.693996 0.318755 0.09733 0.93542 0.33989
0.141365 0.589673 0.539524 0.04864 0.80935 0.58531
0.161831 0.623325 0.487298 0.05527 0.84940 0.52484
0.124598 0.603459 0.521228 0.04263 0.82519 0.56325
0.199354 0.678932 0.376193 0.06721 0.91395 0.40021
0.181178 0.653087 0.432758 0.06145 0.88420 0.46305
0.172890 0.676895 0.384882 0.05819 0.91059 0.40919
0.091318 0.629042 0.483782 0.03101 0.85417 0.51908
0.144764 0.635718 0.468367 0.04917 0.86318 0.50250
0.107884 0.616594 0.502619 0.03679 0.84009 0.54119
0.101163 0.644364 0.456895 0.03426 0.87186 0.48855
0.134831 0.620086 0.495066 0.04596 0.84483 0.53305
0.120367 0.672013 0.401675 0.04047 0.90345 0.42678
0.154485 0.650492 0.440905 0.05228 0.88028 0.47156
0.146531 0.674587 0.393378 0.04931 0.90709 0.41803
0.110858 0.658701 0.429485 0.03742 0.88830 0.45774
0.163831 0.664171 0.413153 0.05531 0.89606 0.44048
0.127811 0.647544 0.449024 0.04327 0.87613 0.48012
0.025472 0.735949 0.227574 0.00852 0.97143 0.23717
0.076728 0.725952 0.261973 0.02554 0.96140 0.27397
0.025523 0.729228 0.253480 0.00845 0.96424 0.26489
0.181271 0.698807 0.330218 0.06080 0.93513 0.34906
0.128587 0.713633 0.296152 0.04291 0.94938 0.31119
0.155205 0.696979 0.339188 0.05194 0.93209 0.35848
0.025630 0.713493 0.304931 0.00854 0.94737 0.32003
0.076882 0.718168 0.287835 0.02555 0.95300 0.30190
0.025569 0.721734 0.279309 0.00849 0.95625 0.29244
0.051354 0.707102 0.322250 0.01710 0.94070 0.33880
0.051168 0.723982 0.270701 0.01696 0.95887 0.28333
0.103368 0.692552 0.356474 0.03456 0.92574 0.37657
0.102941 0.711704 0.305063 0.03424 0.94658 0.32065
0.129212 0.694887 0.347954 0.04323 0.92898 0.36760
0.077285 0.700121 0.339446 0.02578 0.93350 0.35766
0.128957 0.704671 0.322122 0.04304 0.93963 0.33946
0.077144 0.709549 0.313703 0.02567 0.94372 0.32974
0.923893 0.607379 0.022485 0.35579 0.93419 0.02656
0.851598 0.630948 0.064666 0.31919 0.94465 0.07580
0.935628 0.600896 0.059289 0.36236 0.92921 0.07254
0.888802 0.620654 0.000000 0.33751 0.94132 0.00000
0.711597 0.664030 0.138587 0.25585 0.95392 0.15675
0.780629 0.649562 0.103278 0.28603 0.95082 0.11884
0.953670 0.584081 0.133970 0.37329 0.91281 0.16565
0.861050 0.624027 0.100261 0.32423 0.93843 0.11930
0.945591 0.593129 0.096552 0.36820 0.92214 0.11868
0.898141 0.613147 0.080269 0.34279 0.93442 0.09673
0.818876 0.643157 -0.042285 0.30329 0.95161 -0.04945
0.818876 0.643157 0.042285 0.30329 0.95161 0.04945
0.853695 0.632563 -0.021608 0.32002 0.94707 -0.02555
0.853695 0.632563 0.021608 0.32002 0.94707 0.02555
0.458056 0.692566 0.253067 0.15703 0.94890 0.27373
0.518135 0.688890 0.227847 0.17916 0.95192 0.24851
0.644804 0.675042 0.170906 0.22825 0.95476 0.19064
0.580335 0.683173 0.200556 0.20280 0.95397 0.22096
0.965459 0.534956 0.283486 0.38474 0.85118 0.35702
0.881504 0.584115 0.244545 0.33762 0.89350 0.29608
0.965685 0.549088 0.246651 0.38341 0.87033 0.30906
0.717290 0.656288 0.171959 0.25870 0.94583 0.19616
0.798270 0.624065 0.207251 0.29580 0.92387 0.24282
0.752254 0.649747 0.155320 0.27394 0.94502 0.17859
0.959740 0.573655 0.171903 0.37756 0.90107 0.21338
0.879111 0.595864 0.208779 0.33542 0.90790 0.25141
0.963775 0.562014 0.209347 0.38097 0.88692 0.26122
0.914008 0.595949 0.153826 0.35223 0.91701 0.18715
0.922292 0.573719 0.227501 0.35865 0.89073 0.27924
0.824038 0.633749 0.119626 0.30656 0.94143 0.14049
0.835986 0.615915 0.190369 0.31357 0.92243 0.22539
0.787896 0.642256 0.137856 0.28982 0.94359 0.16014
0.868652 0.615930 0.136376 0.32858 0.93033 0.16289
0.793792 0.633750 0.172601 0.29311 0.93466 0.20122
0.874691 0.606533 0.172644 0.33232 0.92016 0.20705
0.682849 0.674809 -0.116724 0.24330 0.96101 -0.13137
0.688532 0.680426 -0.039061 0.24518 0.96848 -0.04395
0.716050 0.668372 -0.099360 0.25739 0.95971 -0.11274
0.682849 0.674809 0.116724 0.24330 0.96101 0.13137
0.688532 0.680426 0.039061 0.24518 0.96848 0.04395
0.716050 0.668372 0.099360 0.25739 0.95971 0.11274
0.783941 0.652688 -0.062240 0.28725 0.95515 -0.07193
0.720539 0.672750 -0.020049 0.25893 0.96563 -0.02268
0.749815 0.661014 -0.081192 0.27197 0.95780 -0.09298
0.785833 0.654201 -0.020795 0.28789 0.95736 -0.02403
0.719040 0.671288 -0.059765 0.25840 0.96366 -0.06782
0.783941 0.652688 0.062240 0.28725 0.95515 0.07193
0.720539 0.672750 0.020049 0.25893 0.96563 0.02268
0.749815 0.661014 0.081192 0.27197 0.95780 0.09298
0.785833 0.654201 0.020795 0.28789 0.95736 0.02403
0.719040 0.671288 0.059765 0.25840 0.96366 0.06782
0.752976 0.664049 0.000000 0.27308 0.96199 0.00000
0.279335 0.451973 0.673984 0.10023 0.64338 0.75896
0.306236 0.495500 0.630139 0.10907 0.70082 0.70495
0.262118 0.471786 0.658817 0.09296 0.66858 0.73781
0.314040 0.450238 0.670611 0.11235 0.64332 0.75731
0.354199 0.573107 0.531124 0.12436 0.80033 0.58652
0.331241 0.535960 0.582420 0.11711 0.75319 0.64729
0.227669 0.509062 0.626981 0.07993 0.71436 0.69520
0.288214 0.513980 0.613885 0.10151 0.72351 0.68281
0.244860 0.490838 0.643115 0.08641 0.69208 0.71663
0.275409 0.493279 0.636811 0.09734 0.69666 0.71077
0.385237 0.446000 0.662400 0.13892 0.64222 0.75383
0.341147 0.494036 0.625905 0.12131 0.70146 0.70231
0.349378 0.448253 0.666753 0.12542 0.64281 0.75569
0.327844 0.472537 0.648748 0.11691 0.67302 0.73033
0.422968 0.684377 0.296808 0.14513 0.93596 0.32079
0.409459 0.662518 0.359049 0.14113 0.91003 0.38979
0.393941 0.684872 0.307800 0.13441 0.93377 0.33167
0.374970 0.606714 0.476569 0.13069 0.84226 0.52299
0.393427 0.636578 0.419092 0.13632 0.87879 0.45732
0.337098 0.684769 0.328735 0.11440 0.92882 0.35242
0.380114 0.662531 0.369088 0.13025 0.90741 0.39955
0.365285 0.684997 0.318446 0.12430 0.93137 0.34219
0.387334 0.674199 0.338722 0.13245 0.92124 0.36576
0.159177 0.574570 0.558253 0.05484 0.79214 0.60787
0.216581 0.580251 0.544535 0.07475 0.80114 0.59379
0.176128 0.559352 0.575923 0.06101 0.77421 0.62998
0.169723 0.592645 0.532772 0.05834 0.81382 0.57818
0.334509 0.588844 0.513069 0.11623 0.81822 0.56304
0.274922 0.585027 0.529529 0.09515 0.80982 0.57891
0.323752 0.571455 0.539459 0.11291 0.79639 0.59415
0.210297 0.526690 0.610249 0.07352 0.73551 0.67351
0.234210 0.564933 0.562321 0.08130 0.78336 0.61623
0.193201 0.543376 0.593287 0.06721 0.75541 0.65180
0.240101 0.529337 0.603837 0.08403 0.74011 0.66721
0.205085 0.562261 0.569267 0.07109 0.77884 0.62318
0.190036 0.625908 0.479828 0.06489 0.85349 0.51704
0.227029 0.597965 0.518302 0.07818 0.82249 0.56339
0.180024 0.609781 0.506586 0.06165 0.83433 0.54780
0.198309 0.595411 0.525698 0.06820 0.81818 0.57090
0.300628 0.534069 0.589826 0.10550 0.74917 0.65392
0.263924 0.567357 0.555020 0.09169 0.78780 0.60907
0.312441 0.553166 0.565088 0.10933 0.77343 0.62438
0.270242 0.531797 0.597032 0.09470 0.74466 0.66069
0.293631 0.569536 0.547423 0.10222 0.79214 0.60172
0.252204 0.548798 0.579809 0.08795 0.76462 0.63845
0.536557 0.433765 0.638955 0.19798 0.63874 0.74352
0.488140 0.485805 0.602823 0.17695 0.70277 0.68906
0.497641 0.437356 0.645785 0.18226 0.63977 0.74664
0.389504 0.572149 0.524570 0.13691 0.80228 0.58104
0.438916 0.531790 0.564455 0.15655 0.75681 0.63460
0.378265 0.553983 0.551175 0.13318 0.77906 0.61264
0.422218 0.443438 0.657427 0.15290 0.64153 0.75171
0.450523 0.488259 0.609542 0.16221 0.70242 0.69303
0.459486 0.440573 0.651935 0.16732 0.64071 0.74933
0.399630 0.468616 0.639547 0.14365 0.67283 0.72571
0.474198 0.463589 0.627960 0.17221 0.67237 0.71990
0.354140 0.514999 0.601771 0.12548 0.72875 0.67318
0.426376 0.511727 0.590374 0.15236 0.73023 0.66600
0.366449 0.534892 0.576965 0.12943 0.75460 0.64329
0.376883 0.492495 0.620938 0.13449 0.70191 0.69945
0.402377 0.533511 0.570979 0.14268 0.75569 0.63920
0.413379 0.490577 0.615486 0.14814 0.70224 0.69636
0.227332 0.680691 0.367040 0.07656 0.91722 0.39095
0.266291 0.659066 0.406572 0.09040 0.89514 0.43651
0.254241 0.682160 0.357887 0.08584 0.92034 0.38159
0.218474 0.668523 0.395911 0.07388 0.90323 0.42275
0.345073 0.605920 0.484921 0.11943 0.83901 0.53084
0.305568 0.634234 0.445915 0.10467 0.86926 0.48315
0.354693 0.621469 0.457016 0.12256 0.85808 0.49867
0.315178 0.604287 0.493857 0.10900 0.83502 0.53932
0.308959 0.684216 0.338788 0.10467 0.92612 0.36240
0.294025 0.660434 0.397618 0.10013 0.89845 0.42750
0.281481 0.683339 0.348466 0.09517 0.92330 0.37210
0.329956 0.673609 0.358832 0.11227 0.91582 0.38557
0.274100 0.671680 0.377784 0.09291 0.90985 0.40441
0.199856 0.641185 0.452244 0.06800 0.87141 0.48582
0.256941 0.645380 0.435252 0.08761 0.87905 0.46860
0.209303 0.655338 0.424357 0.07098 0.88797 0.45440
0.218566 0.628373 0.471841 0.07466 0.85758 0.50891
0.237705 0.657333 0.415627 0.08069 0.89162 0.44553
0.372196 0.649755 0.399161 0.12789 0.89223 0.43310
0.314303 0.648248 0.417589 0.10749 0.88603 0.45100
0.363750 0.636104 0.428382 0.12533 0.87580 0.46613
0.351075 0.662122 0.378986 0.12002 0.90453 0.40916
0.334432 0.635319 0.437324 0.11496 0.87261 0.47470
0.322345 0.661418 0.388497 0.10997 0.90154 0.41848
0.256328 0.600300 0.510505 0.08833 0.82673 0.55562
0.276478 0.632470 0.455000 0.09466 0.86543 0.49201
0.285562 0.602411 0.502384 0.09859 0.83090 0.54762
0.237427 0.614735 0.491294 0.08145 0.84268 0.53222
0.295793 0.618837 0.474466 0.10178 0.85080 0.51554
0.247412 0.630563 0.463564 0.08459 0.86156 0.50057
0.025505 0.763115 0.015763 0.00882 0.99984 0.01541
0.076641 0.761224 0.047367 0.02561 0.99851 0.04820
0.025509 0.762322 0.042192 0.00837 0.99901 0.04371
0.051076 0.762923 0.000000 0.01676 0.99986 0.00000
0.180293 0.751510 0.111427 0.05997 0.99152 0.11533
0.128154 0.757391 0.079204 0.04261 0.99577 0.08143
0.025530 0.758554 0.095040 0.00840 0.99509 0.09859
0.076664 0.759551 0.073919 0.02519 0.99674 0.07670
0.025513 0.760800 0.068661 0.00838 0.99743 0.07112
0.051082 0.761176 0.058042 0.01676 0.99805 0.06014
0.102544 0.761107 -0.031634 0.03370 0.99889 -0.03282
0.102544 0.761107 0.031634 0.03370 0.99889 0.03282
0.076788 0.762255 -0.015816 0.02519 0.99955 -0.01638
0.076788 0.762255 0.015816 0.02519 0.99955 0.01638
0.399711 0.703238 0.247035 0.13622 0.95474 0.26443
0.342818 0.719621 0.211873 0.11576 0.96757 0.22450
0.371505 0.703833 0.258551 0.12584 0.95271 0.27660
0.233301 0.743418 0.144188 0.07780 0.98556 0.15037
0.287406 0.732887 0.177627 0.09636 0.97770 0.18658
0.316122 0.703970 0.280455 0.10656 0.94841 0.29862
0.315711 0.719967 0.223398 0.10596 0.96576 0.23683
0.343612 0.704069 0.269703 0.11611 0.95063 0.28779
0.343413 0.712313 0.240842 0.11578 0.95960 0.25644
0.025617 0.742177 0.200340 0.00853 0.97790 0.20888
0.076871 0.745358 0.180241 0.02542 0.98186 0.18789
0.025576 0.747368 0.174215 0.00843 0.98342 0.18115
0.051162 0.737987 0.217635 0.01690 0.97376 0.22694
0.180389 0.747931 0.138553 0.05968 0.98766 0.14477
0.128373 0.747286 0.159685 0.04242 0.98512 0.16655
0.154293 0.751626 0.122258 0.05088 0.99055 0.12733
0.025519 0.755543 0.121669 0.00841 0.99197 0.12618
0.076776 0.750010 0.153905 0.02530 0.98680 0.15998
0.025548 0.751828 0.147948 0.00841 0.98809 0.15367
0.051112 0.756495 0.111178 0.01680 0.99318 0.11535
0.051190 0.748846 0.164106 0.01685 0.98519 0.17062
0.102737 0.727929 0.252020 0.03407 0.96399 0.26375
0.102739 0.741117 0.197472 0.03395 0.97798 0.20593
0.076889 0.733237 0.234876 0.02543 0.96911 0.24531
0.076943 0.739713 0.207585 0.02540 0.97596 0.21646
0.102546 0.757412 0.090018 0.03369 0.99505 0.09346
0.102666 0.750877 0.143423 0.03379 0.98823 0.14918
0.128325 0.754783 0.106067 0.04225 0.99300 0.11029
0.076810 0.757120 0.100613 0.02523 0.99421 0.10442
0.128394 0.751411 0.132938 0.04231 0.98948 0.13833
0.076843 0.753936 0.127319 0.02527 0.99090 0.13223
0.207691 0.751435 -0.095894 0.06876 0.99260 -0.10013
0.208853 0.755639 -0.032000 0.06907 0.99705 -0.03338
0.181180 0.754635 -0.079730 0.05976 0.99475 -0.08304
0.207691 0.751435 0.095894 0.06876 0.99260 0.10013
0.208853 0.755639 0.032000 0.06907 0.99705 0.03338
0.181180 0.754635 0.079730 0.05976 0.99475 0.08304
0.128769 0.759448 -0.047691 0.04231 0.99788 -0.04947
0.182068 0.757768 -0.016090 0.05998 0.99806 -0.01668
0.154839 0.757304 -0.063644 0.05100 0.99650 -0.06618
0.128901 0.760493 -0.015925 0.04239 0.99896 -0.01652
0.181772 0.756724 -0.047893 0.05993 0.99696 -0.04988
0.128769 0.759448 0.047691 0.04231 0.99788 0.04947
0.182068 0.757768 0.016090 0.05998 0.99806 0.01668
0.154839 0.757304 0.063644 0.05100 0.99650 0.06618
0.128901 0.760493 0.015925 0.04239 0.99896 0.01652
0.181772 0.756724 0.047893 0.05993 0.99696 0.04988
0.155443 0.759383 0.000000 0.05116 0.99869 -0.00000
0.208648 0.700510 0.320389 0.06986 0.93815 0.33912
0.209245 0.718210 0.266064 0.06972 0.95737 0.28031
0.235068 0.701797 0.310895 0.07887 0.94089 0.32940
0.181848 0.708319 0.303376 0.06074 0.94547 0.32001
0.207640 0.743503 0.155593 0.06870 0.98427 0.16279
0.208900 0.732526 0.211068 0.06933 0.97269 0.22150
0.234176 0.738622 0.172210 0.07779 0.98046 0.18068
0.181221 0.743411 0.166232 0.05996 0.98297 0.17372
0.288657 0.703535 0.291008 0.09716 0.94602 0.30921
0.235397 0.719078 0.255990 0.07864 0.95966 0.26994
0.261765 0.702813 0.301089 0.08794 0.94351 0.31945
0.288845 0.712212 0.262876 0.09697 0.95547 0.27870
0.235356 0.710878 0.283508 0.07878 0.95078 0.29969
0.129012 0.721981 0.269263 0.04284 0.95834 0.28240
0.182288 0.724835 0.249057 0.06060 0.96330 0.26151
0.155281 0.715474 0.286317 0.05172 0.95218 0.30113
0.129084 0.729557 0.242029 0.04280 0.96642 0.25336
0.182192 0.717006 0.276273 0.06071 0.95486 0.29078
0.288090 0.726919 0.206041 0.09635 0.97127 0.21762
0.235247 0.726490 0.228020 0.07843 0.96758 0.24008
0.261016 0.733100 0.189040 0.08697 0.97615 0.19893
0.288660 0.720015 0.234504 0.09670 0.96389 0.24812
0.234821 0.732973 0.200201 0.07813 0.97450 0.21034
0.261861 0.719712 0.245382 0.08758 0.96185 0.25917
0.128914 0.742221 0.187094 0.04256 0.97983 0.19524
0.182192 0.731902 0.221383 0.06045 0.97081 0.23212
0.154954 0.742979 0.176748 0.05123 0.98149 0.18452
0.129057 0.736312 0.214591 0.04271 0.97359 0.22426
0.181817 0.738062 0.193890 0.06025 0.97735 0.20289
0.155595 0.730887 0.231802 0.05160 0.96870 0.24280
0.887444 0.384876 0.548470 0.35723 0.61922 0.69925
0.830168 0.449906 0.513072 0.32395 0.70195 0.63429
0.903765 0.406177 0.519850 0.36482 0.65452 0.66220
0.840192 0.393453 0.564092 0.33366 0.62373 0.70685
0.706081 0.554620 0.436382 0.26070 0.81928 0.51070
0.769052 0.506306 0.475300 0.29151 0.76756 0.57085
0.931232 0.447054 0.458426 0.37568 0.71999 0.58350
0.842759 0.469491 0.483516 0.32922 0.73234 0.59606
0.918428 0.426965 0.489765 0.37073 0.68797 0.62390
0.873784 0.438995 0.501998 0.34691 0.69575 0.62896
0.748766 0.408112 0.591012 0.28935 0.62979 0.72086
0.784657 0.456338 0.528316 0.30274 0.70314 0.64338
0.793878 0.401185 0.578247 0.31081 0.62700 0.71433
0.812953 0.425987 0.546542 0.31821 0.66560 0.67507
0.458199 0.683268 0.283183 0.15709 0.93833 0.30799
0.518305 0.659142 0.320330 0.18027 0.91799 0.35326
0.488293 0.681869 0.271289 0.16854 0.94030 0.29568
0.451941 0.673147 0.315228 0.15570 0.92639 0.34287
0.642707 0.595626 0.397215 0.23194 0.86018 0.45420
0.579914 0.630185 0.358407 0.20515 0.89241 0.40190
0.550188 0.677634 0.246062 0.19174 0.94336 0.27075
0.550188 0.657131 0.308517 0.19283 0.91994 0.34137
0.518991 0.680002 0.258904 0.17993 0.94195 0.28348
0.519044 0.670072 0.289794 0.18044 0.93072 0.31812
0.437429 0.649670 0.377833 0.15141 0.89810 0.41291
0.510966 0.647353 0.352837 0.17859 0.90361 0.38934
0.445006 0.661923 0.346847 0.15365 0.91294 0.37805
0.481325 0.660813 0.333941 0.16695 0.91564 0.36569
0.962584 0.519042 0.321477 0.38500 0.82911 0.40540
0.875886 0.540326 0.353896 0.33911 0.83563 0.43213
0.957940 0.502571 0.357024 0.38434 0.80493 0.45208
0.922243 0.546168 0.301390 0.36145 0.85461 0.37283
0.712835 0.570486 0.405962 0.26302 0.84106 0.47268
0.792529 0.557208 0.381834 0.29880 0.83930 0.45419
0.745608 0.548306 0.425544 0.27874 0.81860 0.50218
0.942281 0.466568 0.425489 0.37964 0.75039 0.54110
0.870441 0.524054 0.387521 0.33797 0.81249 0.47500
0.951138 0.485029 0.391792 0.38254 0.77872 0.49725
0.897532 0.478116 0.439641 0.35549 0.75604 0.54957
0.913733 0.513925 0.372878 0.36037 0.80916 0.46411
0.840805 0.593040 0.262076 0.31776 0.89512 0.31271
0.837851 0.565057 0.333568 0.31889 0.85888 0.40080
0.881498 0.570805 0.281534 0.33902 0.87650 0.34179
0.879614 0.556174 0.318086 0.33951 0.85708 0.38749
0.810673 0.498017 0.464374 0.31186 0.76481 0.56375
0.827624 0.533139 0.401273 0.31693 0.81509 0.48495
0.778320 0.524157 0.445075 0.29500 0.79338 0.53247
0.853582 0.488574 0.452592 0.33292 0.76079 0.55710
0.786177 0.541168 0.413844 0.29724 0.81711 0.49394
0.862849 0.506811 0.420514 0.33585 0.78760 0.51662
0.578480 0.429534 0.630948 0.21479 0.63744 0.73996
0.611960 0.475856 0.576546 0.22636 0.70355 0.67363
0.619325 0.425035 0.622480 0.23205 0.63589 0.73607
0.553609 0.457076 0.613269 0.20372 0.67169 0.71227
0.664587 0.558081 0.451166 0.24347 0.81737 0.52214
0.640849 0.518932 0.516450 0.23595 0.76386 0.60070
0.695040 0.535597 0.470715 0.25788 0.79350 0.55123
0.704210 0.414425 0.602666 0.26909 0.63217 0.72660
0.653314 0.471832 0.566282 0.24402 0.70361 0.66737
0.661291 0.420008 0.613069 0.25004 0.63417 0.73165
0.722768 0.438689 0.573261 0.27589 0.66861 0.69054
0.636910 0.448840 0.595116 0.23826 0.67044 0.70267
0.502980 0.507378 0.575869 0.18169 0.73208 0.65655
0.584631 0.501588 0.557602 0.21417 0.73388 0.64464
0.528363 0.483053 0.594839 0.19262 0.70319 0.68441
0.569683 0.479750 0.586091 0.20918 0.70345 0.67926
0.755116 0.484957 0.509329 0.28743 0.73687 0.61189
0.668662 0.494220 0.535615 0.24922 0.73541 0.63013
0.725326 0.511212 0.490171 0.27247 0.76683 0.58115
0.739804 0.462277 0.542078 0.28203 0.70363 0.65220
0.682526 0.515404 0.503872 0.25383 0.76539 0.59140
0.695956 0.467425 0.554716 0.26245 0.70378 0.66016
0.681495 0.662141 0.188799 0.24391 0.94607 0.21320
0.685298 0.643116 0.255790 0.24677 0.92447 0.29062
0.647823 0.667014 0.203985 0.22997 0.94595 0.22869
0.720349 0.647574 0.206294 0.26074 0.93618 0.23577
0.678923 0.591556 0.385681 0.24766 0.86120 0.44384
0.684473 0.619540 0.321655 0.24807 0.89621 0.36779
0.646360 0.610170 0.366189 0.23300 0.87865 0.41677
0.717196 0.586133 0.374068 0.26385 0.86120 0.43442
0.582315 0.674698 0.232506 0.20402 0.94454 0.25733
0.650613 0.647606 0.269732 0.23231 0.92384 0.30422
0.614720 0.671184 0.218568 0.21675 0.94541 0.24335
0.583091 0.665157 0.264484 0.20490 0.93375 0.29348
0.649761 0.657857 0.237001 0.23134 0.93568 0.26643
0.799977 0.613270 0.242886 0.29762 0.91105 0.28532
0.722850 0.626549 0.274445 0.26335 0.91157 0.31573
0.759922 0.631319 0.224350 0.27865 0.92460 0.25973
0.800458 0.601058 0.278422 0.29884 0.89611 0.32815
0.722205 0.637646 0.240540 0.26225 0.92477 0.27574
0.582040 0.642805 0.327631 0.20572 0.90775 0.36562
0.650288 0.636147 0.302502 0.23293 0.91035 0.34207
0.614003 0.627235 0.346803 0.21909 0.89406 0.39072
0.582995 0.654511 0.296259 0.20546 0.92147 0.32966
0.648897 0.623703 0.334546 0.23317 0.89529 0.37959
0.616512 0.651350 0.283322 0.21863 0.92279 0.31727
0.796487 0.572994 0.348176 0.29942 0.86007 0.41306
0.722179 0.614153 0.308370 0.26398 0.89653 0.35574
0.756440 0.579967 0.361565 0.28113 0.86082 0.42421
0.799287 0.587603 0.313614 0.29944 0.87909 0.37086
0.720325 0.600719 0.341458 0.26414 0.87975 0.39530
0.760852 0.608070 0.293861 0.28091 0.89654 0.34249
0.400719 0.590277 0.495680 0.14027 0.82471 0.54789
0.474551 0.588859 0.476832 0.16761 0.83011 0.53181
0.410784 0.606549 0.467406 0.14331 0.84527 0.51477
0.426106 0.571715 0.516097 0.15019 0.80481 0.57421
0.632450 0.579857 0.430556 0.22938 0.83922 0.49304
0.551639 0.585523 0.455299 0.19713 0.83501 0.51371
0.601928 0.598878 0.411002 0.21598 0.85828 0.46553
0.622484 0.561927 0.463945 0.22628 0.81573 0.53234
0.429124 0.636207 0.408590 0.14893 0.88180 0.44749
0.484609 0.604986 0.447156 0.17066 0.85083 0.49696
0.420271 0.621893 0.438312 0.14621 0.86421 0.48141
0.465668 0.635523 0.397115 0.16230 0.88474 0.43692
0.447366 0.605984 0.457604 0.15673 0.84809 0.50614
0.477166 0.530453 0.556166 0.17093 0.75863 0.62870
0.501739 0.569469 0.497390 0.17867 0.80971 0.55897
0.451649 0.551762 0.536315 0.16041 0.78276 0.60130
0.516652 0.528400 0.547408 0.18614 0.76021 0.62245
0.463558 0.570833 0.507040 0.16414 0.80734 0.56679
0.541261 0.632459 0.372200 0.19066 0.89010 0.41397
0.523096 0.603491 0.435849 0.18517 0.85347 0.48714
0.571459 0.616407 0.391501 0.20313 0.87508 0.43929
0.503084 0.634289 0.384986 0.17622 0.88751 0.42575
0.562011 0.601481 0.423873 0.20025 0.85595 0.47671
0.494279 0.620131 0.416499 0.17357 0.86988 0.46171
0.598595 0.522830 0.527401 0.21870 0.76292 0.60838
0.541309 0.567547 0.486931 0.19387 0.81193 0.55063
0.611162 0.542862 0.496308 0.22276 0.79018 0.57096
0.557177 0.525872 0.537829 0.20207 0.76165 0.61568
0.581339 0.565064 0.475860 0.20970 0.81394 0.54178
0.529464 0.548510 0.517692 0.19021 0.78690 0.58704
0.433875 0.702024 -0.232753 0.14764 0.95674 -0.25070
0.442112 0.715353 -0.167275 0.15002 0.97222 -0.17969
0.462996 0.700551 -0.220283 0.15850 0.95822 -0.23811
0.404409 0.710833 -0.215029 0.13719 0.96340 -0.23029
0.450399 0.728762 -0.033660 0.15238 0.98766 -0.03609
0.447632 0.724283 -0.100775 0.15160 0.98252 -0.10806
0.522705 0.696213 -0.193832 0.18053 0.96060 -0.21132
0.470815 0.713184 -0.153659 0.16079 0.97299 -0.16563
0.492645 0.698622 -0.207305 0.16934 0.95953 -0.22502
0.467258 0.707435 -0.187091 0.15973 0.96628 -0.20198
0.346742 0.725930 -0.180253 0.11649 0.97462 -0.19118
0.411837 0.722852 -0.150036 0.13933 0.97720 -0.16020
0.375325 0.718795 -0.197501 0.12670 0.96935 -0.21049
0.408456 0.717386 -0.182626 0.13837 0.97092 -0.19535
0.433875 0.702024 0.232753 0.14764 0.95674 0.25070
0.442112 0.715353 0.167275 0.15002 0.97222 0.17969
0.462996 0.700551 0.220283 0.15850 0.95822 0.23811
0.404409 0.710833 0.215029 0.13719 0.96340 0.23029
0.450399 0.728762 0.033660 0.15238 0.98766 0.03609
0.447632 0.724283 0.100775 0.15160 0.98252 0.10806
0.522705 0.696213 0.193832 0.18053 0.96060 0.21132
0.470815 0.713184 0.153659 0.16079 0.97299 0.16563
0.492645 0.698622 0.207305 0.16934 0.95953 0.22502
0.467258 0.707435 0.187091 0.15973 0.96628 0.20198
0.346742 0.725930 0.180253 0.11649 0.97462 0.19118
0.411837 0.722852 0.150036 0.13933 0.97720 0.16020
0.375325 0.718795 0.197501 0.12670 0.96935 0.21049
0.408456 0.717386 0.182626 0.13837 0.97092 0.19535
0.648524 0.680728 -0.133904 0.22949 0.96178 -0.14934
0.590458 0.699066 -0.093112 0.20588 0.97322 -0.10226
0.616388 0.685557 -0.149803 0.21650 0.96204 -0.16614
0.652597 0.684802 -0.095984 0.23070 0.96711 -0.10711
0.478016 0.724798 -0.017673 0.16296 0.98645 -0.01878
0.533574 0.713575 -0.054406 0.18377 0.98120 -0.05890
0.477291 0.723626 -0.051760 0.16262 0.98511 -0.05570
0.553627 0.693230 -0.179683 0.19214 0.96140 -0.19694
0.560084 0.703471 -0.109123 0.19400 0.97371 -0.11937
0.584707 0.689713 -0.165068 0.20411 0.96189 -0.18193
0.526740 0.702343 -0.159315 0.18168 0.96793 -0.17351
0.588091 0.695021 -0.129187 0.20509 0.96835 -0.14227
0.656701 0.688907 -0.019374 0.23201 0.97247 -0.02154
0.592991 0.701647 -0.056096 0.20654 0.97650 -0.06164
0.655331 0.687536 -0.057726 0.23159 0.97068 -0.06442
0.622583 0.693734 -0.075753 0.21841 0.97224 -0.08390
0.473705 0.717834 -0.119692 0.16162 0.97839 -0.12900
0.532011 0.711076 -0.089408 0.18321 0.97825 -0.09727
0.475850 0.721301 -0.085823 0.16221 0.98242 -0.09237
0.500052 0.710535 -0.139297 0.17149 0.97357 -0.15084
0.504539 0.717741 -0.070358 0.17276 0.98202 -0.07608
0.529850 0.707307 -0.124444 0.18257 0.97382 -0.13542
0.235870 0.747461 -0.113043 0.07806 0.98993 -0.11808
0.295188 0.745327 -0.082725 0.09815 0.99139 -0.08670
0.262963 0.743078 -0.129504 0.08741 0.98686 -0.13592
0.236737 0.750681 -0.080898 0.07842 0.99333 -0.08458
0.418658 0.733924 -0.017466 0.14119 0.98981 -0.01827
0.356015 0.740922 -0.050950 0.11910 0.99144 -0.05356
0.417967 0.732805 -0.050646 0.14112 0.98852 -0.05401
0.318234 0.732388 -0.163000 0.10653 0.97928 -0.17225
0.323465 0.740795 -0.099161 0.10807 0.98863 -0.10458
0.290452 0.738058 -0.146179 0.09685 0.98333 -0.15389
0.349850 0.731277 -0.148135 0.11743 0.98060 -0.15696
0.293049 0.742212 -0.114483 0.09762 0.98791 -0.12044
0.237607 0.753909 -0.016341 0.07867 0.99676 -0.01700
0.295769 0.747577 -0.049833 0.09845 0.99377 -0.05229
0.237318 0.752833 -0.048600 0.07856 0.99561 -0.05081
0.266132 0.749403 -0.065528 0.08832 0.99372 -0.06867
0.414563 0.727293 -0.116818 0.14011 0.98224 -0.12476
0.354678 0.738764 -0.083293 0.11881 0.98899 -0.08817
0.416601 0.730590 -0.083835 0.14073 0.98600 -0.08939
0.381995 0.729591 -0.132731 0.12863 0.98160 -0.14112
0.386024 0.736126 -0.067205 0.12982 0.98897 -0.07135
0.352497 0.735564 -0.115749 0.11821 0.98540 -0.12256
0.648524 0.680728 0.133904 0.22949 0.96178 0.14934
0.590458 0.699066 0.093112 0.20588 0.97322 0.10226
0.616388 0.685557 0.149803 0.21650 0.96204 0.16614
0.652597 0.684802 0.095984 0.23070 0.96711 0.10711
0.478016 0.724798 0.017673 0.16296 0.98645 0.01878
0.533574 0.713575 0.054406 0.18377 0.98120 0.05890
0.477291 0.723626 0.051760 0.16262 0.98511 0.05570
0.506066 0.720193 0.000000 0.17322 0.98488 0.00000
0.553627 0.693230 0.179683 0.19214 0.96140 0.19694
0.560084 0.703471 0.109123 0.19400 0.97371 0.11937
0.584707 0.689713 0.165068 0.20411 0.96189 0.18193
0.526740 0.702343 0.159315 0.18168 0.96793 0.17351
0.588091 0.695021 0.129187 0.20509 0.96835 0.14227
0.656701 0.688907 0.019374 0.23201 0.97247 0.02154
0.592991 0.701647 0.056096 0.20654 0.97650 0.06164
0.655331 0.687536 0.057726 0.23159 0.97068 0.06442
0.625223 0.696403 0.000000 0.21925 0.97567 -0.00000
0.622583 0.693734 0.075753 0.21841 0.97224 0.08390
0.473705 0.717834 0.119692 0.16162 0.97839 0.12900
0.532011 0.711076 0.089408 0.18321 0.97825 0.09727
0.475850 0.721301 0.085823 0.16221 0.98242 0.09237
0.500052 0.710535 0.139297 0.17149 0.97357 0.15084
0.504539 0.717741 0.070358 0.17276 0.98202 0.07608
0.529850 0.707307 0.124444 0.18257 0.97382 0.13542
0.563408 0.708715 -0.036793 0.19502 0.97997 -0.04021
0.563408 0.708715 0.036793 0.19502 0.97997 0.04021
0.534576 0.714843 -0.018169 0.18393 0.98274 -0.01973
0.594068 0.702992 -0.018735 0.20691 0.97814 -0.02059
0.534576 0.714843 0.018169 0.18393 0.98274 0.01973
0.594068 0.702992 0.018735 0.20691 0.97814 0.02059
0.235870 0.747461 0.113043 0.07806 0.98993 0.11808
0.295188 0.745327 0.082725 0.09815 0.99139 0.08670
0.262963 0.743078 0.129504 0.08741 0.98686 0.13592
0.236737 0.750681 0.080898 0.07842 0.99333 0.08458
0.418658 0.733924 0.017466 0.14119 0.98981 0.01827
0.356015 0.740922 0.050950 0.11910 0.99144 0.05356
0.417967 0.732805 0.050646 0.14112 0.98852 0.05401
0.387403 0.738365 0.000000 0.13021 0.99149 0.00000
0.318234 0.732388 0.163000 0.10653 0.97928 0.17225
0.323465 0.740795 0.099161 0.10807 0.98863 0.10458
0.290452 0.738058 0.146179 0.09685 0.98333 0.15389
0.349850 0.731277 0.148135 0.11743 0.98060 0.15696
0.293049 0.742212 0.114483 0.09762 0.98791 0.12044
0.237607 0.753909 0.016341 0.07867 0.99676 0.01700
0.295769 0.747577 0.049833 0.09845 0.99377 0.05229
0.237318 0.752833 0.048600 0.07856 0.99561 0.05081
0.266715 0.751611 0.000000 0.08848 0.99608 0.00000
0.266132 0.749403 0.065528 0.08832 0.99372 0.06867
0.414563 0.727293 0.116818 0.14011 0.98224 0.12476
0.354678 0.738764 0.083293 0.11881 0.98899 0.08817
0.416601 0.730590 0.083835 0.14073 0.98600 0.08939
0.381995 0.729591 0.132731 0.12863 0.98160 0.14112
0.386024 0.736126 0.067205 0.12982 0.98897 0.07135
0.352497 0.735564 0.115749 0.11821 0.98540 0.12256
0.326140 0.745133 -0.033537 0.10881 0.99343 -0.03534
0.326140 0.745133 0.033537 0.10881 0.99343 0.03534
0.356522 0.742090 -0.017018 0.11939 0.99269 -0.01797
0.296263 0.748693 -0.016646 0.09854 0.99498 -0.01746
0.356522 0.742090 0.017018 0.11939 0.99269 0.01797
0.296263 0.748693 0.016646 0.09854 0.99498 0.01746
1.005564 -0.574381 0.000000 0.40128 -0.91596 0.00000
1.098284 -0.530233 0.000000 0.46026 -0.88778 0.00000
1.018768 -0.567509 0.038395 0.40965 -0.91094 0.04865
1.018768 -0.567509 -0.038395 0.40965 -0.91094 -0.04865
1.283728 -0.413176 0.000000 0.61415 -0.78919 0.00000
1.192050 -0.476925 0.000000 0.53048 -0.84769 0.00000
1.039071 -0.549610 0.116457 0.42327 -0.89356 0.14968
1.111789 -0.521910 0.040473 0.47027 -0.88087 0.05397
1.030010 -0.559241 0.077319 0.41690 -0.90358 0.09864
1.065095 -0.545773 0.039429 0.43865 -0.89720 0.05115
1.039071 -0.549610 -0.116457 0.42327 -0.89356 -0.14968
1.111789 -0.521910 -0.040473 0.47027 -0.88087 -0.05397
1.030010 -0.559241 -0.077319 0.41690 -0.90358 -0.09864
1.065095 -0.545773 -0.039429 0.43865 -0.89720 -0.05115
1.523056 -0.052716 0.000000 0.99059 -0.13689 -0.00000
1.494608 -0.155693 0.000000 0.92360 -0.38336 0.00000
1.368751 -0.338133 0.000000 0.71225 -0.70192 -0.00000
1.441224 -0.251837 0.000000 0.82053 -0.57160 -0.00000
1.052057 -0.497144 0.272904 0.43755 -0.82470 0.35836
1.140636 -0.473355 0.205528 0.49620 -0.82104 0.28229
1.052509 -0.512208 0.234376 0.43575 -0.84643 0.30606
1.296673 -0.400964 0.044879 0.62881 -0.77451 0.06884
1.223826 -0.441641 0.129349 0.56079 -0.80653 0.18713
1.251910 -0.435164 0.043817 0.58379 -0.80936 0.06432
1.046036 -0.538420 0.156127 0.42864 -0.88068 0.20166
1.137608 -0.487620 0.164543 0.49188 -0.84130 0.22422
1.050472 -0.526007 0.195332 0.43280 -0.86501 0.25387
1.085312 -0.526201 0.119806 0.45337 -0.87724 0.15780
1.095630 -0.500838 0.200503 0.46315 -0.84500 0.26734
1.159160 -0.495399 0.041640 0.50495 -0.86125 0.05715
1.178312 -0.472257 0.126142 0.52186 -0.83464 0.17617
1.205820 -0.466649 0.042719 0.54268 -0.83776 0.06054
1.123229 -0.511893 0.081576 0.47892 -0.87098 0.10966
1.216501 -0.454856 0.085977 0.55265 -0.82428 0.12304
1.131907 -0.500434 0.123065 0.48621 -0.85781 0.16664
1.052057 -0.497144 -0.272904 0.43755 -0.82470 -0.35836
1.140636 -0.473355 -0.205528 0.49620 -0.82104 -0.28229
1.052509 -0.512208 -0.234376 0.43575 -0.84643 -0.30606
1.296673 -0.400964 -0.044879 0.62881 -0.77451 -0.06884
1.223826 -0.441641 -0.129349 0.56079 -0.80653 -0.18713
1.251910 -0.435164 -0.043817 0.58379 -0.80936 -0.06432
1.046036 -0.538420 -0.156127 0.42864 -0.88068 -0.20166
1.137608 -0.487620 -0.164543 0.49188 -0.84130 -0.22422
1.050472 -0.526007 -0.195332 0.43280 -0.86501 -0.25387
1.085312 -0.526201 -0.119806 0.45337 -0.87724 -0.15780
1.095630 -0.500838 -0.200503 0.46315 -0.84500 -0.26734
1.159160 -0.495399 -0.041640 0.50495 -0.86125 -0.05715
1.178312 -0.472257 -0.126142 0.52186 -0.83464 -0.17617
1.205820 -0.466649 -0.042719 0.54268 -0.83776 -0.06054
1.123229 -0.511893 -0.081576 0.47892 -0.87098 -0.10966
1.216501 -0.454856 -0.085977 0.55265 -0.82428 -0.12304
1.131907 -0.500434 -0.123065 0.48621 -0.85781 -0.16664
1.005564 0.574381 0.000000 0.40128 0.91596 0.00000
1.098284 0.530233 0.000000 0.46026 0.88778 0.00000
1.018768 0.567509 0.038395 0.40965 0.91094 0.04865
1.018768 0.567509 -0.038395 0.40965 0.91094 -0.04865
1.283728 0.413176 0.000000 0.61415 0.78919 0.00000
1.192050 0.476925 0.000000 0.53048 0.84769 0.00000
1.039071 0.549610 0.116457 0.42327 0.89356 0.14968
1.111789 0.521910 0.040473 0.47027 0.88087 0.05397
1.030010 0.559241 0.077319 0.41690 0.90358 0.09864
1.065095 0.545773 0.039429 0.43865 0.89720 0.05115
1.039071 0.549610 -0.116457 0.42327 0.89356 -0.14968
1.111789 0.521910 -0.040473 0.47027 0.88087 -0.05397
1.030010 0.559241 -0.077319 0.41690 0.90358 -0.09864
1.065095 0.545773 -0.039429 0.43865 0.89720 -0.05115
1.523056 0.052716 0.000000 0.99059 0.13689 0.00000
1.494608 0.155693 0.000000 0.92360 0.38336 0.00000
1.368751 0.338133 0.000000 0.71225 0.70192 0.00000
1.441224 0.251837 0.000000 0.82053 0.57160 0.00000
1.052057 0.497144 0.272904 0.43755 0.82470 0.35836
1.140636 0.473355 0.205528 0.49620 0.82104 0.28229
1.052509 0.512208 0.234376 0.43575 0.84643 0.30606
1.296673 0.400964 0.044879 0.62881 0.77451 0.06884
1.223826 0.441641 0.129349 0.56079 0.80653 0.18713
1.251910 0.435164 0.043817 0.58379 0.80936 0.06432
1.046036 0.538420 0.156127 0.42864 0.88068 0.20166
1.137608 0.487620 0.164543 0.49188 0.84130 0.22422
1.050472 0.526007 0.195332 0.43280 0.86501 0.25387
1.085312 0.526201 0.119806 0.45337 0.87724 0.15780
1.095630 0.500838 0.200503 0.46315 0.84500 0.26734
1.159160 0.495399 0.041640 0.50495 0.86125 0.05715
1.178312 0.472257 0.126142 0.52186 0.83464 0.17617
1.205820 0.466649 0.042719 0.54268 0.83776 0.06054
1.123229 0.511893 0.081576 0.47892 0.87098 0.10966
1.216501 0.454856 0.085977 0.55265 0.82428 0.12304
1.131907 0.500434 0.123065 0.48621 0.85781 0.16664
1.052057 0.497144 -0.272904 0.43755 0.82470 -0.35836
1.140636 0.473355 -0.205528 0.49620 0.82104 -0.28229
1.052509 0.512208 -0.234376 0.43575 0.84643 -0.30606
1.296673 0.400964 -0.044879 0.62881 0.77451 -0.06884
1.223826 0.441641 -0.129349 0.56079 0.80653 -0.18713
1.251910 0.435164 -0.043817 0.58379 0.80936 -0.06432
1.046036 0.538420 -0.156127 0.42864 0.88068 -0.20166
1.137608 0.487620 -0.164543 0.49188 0.84130 -0.22422
1.050472 0.526007 -0.195332 0.43280 0.86501 -0.25387
1.085312 0.526201 -0.119806 0.45337 0.87724 -0.15780
1.095630 0.500838 -0.200503 0.46315 0.84500 -0.26734
1.159160 0.495399 -0.041640 0.50495 0.86125 -0.05715
1.178312 0.472257 -0.126142 0.52186 0.83464 -0.17617
1.205820 0.466649 -0.042719 0.54268 0.83776 -0.06054
1.123229 0.511893 -0.081576 0.47892 0.87098 -0.10966
1.216501 0.454856 -0.085977 0.55265 0.82428 -0.12304
1.131907 0.500434 -0.123065 0.48621 0.85781 -0.16664
0.962756 -0.338199 0.547218 0.40221 -0.56205 0.72272
1.062672 -0.312876 0.506243 0.46436 -0.54343 0.69932
0.981338 -0.360491 0.517981 0.41090 -0.60245 0.68426
0.987748 -0.298796 0.561952 0.41973 -0.50653 0.75316
1.262759 -0.244915 0.396281 0.62315 -0.47910 0.61818
1.163759 -0.282055 0.456374 0.53741 -0.51711 0.66618
1.012820 -0.403499 0.454814 0.42508 -0.67588 0.60207
1.081477 -0.335571 0.474235 0.47431 -0.58718 0.65593
0.998095 -0.382334 0.487108 0.41855 -0.63988 0.64449
1.031207 -0.348664 0.497156 0.44133 -0.59551 0.67126
1.029716 -0.213729 0.586669 0.45121 -0.37335 0.81057
1.088366 -0.270248 0.519861 0.48521 -0.48031 0.73067
1.010242 -0.257179 0.575199 0.43618 -0.44302 0.78325
1.037901 -0.285180 0.541949 0.45112 -0.49448 0.74295
1.522719 -0.031453 0.050893 0.99134 -0.07681 0.10648
1.491667 -0.092818 0.150183 0.92818 -0.22536 0.29614
1.514787 -0.083838 0.050688 0.97150 -0.21386 0.10227
1.354811 -0.200880 0.325031 0.72202 -0.42310 0.54742
1.433519 -0.149909 0.242559 0.82882 -0.34116 0.44347
1.478426 -0.185233 0.049758 0.89084 -0.44440 0.09440
1.475861 -0.143630 0.148963 0.89403 -0.34640 0.28410
1.499844 -0.135358 0.050297 0.93661 -0.33615 0.09882
1.498862 -0.114292 0.100587 0.93802 -0.28447 0.19799
1.049256 -0.479894 0.312522 0.43802 -0.79952 0.41098
1.132534 -0.419553 0.329955 0.49836 -0.73655 0.45731
1.043736 -0.462373 0.349600 0.43674 -0.77217 0.46152
1.095518 -0.469215 0.281254 0.46745 -0.79889 0.37850
1.280425 -0.267955 0.357587 0.63643 -0.53082 0.55963
1.211086 -0.348959 0.345375 0.56552 -0.64977 0.50792
1.232204 -0.287289 0.390664 0.59094 -0.54940 0.59072
1.025480 -0.424177 0.420750 0.43031 -0.71027 0.55709
1.123781 -0.400063 0.367881 0.49490 -0.70278 0.51105
1.035783 -0.443735 0.385781 0.43421 -0.74242 0.51017
1.062473 -0.392157 0.430897 0.45617 -0.67183 0.58357
1.084256 -0.432417 0.358973 0.46505 -0.74016 0.48569
1.185919 -0.442290 0.211914 0.53230 -0.79169 0.29982
1.180637 -0.405673 0.296917 0.53407 -0.73177 0.42342
1.141289 -0.456719 0.247696 0.49890 -0.79655 0.34149
1.138589 -0.438715 0.289317 0.49965 -0.76815 0.40037
1.132359 -0.320961 0.448772 0.51018 -0.57701 0.63779
1.162262 -0.364794 0.376356 0.52620 -0.65899 0.53744
1.182593 -0.304947 0.421056 0.54898 -0.56459 0.61633
1.098294 -0.357707 0.440315 0.48294 -0.62758 0.61067
1.198458 -0.327341 0.383948 0.55840 -0.60824 0.56412
1.112467 -0.379289 0.404762 0.48985 -0.66633 0.56218
1.071352 -0.025496 0.611140 0.48568 -0.04523 0.87297
1.154533 -0.079392 0.554756 0.54514 -0.14851 0.82509
1.067005 -0.073744 0.608583 0.48164 -0.13281 0.86625
1.287446 -0.194709 0.406268 0.65264 -0.39224 0.64823
1.228249 -0.136325 0.486451 0.60308 -0.26585 0.75208
1.239422 -0.216007 0.438610 0.60562 -0.42061 0.67550
1.046062 -0.168019 0.596263 0.46417 -0.29756 0.83427
1.144531 -0.129042 0.549484 0.53510 -0.24071 0.80977
1.058493 -0.121461 0.603580 0.47444 -0.21709 0.85310
1.079872 -0.196456 0.565393 0.48498 -0.35185 0.80063
1.106869 -0.101052 0.580441 0.50854 -0.18514 0.84090
1.139568 -0.253622 0.495161 0.52233 -0.46356 0.71574
1.179896 -0.157939 0.515196 0.56074 -0.29922 0.77204
1.189842 -0.235659 0.468245 0.56238 -0.44394 0.69760
1.111247 -0.225106 0.531631 0.50457 -0.40753 0.76114
1.211567 -0.186879 0.478365 0.58455 -0.35940 0.72742
1.130156 -0.177843 0.541594 0.52152 -0.32726 0.78798
1.341471 -0.362110 0.046302 0.67852 -0.73085 0.07396
1.356053 -0.327918 0.139853 0.70069 -0.67607 0.22795
1.381614 -0.322060 0.047281 0.73047 -0.67840 0.07869
1.307664 -0.385635 0.090655 0.64157 -0.75415 0.14013
1.328263 -0.246058 0.320356 0.68602 -0.50711 0.52175
1.351585 -0.288815 0.232182 0.70354 -0.59981 0.38113
1.371564 -0.223096 0.281553 0.73761 -0.47794 0.47698
1.295953 -0.289784 0.315914 0.64760 -0.57717 0.49748
1.450823 -0.233633 0.049004 0.83861 -0.53737 0.08922
1.392779 -0.285805 0.142574 0.75125 -0.61392 0.24233
1.418396 -0.279117 0.048199 0.78427 -0.61472 0.08387
1.455108 -0.213850 0.098314 0.84898 -0.49661 0.18058
1.389710 -0.304548 0.094999 0.74359 -0.64920 0.16001
1.229287 -0.425598 0.173497 0.56755 -0.78362 0.25263
1.316550 -0.350798 0.182510 0.65672 -0.69737 0.28703
1.269963 -0.406804 0.133172 0.60412 -0.77149 0.19960
1.230583 -0.408243 0.217732 0.57156 -0.75609 0.31881
1.314361 -0.368848 0.136716 0.65115 -0.72835 0.21335
1.446194 -0.171880 0.195800 0.84357 -0.39904 0.35938
1.390775 -0.265648 0.190159 0.75289 -0.57284 0.32405
1.411227 -0.198314 0.239931 0.79058 -0.44244 0.42335
1.453562 -0.193162 0.147464 0.85071 -0.45000 0.27164
1.383642 -0.244791 0.236424 0.74820 -0.52723 0.40276
1.425576 -0.240741 0.145298 0.80193 -0.53916 0.25733
1.221631 -0.369514 0.304100 0.57061 -0.68844 0.44772
1.314215 -0.331278 0.228263 0.65809 -0.66128 0.36004
1.260126 -0.331037 0.310424 0.60863 -0.63737 0.47257
1.228031 -0.389471 0.261429 0.57263 -0.72419 0.38425
1.307291 -0.310993 0.272645 0.65500 -0.62099 0.43052
1.273647 -0.371192 0.223238 0.61369 -0.71306 0.33902
0.962756 -0.338199 -0.547218 0.40221 -0.56205 -0.72272
1.062672 -0.312876 -0.506243 0.46436 -0.54343 -0.69932
0.981338 -0.360491 -0.517981 0.41090 -0.60245 -0.68426
0.987748 -0.298796 -0.561952 0.41973 -0.50653 -0.75316
1.262759 -0.244915 -0.396281 0.62315 -0.47910 -0.61818
1.163759 -0.282055 -0.456374 0.53741 -0.51711 -0.66618
1.012820 -0.403499 -0.454814 0.42508 -0.67588 -0.60207
1.081477 -0.335571 -0.474235 0.47431 -0.58718 -0.65593
0.998095 -0.382334 -0.487108 0.41855 -0.63988 -0.64449
1.031207 -0.348664 -0.497156 0.44133 -0.59551 -0.67126
1.029716 -0.213729 -0.586669 0.45121 -0.37335 -0.81057
1.088366 -0.270248 -0.519861 0.48521 -0.48031 -0.73067
1.010242 -0.257179 -0.575199 0.43618 -0.44302 -0.78325
1.037901 -0.285180 -0.541949 0.45112 -0.49448 -0.74295
1.522719 -0.031453 -0.050893 0.99134 -0.07681 -0.10648
1.491667 -0.092818 -0.150183 0.92818 -0.22536 -0.29614
1.514787 -0.083838 -0.050688 0.97150 -0.21386 -0.10227
1.354811 -0.200880 -0.325031 0.72202 -0.42310 -0.54742
1.433519 -0.149909 -0.242559 0.82882 -0.34116 -0.44347
1.478426 -0.185233 -0.049758 0.89084 -0.44440 -0.09440
1.475861 -0.143630 -0.148963 0.89403 -0.34640 -0.28410
1.499844 -0.135358 -0.050297 0.93661 -0.33615 -0.09882
1.498862 -0.114292 -0.100587 0.93802 -0.28447 -0.19799
1.049256 -0.479894 -0.312522 0.43802 -0.79952 -0.41098
1.132534 -0.419553 -0.329955 0.49836 -0.73655 -0.45731
1.043736 -0.462373 -0.349600 0.43674 -0.77217 -0.46152
1.095518 -0.469215 -0.281254 0.46745 -0.79889 -0.37850
1.280425 -0.267955 -0.357587 0.63643 -0.53082 -0.55963
1.211086 -0.348959 -0.345375 0.56552 -0.64977 -0.50792
1.232204 -0.287289 -0.390664 0.59094 -0.54940 -0.59072
1.025480 -0.424177 -0.420750 0.43031 -0.71027 -0.55709
1.123781 -0.400063 -0.367881 0.49490 -0.70278 -0.51105
1.035783 -0.443735 -0.385781 0.43421 -0.74242 -0.51017
1.062473 -0.392157 -0.430897 0.45617 -0.67183 -0.58357
1.084256 -0.432417 -0.358973 0.46505 -0.74016 -0.48569
1.185919 -0.442290 -0.211914 0.53230 -0.79169 -0.29982
1.180637 -0.405673 -0.296917 0.53407 -0.73177 -0.42342
1.141289 -0.456719 -0.247696 0.49890 -0.79655 -0.34149
1.138589 -0.438715 -0.289317 0.49965 -0.76815 -0.40037
1.132359 -0.320961 -0.448772 0.51018 -0.57701 -0.63779
1.162262 -0.364794 -0.376356 0.52620 -0.65899 -0.53744
1.182593 -0.304947 -0.421056 0.54898 -0.56459 -0.61633
1.098294 -0.357707 -0.440315 0.48294 -0.62758 -0.61067
1.198458 -0.327341 -0.383948 0.55840 -0.60824 -0.56412
1.112467 -0.379289 -0.404762 0.48985 -0.66633 -0.56218
1.071352 -0.025496 -0.611140 0.48568 -0.04523 -0.87297
1.154533 -0.079392 -0.554756 0.54514 -0.14851 -0.82509
1.067005 -0.073744 -0.608583 0.48164 -0.13281 -0.86625
1.287446 -0.194709 -0.406268 0.65264 -0.39224 -0.64823
1.228249 -0.136325 -0.486451 0.60308 -0.26585 -0.75208
1.239422 -0.216007 -0.438610 0.60562 -0.42061 -0.67550
1.046062 -0.168019 -0.596263 0.46417 -0.29756 -0.83427
1.144531 -0.129042 -0.549484 0.53510 -0.24071 -0.80977
1.058493 -0.121461 -0.603580 0.47444 -0.21709 -0.85310
1.079872 -0.196456 -0.565393 0.48498 -0.35185 -0.80063
1.106869 -0.101052 -0.580441 0.50854 -0.18514 -0.84090
1.139568 -0.253622 -0.495161 0.52233 -0.46356 -0.71574
1.179896 -0.157939 -0.515196 0.56074 -0.29922 -0.77204
1.189842 -0.235659 -0.468245 0.56238 -0.44394 -0.69760
1.111247 -0.225106 -0.531631 0.50457 -0.40753 -0.76114
1.211567 -0.186879 -0.478365 0.58455 -0.35940 -0.72742
1.130156 -0.177843 -0.541594 0.52152 -0.32726 -0.78798
1.341471 -0.362110 -0.046302 0.67852 -0.73085 -0.07396
1.356053 -0.327918 -0.139853 0.70069 -0.67607 -0.22795
1.381614 -0.322060 -0.047281 0.73047 -0.67840 -0.07869
1.307664 -0.385635 -0.090655 0.64157 -0.75415 -0.14013
1.328263 -0.246058 -0.320356 0.68602 -0.50711 -0.52175
1.351585 -0.288815 -0.232182 0.70354 -0.59981 -0.38113
1.371564 -0.223096 -0.281553 0.73761 -0.47794 -0.47698
1.295953 -0.289784 -0.315914 0.64760 -0.57717 -0.49748
1.450823 -0.233633 -0.049004 0.83861 -0.53737 -0.08922
1.392779 -0.285805 -0.142574 0.75125 -0.61392 -0.24233
1.418396 -0.279117 -0.048199 0.78427 -0.61472 -0.08387
1.455108 -0.213850 -0.098314 0.84898 -0.49661 -0.18058
1.389710 -0.304548 -0.094999 0.74359 -0.64920 -0.16001
1.229287 -0.425598 -0.173497 0.56755 -0.78362 -0.25263
1.316550 -0.350798 -0.182510 0.65672 -0.69737 -0.28703
1.269963 -0.406804 -0.133172 0.60412 -0.77149 -0.19960
1.230583 -0.408243 -0.217732 0.57156 -0.75609 -0.31881
1.314361 -0.368848 -0.136716 0.65115 -0.72835 -0.21335
1.446194 -0.171880 -0.195800 0.84357 -0.39904 -0.35938
1.390775 -0.265648 -0.190159 0.75289 -0.57284 -0.32405
1.411227 -0.198314 -0.239931 0.79058 -0.44244 -0.42335
1.453562 -0.193162 -0.147464 0.85071 -0.45000 -0.27164
1.383642 -0.244791 -0.236424 0.74820 -0.52723 -0.40276
1.425576 -0.240741 -0.145298 0.80193 -0.53916 -0.25733
1.221631 -0.369514 -0.304100 0.57061 -0.68844 -0.44772
1.314215 -0.331278 -0.228263 0.65809 -0.66128 -0.36004
1.260126 -0.331037 -0.310424 0.60863 -0.63737 -0.47257
1.228031 -0.389471 -0.261429 0.57263 -0.72419 -0.38425
1.307291 -0.310993 -0.272645 0.65500 -0.62099 -0.43052
1.273647 -0.371192 -0.223238 0.61369 -0.71306 -0.33902
0.962756 0.338199 0.547218 0.40221 0.56205 0.72272
1.062672 0.312876 0.506243 0.46436 0.54343 0.69932
0.981338 0.360491 0.517981 0.41090 0.60245 0.68426
0.987748 0.298796 0.561952 0.41973 0.50653 0.75316
1.262759 0.244915 0.396281 0.62315 0.47910 0.61818
1.163759 0.282055 0.456374 0.53741 0.51711 0.66618
1.012820 0.403499 0.454814 0.42508 0.67588 0.60207
1.081477 0.335571 0.474235 0.47431 0.58718 0.65593
0.998095 0.382334 0.487108 0.41855 0.63988 0.64449
1.031207 0.348664 0.497156 0.44133 0.59551 0.67126
1.029716 0.213729 0.586669 0.45121 0.37335 0.81057
1.088366 0.270248 0.519861 0.48521 0.48031 0.73067
1.010242 0.257179 0.575199 0.43618 0.44302 0.78325
1.037901 0.285180 0.541949 0.45112 0.49448 0.74295
1.522719 0.031453 0.050893 0.99134 0.07681 0.10648
1.491667 0.092818 0.150183 0.92818 0.22536 0.29614
1.514787 0.083838 0.050688 0.97150 0.21386 0.10227
1.516001 0.000000 0.101493 0.97854 0.00000 0.20606
1.354811 0.200880 0.325031 0.72202 0.42310 0.54742
1.433519 0.149909 0.242559 0.82882 0.34116 0.44347
1.478426 0.185233 0.049758 0.89084 0.44440 0.09440
1.475861 0.143630 0.148963 0.89403 0.34640 0.28410
1.499844 0.135358 0.050297 0.93661 0.33615 0.09882
1.498862 0.114292 0.100587 0.93802 0.28447 0.19799
1.479878 -0.061508 0.199384 0.91016 -0.15031 0.38603
1.479878 0.061508 0.199384 0.91016 0.15031 0.38603
1.501539 -0.031156 0.151263 0.95040 -0.07823 0.30105
1.501539 0.031156 0.151263 0.95040 0.07823 0.30105
1.049256 0.479894 0.312522 0.43802 0.79952 0.41098
1.132534 0.419553 0.329955 0.49836 0.73655 0.45731
1.043736 0.462373 0.349600 0.43674 0.77217 0.46152
1.095518 0.469215 0.281254 0.46745 0.79889 0.37850
1.280425 0.267955 0.357587 0.63643 0.53082 0.55963
1.211086 0.348959 0.345375 0.56552 0.64977 0.50792
1.232204 0.287289 0.390664 0.59094 0.54940 0.59072
1.025480 0.424177 0.420750 0.43031 0.71027 0.55709
1.123781 0.400063 0.367881 0.49490 0.70278 0.51105
1.035783 0.443735 0.385781 0.43421 0.74242 0.51017
1.062473 0.392157 0.430897 0.45617 0.67183 0.58357
1.084256 0.432417 0.358973 0.46505 0.74016 0.48569
1.185919 0.442290 0.211914 0.53230 0.79169 0.29982
1.180637 0.405673 0.296917 0.53407 0.73177 0.42342
1.141289 0.456719 0.247696 0.49890 0.79655 0.34149
1.138589 0.438715 0.289317 0.49965 0.76815 0.40037
1.132359 0.320961 0.448772 0.51018 0.57701 0.63779
1.162262 0.364794 0.376356 0.52620 0.65899 0.53744
1.182593 0.304947 0.421056 0.54898 0.56459 0.61633
1.098294 0.357707 0.440315 0.48294 0.62758 0.61067
1.198458 0.327341 0.383948 0.55840 0.60824 0.56412
1.112467 0.379289 0.404762 0.48985 0.66633 0.56218
1.071352 0.025496 0.611140 0.48568 0.04523 0.87297
1.154533 0.079392 0.554756 0.54514 0.14851 0.82509
1.067005 0.073744 0.608583 0.48164 0.13281 0.86625
1.116422 0.000000 0.585761 0.51738 0.00000 0.85575
1.287446 0.194709 0.406268 0.65264 0.39224 0.64823
1.228249 0.136325 0.486451 0.60308 0.26585 0.75208
1.239422 0.216007 0.438610 0.60562 0.42061 0.67550
1.046062 0.168019 0.596263 0.46417 0.29756 0.83427
1.144531 0.129042 0.549484 0.53510 0.24071 0.80977
1.058493 0.121461 0.603580 0.47444 0.21709 0.85310
1.079872 0.196456 0.565393 0.48498 0.35185 0.80063
1.106869 0.101052 0.580441 0.50854 0.18514 0.84090
1.201874 -0.054094 0.526053 0.58384 -0.10469 0.80509
1.201874 0.054094 0.526053 0.58384 0.10469 0.80509
1.160198 -0.026607 0.557393 0.55032 -0.05024 0.83344
1.160198 0.026607 0.557393 0.55032 0.05024 0.83344
1.139568 0.253622 0.495161 0.52233 0.46356 0.71574
1.179896 0.157939 0.515196 0.56074 0.29922 0.77204
1.189842 0.235659 0.468245 0.56238 0.44394 0.69760
1.111247 0.225106 0.531631 0.50457 0.40753 0.76114
1.211567 0.186879 0.478365 0.58455 0.35940 0.72742
1.130156 0.177843 0.541594 0.52152 0.32726 0.78798
1.341471 0.362110 0.046302 0.67852 0.73085 0.07396
1.356053 0.327918 0.139853 0.70069 0.67607 0.22795
1.381614 0.322060 0.047281 0.73047 0.67840 0.07869
1.307664 0.385635 0.090655 0.64157 0.75415 0.14013
1.328263 0.246058 0.320356 0.68602 0.50711 0.52175
1.351585 0.288815 0.232182 0.70354 0.59981 0.38113
1.371564 0.223096 0.281553 0.73761 0.47794 0.47698
1.295953 0.289784 0.315914 0.64760 0.57717 0.49748
1.450823 0.233633 0.049004 0.83861 0.53737 0.08922
1.392779 0.285805 0.142574 0.75125 0.61392 0.24233
1.418396 0.279117 0.048199 0.78427 0.61472 0.08387
1.455108 0.213850 0.098314 0.84898 0.49661 0.18058
1.389710 0.304548 0.094999 0.74359 0.64920 0.16001
1.229287 0.425598 0.173497 0.56755 0.78362 0.25263
1.316550 0.350798 0.182510 0.65672 0.69737 0.28703
1.269963 0.406804 0.133172 0.60412 0.77149 0.19960
1.230583 0.408243 0.217732 0.57156 0.75609 0.31881
1.314361 0.368848 0.136716 0.65115 0.72835 0.21335
1.446194 0.171880 0.195800 0.84357 0.39904 0.35938
1.390775 0.265648 0.190159 0.75289 0.57284 0.32405
1.411227 0.198314 0.239931 0.79058 0.44244 0.42335
1.453562 0.193162 0.147464 0.85071 0.45000 0.27164
1.383642 0.244791 0.236424 0.74820 0.52723 0.40276
1.425576 0.240741 0.145298 0.80193 0.53916 0.25733
1.221631 0.369514 0.304100 0.57061 0.68844 0.44772
1.314215 0.331278 0.228263 0.65809 0.66128 0.36004
1.260126 0.331037 0.310424 0.60863 0.63737 0.47257
1.228031 0.389471 0.261429 0.57263 0.72419 0.38425
1.307291 0.310993 0.272645 0.65500 0.62099 0.43052
1.273647 0.371192 0.223238 0.61369 0.71306 0.33902
1.335628 -0.170445 0.369159 0.70388 -0.35771 0.61367
1.366280 -0.057860 0.377631 0.74780 -0.12607 0.65185
1.378357 -0.145628 0.330929 0.75632 -0.31790 0.57176
1.308761 -0.141040 0.412735 0.67872 -0.29113 0.67423
1.335628 0.170445 0.369159 0.70388 0.35771 0.61367
1.366280 0.057860 0.377631 0.74780 0.12607 0.65185
1.378357 0.145628 0.330929 0.75632 0.31790 0.57176
1.308761 0.141040 0.412735 0.67872 0.29113 0.67423
1.451281 -0.091136 0.246074 0.86175 -0.21483 0.45960
1.402915 -0.029789 0.337076 0.79583 -0.06692 0.60181
1.417278 -0.119108 0.289778 0.80949 -0.27057 0.52108
1.460605 -0.030586 0.247568 0.87999 -0.07315 0.46933
1.394620 -0.088266 0.335000 0.78198 -0.19695 0.59137
1.241393 -0.082750 0.491140 0.61721 -0.16366 0.76959
1.330935 -0.028849 0.419467 0.70836 -0.06081 0.70323
1.277063 -0.111666 0.453518 0.64921 -0.22604 0.72625
1.247853 -0.027743 0.493784 0.62475 -0.05526 0.77887
1.323453 -0.085437 0.417195 0.69812 -0.17945 0.69313
1.451281 0.091136 0.246074 0.86175 0.21483 0.45960
1.402915 0.029789 0.337076 0.79583 0.06692 0.60181
1.417278 0.119108 0.289778 0.80949 0.27057 0.52108
1.460605 0.030586 0.247568 0.87999 0.07315 0.46933
1.394620 0.088266 0.335000 0.78198 0.19695 0.59137
1.434659 0.000000 0.293670 0.84069 0.00000 0.54151
1.241393 0.082750 0.491140 0.61721 0.16366 0.76959
1.330935 0.028849 0.419467 0.70836 0.06081 0.70323
1.277063 0.111666 0.453518 0.64921 0.22604 0.72625
1.247853 0.027743 0.493784 0.62475 0.05526 0.77887
1.323453 0.085437 0.417195 0.69812 0.17945 0.69313
1.291229 0.000000 0.458202 0.66672 0.00000 0.74531
0.962756 0.338199 -0.547218 0.40221 0.56205 -0.72272
1.062672 0.312876 -0.506243 0.46436 0.54343 -0.69932
0.981338 0.360491 -0.517981 0.41090 0.60245 -0.68426
0.987748 0.298796 -0.561952 0.41973 0.50653 -0.75316
1.262759 0.244915 -0.396281 0.62315 0.47910 -0.61818
1.163759 0.282055 -0.456374 0.53741 0.51711 -0.66618
1.012820 0.403499 -0.454814 0.42508 0.67588 -0.60207
1.081477 0.335571 -0.474235 0.47431 0.58718 -0.65593
0.998095 0.382334 -0.487108 0.41855 0.63988 -0.64449
1.031207 0.348664 -0.497156 0.44133 0.59551 -0.67126
1.029716 0.213729 -0.586669 0.45121 0.37335 -0.81057
1.088366 0.270248 -0.519861 0.48521 0.48031 -0.73067
1.010242 0.257179 -0.575199 0.43618 0.44302 -0.78325
1.037901 0.285180 -0.541949 0.45112 0.49448 -0.74295
1.522719 0.031453 -0.050893 0.99134 0.07681 -0.10648
1.491667 0.092818 -0.150183 0.92818 0.22536 -0.29614
1.514787 0.083838 -0.050688 0.97150 0.21386 -0.10227
1.516001 0.000000 -0.101493 0.97854 0.00000 -0.20606
1.354811 0.200880 -0.325031 0.72202 0.42310 -0.54742
1.433519 0.149909 -0.242559 0.82882 0.34116 -0.44347
1.478426 0.185233 -0.049758 0.89084 0.44440 -0.09440
1.475861 0.143630 -0.148963 0.89403 0.34640 -0.28410
1.499844 0.135358 -0.050297 0.93661 0.33615 -0.09882
1.498862 0.114292 -0.100587 0.93802 0.28447 -0.19799
1.479878 -0.061508 -0.199384 0.91016 -0.15031 -0.38603
1.479878 0.061508 -0.199384 0.91016 0.15031 -0.38603
1.501539 -0.031156 -0.151263 0.95040 -0.07823 -0.30105
1.501539 0.031156 -0.151263 0.95040 0.07823 -0.30105
1.049256 0.479894 -0.312522 0.43802 0.79952 -0.41098
1.132534 0.419553 -0.329955 0.49836 0.73655 -0.45731
1.043736 0.462373 -0.349600 0.43674 0.77217 -0.46152
1.095518 0.469215 -0.281254 0.46745 0.79889 -0.37850
1.280425 0.267955 -0.357587 0.63643 0.53082 -0.55963
1.211086 0.348959 -0.345375 0.56552 0.64977 -0.50792
1.232204 0.287289 -0.390664 0.59094 0.54940 -0.59072
1.025480 0.424177 -0.420750 0.43031 0.71027 -0.55709
1.123781 0.400063 -0.367881 0.49490 0.70278 -0.51105
1.035783 0.443735 -0.385781 0.43421 0.74242 -0.51017
1.062473 0.392157 -0.430897 0.45617 0.67183 -0.58357
1.084256 0.432417 -0.358973 0.46505 0.74016 -0.48569
1.185919 0.442290 -0.211914 0.53230 0.79169 -0.29982
1.180637 0.405673 -0.296917 0.53407 0.73177 -0.42342
1.141289 0.456719 -0.247696 0.49890 0.79655 -0.34149
1.138589 0.438715 -0.289317 0.49965 0.76815 -0.40037
1.132359 0.320961 -0.448772 0.51018 0.57701 -0.63779
1.162262 0.364794 -0.376356 0.52620 0.65899 -0.53744
1.182593 0.304947 -0.421056 0.54898 0.56459 -0.61633
1.098294 0.357707 -0.440315 0.48294 0.62758 -0.61067
1.198458 0.327341 -0.383948 0.55840 0.60824 -0.56412
1.112467 0.379289 -0.404762 0.48985 0.66633 -0.56218
1.071352 0.025496 -0.611140 0.48568 0.04523 -0.87297
1.154533 0.079392 -0.554756 0.54514 0.14851 -0.82509
1.067005 0.073744 -0.608583 0.48164 0.13281 -0.86625
1.116422 0.000000 -0.585761 0.51738 -0.00000 -0.85575
1.287446 0.194709 -0.406268 0.65264 0.39224 -0.64823
1.228249 0.136325 -0.486451 0.60308 0.26585 -0.75208
1.239422 0.216007 -0.438610 0.60562 0.42061 -0.67550
1.046062 0.168019 -0.596263 0.46417 0.29756 -0.83427
1.144531 0.129042 -0.549484 0.53510 0.24071 -0.80977
1.058493 0.121461 -0.603580 0.47444 0.21709 -0.85310
1.079872 0.196456 -0.565393 0.48498 0.35185 -0.80063
1.106869 0.101052 -0.580441 0.50854 0.18514 -0.84090
1.201874 -0.054094 -0.526053 0.58384 -0.10469 -0.80509
1.201874 0.054094 -0.526053 0.58384 0.10469 -0.80509
1.160198 -0.026607 -0.557393 0.55032 -0.05024 -0.83344
1.160198 0.026607 -0.557393 0.55032 0.05024 -0.83344
1.139568 0.253622 -0.495161 0.52233 0.46356 -0.71574
1.179896 0.157939 -0.515196 0.56074 0.29922 -0.77204
1.189842 0.235659 -0.468245 0.56238 0.44394 -0.69760
1.111247 0.225106 -0.531631 0.50457 0.40753 -0.76114
1.211567 0.186879 -0.478365 0.58455 0.35940 -0.72742
1.130156 0.177843 -0.541594 0.52152 0.32726 -0.78798
1.341471 0.362110 -0.046302 0.67852 0.73085 -0.07396
1.356053 0.327918 -0.139853 0.70069 0.67607 -0.22795
1.381614 0.322060 -0.047281 0.73047 0.67840 -0.07869
1.307664 0.385635 -0.090655 0.64157 0.75415 -0.14013
1.328263 0.246058 -0.320356 0.68602 0.50711 -0.52175
1.351585 0.288815 -0.232182 0.70354 0.59981 -0.38113
1.371564 0.223096 -0.281553 0.73761 0.47794 -0.47698
1.295953 0.289784 -0.315914 0.64760 0.57717 -0.49748
1.450823 0.233633 -0.049004 0.83861 0.53737 -0.08922
1.392779 0.285805 -0.142574 0.75125 0.61392 -0.24233
1.418396 0.279117 -0.048199 0.78427 0.61472 -0.08387
1.455108 0.213850 -0.098314 0.84898 0.49661 -0.18058
1.389710 0.304548 -0.094999 0.74359 0.64920 -0.16001
1.229287 0.425598 -0.173497 0.56755 0.78362 -0.25263
1.316550 0.350798 -0.182510 0.65672 0.69737 -0.28703
1.269963 0.406804 -0.133172 0.60412 0.77149 -0.19960
1.230583 0.408243 -0.217732 0.57156 0.75609 -0.31881
1.314361 0.368848 -0.136716 0.65115 0.72835 -0.21335
1.446194 0.171880 -0.195800 0.84357 0.39904 -0.35938
1.390775 0.265648 -0.190159 0.75289 0.57284 -0.32405
1.411227 0.198314 -0.239931 0.79058 0.44244 -0.42335
1.453562 0.193162 -0.147464 0.85071 0.45000 -0.27164
1.383642 0.244791 -0.236424 0.74820 0.52723 -0.40276
1.425576 0.240741 -0.145298 0.80193 0.53916 -0.25733
1.221631 0.369514 -0.304100 0.57061 0.68844 -0.44772
1.314215 0.331278 -0.228263 0.65809 0.66128 -0.36004
1.260126 0.331037 -0.310424 0.60863 0.63737 -0.47257
1.228031 0.389471 -0.261429 0.57263 0.72419 -0.38425
1.307291 0.310993 -0.272645 0.65500 0.62099 -0.43052
1.273647 0.371192 -0.223238 0.61369 0.71306 -0.33902
1.335628 -0.170445 -0.369159 0.70388 -0.35771 -0.61367
1.366280 -0.057860 -0.377631 0.74780 -0.12607 -0.65185
1.378357 -0.145628 -0.330929 0.75632 -0.31790 -0.57176
1.308761 -0.141040 -0.412735 0.67872 -0.29113 -0.67423
1.335628 0.170445 -0.369159 0.70388 0.35771 -0.61367
1.366280 0.057860 -0.377631 0.74780 0.12607 -0.65185
1.378357 0.145628 -0.330929 0.75632 0.31790 -0.57176
1.308761 0.141040 -0.412735 0.67872 0.29113 -0.67423
1.451281 -0.091136 -0.246074 0.86175 -0.21483 -0.45960
1.402915 -0.029789 -0.337076 0.79583 -0.06692 -0.60181
1.417278 -0.119108 -0.289778 0.80949 -0.27057 -0.52108
1.460605 -0.030586 -0.247568 0.87999 -0.07315 -0.46933
1.394620 -0.088266 -0.335000 0.78198 -0.19695 -0.59137
1.241393 -0.082750 -0.491140 0.61721 -0.16366 -0.76959
1.330935 -0.028849 -0.419467 0.70836 -0.06081 -0.70323
1.277063 -0.111666 -0.453518 0.64921 -0.22604 -0.72625
1.247853 -0.027743 -0.493784 0.62475 -0.05526 -0.77887
1.323453 -0.085437 -0.417195 0.69812 -0.17945 -0.69313
1.451281 0.091136 -0.246074 0.86175 0.21483 -0.45960
1.402915 0.029789 -0.337076 0.79583 0.06692 -0.60181
1.417278 0.119108 -0.289778 0.80949 0.27057 -0.52108
1.460605 0.030586 -0.247568 0.87999 0.07315 -0.46933
1.394620 0.088266 -0.335000 0.78198 0.19695 -0.59137
1.434659 0.000000 -0.293670 0.84069 -0.00000 -0.54151
1.241393 0.082750 -0.491140 0.61721 0.16366 -0.76959
1.330935 0.028849 -0.419467 0.70836 0.06081 -0.70323
1.277063 0.111666 -0.453518 0.64921 0.22604 -0.72625
1.247853 0.027743 -0.493784 0.62475 0.05526 -0.77887
1.323453 0.085437 -0.417195 0.69812 0.17945 -0.69313
1.291229 0.000000 -0.458202 0.66672 0.00000 -0.74531
-0.529346 -0.019597 0.805195 -0.20433 -0.02880 0.97848
-0.585482 -0.060006 0.790232 -0.22807 -0.09178 0.96931
-0.517561 -0.051066 0.805871 -0.19875 -0.07832 0.97692
-0.696569 -0.145378 0.746467 -0.27651 -0.22869 0.93340
-0.641396 -0.101979 0.770815 -0.25219 -0.15849 0.95461
-0.491817 -0.112807 0.803023 -0.18764 -0.17199 0.96706
-0.572130 -0.091923 0.789443 -0.22152 -0.14221 0.96473
-0.505023 -0.082210 0.805128 -0.19335 -0.12567 0.97305
-0.544907 -0.071335 0.798183 -0.21009 -0.10982 0.97150
-0.893954 -0.326656 0.591253 -0.36599 -0.53263 0.76312
-0.850076 -0.281159 0.639368 -0.34595 -0.45551 0.82026
-0.750325 -0.189966 0.716714 -0.30046 -0.30237 0.90460
-0.801826 -0.235388 0.681127 -0.32388 -0.37822 0.86721
-0.433251 -0.229590 0.781908 -0.16239 -0.34408 0.92479
-0.511779 -0.214261 0.772340 -0.19434 -0.32533 0.92542
-0.448590 -0.201507 0.788937 -0.16893 -0.30307 0.93788
-0.679376 -0.178009 0.742525 -0.26739 -0.28013 0.92197
-0.593709 -0.197170 0.759442 -0.22911 -0.30422 0.92464
-0.653071 -0.156114 0.756103 -0.25593 -0.24429 0.93532
-0.477900 -0.143209 0.799540 -0.18163 -0.21725 0.95907
-0.527691 -0.184893 0.778532 -0.20145 -0.28182 0.93808
-0.463506 -0.172653 0.794847 -0.17536 -0.26092 0.94930
-0.517578 -0.133597 0.793810 -0.19802 -0.20413 0.95871
-0.487773 -0.193420 0.784127 -0.18485 -0.29278 0.93814
-0.599472 -0.113156 0.779470 -0.23299 -0.17561 0.95649
-0.568784 -0.175802 0.772015 -0.21881 -0.27011 0.93764
-0.626378 -0.134448 0.768417 -0.24449 -0.20958 0.94673
-0.558133 -0.123579 0.787141 -0.21515 -0.19026 0.95787
-0.610437 -0.166251 0.764591 -0.23694 -0.25766 0.93674
-0.543280 -0.154640 0.783473 -0.20844 -0.23692 0.94891
-0.973231 -0.587199 0.037414 -0.38324 -0.92250 0.04611
-0.993581 -0.570729 0.113460 -0.39572 -0.90728 0.14231
-1.008825 -0.521854 0.266080 -0.40947 -0.84626 0.34085
-1.005661 -0.548912 0.190125 -0.40468 -0.88205 0.24129
-0.932268 -0.371131 0.536809 -0.38231 -0.60865 0.69526
-0.963841 -0.413744 0.476331 -0.39588 -0.67940 0.61782
-1.002776 -0.489901 0.339949 -0.40975 -0.79988 0.43851
-0.987618 -0.453617 0.410414 -0.40514 -0.74381 0.53161
-0.299835 -0.427282 0.691357 -0.10753 -0.61370 0.78219
-0.370685 -0.422729 0.683989 -0.13395 -0.61175 0.77963
-0.316969 -0.405675 0.705272 -0.11434 -0.58461 0.80322
-0.520641 -0.409646 0.662822 -0.19230 -0.60588 0.77196
-0.444121 -0.416923 0.674595 -0.16205 -0.60919 0.77629
-0.350992 -0.359921 0.731131 -0.12804 -0.52433 0.84184
-0.388708 -0.400320 0.697749 -0.14138 -0.58156 0.80112
-0.334053 -0.383187 0.718569 -0.12116 -0.55524 0.82282
-0.352561 -0.403159 0.701744 -0.12765 -0.58319 0.80224
-0.865940 -0.358891 0.580698 -0.34893 -0.57894 0.73694
-0.773183 -0.375752 0.607980 -0.30259 -0.58869 0.74959
-0.846351 -0.336730 0.606081 -0.34039 -0.54068 0.76928
-0.600726 -0.400616 0.648211 -0.22533 -0.60159 0.76637
-0.684805 -0.389471 0.630177 -0.26176 -0.59601 0.75911
-0.803428 -0.291740 0.652323 -0.32157 -0.46622 0.82415
-0.754242 -0.354110 0.631494 -0.29489 -0.55286 0.77935
-0.825442 -0.314279 0.629993 -0.33128 -0.50359 0.79790
-0.799712 -0.345861 0.619464 -0.31691 -0.54719 0.77470
-0.416994 -0.258272 0.773333 -0.15562 -0.38427 0.91001
-0.459881 -0.301207 0.745482 -0.17160 -0.44825 0.87728
-0.400916 -0.284808 0.764176 -0.14863 -0.42182 0.89441
-0.455590 -0.251407 0.769296 -0.17083 -0.37650 0.91053
-0.541123 -0.385067 0.676146 -0.20158 -0.57255 0.79470
-0.501380 -0.343577 0.713123 -0.18695 -0.51124 0.83886
-0.501877 -0.389510 0.682473 -0.18556 -0.57528 0.79663
-0.367932 -0.335537 0.743075 -0.13493 -0.49166 0.86027
-0.442447 -0.327175 0.734893 -0.16391 -0.48426 0.85943
-0.384526 -0.310609 0.754053 -0.14180 -0.45752 0.87782
-0.387537 -0.356351 0.727494 -0.14197 -0.52149 0.84136
-0.421870 -0.306087 0.750064 -0.15634 -0.45315 0.87762
-0.535301 -0.236560 0.758943 -0.20354 -0.35920 0.91079
-0.499481 -0.294857 0.740617 -0.18747 -0.44194 0.87724
-0.495054 -0.244172 0.764515 -0.18683 -0.36807 0.91083
-0.477709 -0.273211 0.755518 -0.17919 -0.40929 0.89463
-0.425856 -0.397088 0.693210 -0.15561 -0.57971 0.79983
-0.462802 -0.348333 0.718435 -0.17131 -0.51516 0.83980
-0.463431 -0.393511 0.688148 -0.17030 -0.57764 0.79833
-0.406876 -0.376911 0.710849 -0.14888 -0.55091 0.82118
-0.482561 -0.369026 0.701036 -0.17856 -0.54547 0.81889
-0.424829 -0.352491 0.723274 -0.15640 -0.51843 0.84069
-0.706234 -0.201372 0.726877 -0.27878 -0.31746 0.90637
-0.668125 -0.265737 0.711948 -0.25946 -0.41222 0.87336
-0.731548 -0.223721 0.710500 -0.29004 -0.35418 0.88906
-0.662114 -0.210926 0.736523 -0.25866 -0.32906 0.90819
-0.582758 -0.379945 0.668825 -0.21861 -0.56946 0.79242
-0.626629 -0.325335 0.692304 -0.23919 -0.49613 0.83465
-0.623939 -0.374452 0.660945 -0.23620 -0.56611 0.78977
-0.562707 -0.359118 0.688532 -0.21121 -0.53835 0.81583
-0.780183 -0.268857 0.673356 -0.31141 -0.42856 0.84815
-0.690834 -0.287736 0.694042 -0.26899 -0.44748 0.85288
-0.756267 -0.246274 0.692645 -0.30087 -0.39119 0.86974
-0.757581 -0.301234 0.664112 -0.29913 -0.47494 0.82762
-0.711647 -0.256380 0.702889 -0.27966 -0.40226 0.87177
-0.576823 -0.228451 0.752433 -0.22107 -0.34975 0.91039
-0.624619 -0.273599 0.720624 -0.24022 -0.42037 0.87497
-0.618935 -0.219949 0.745015 -0.23940 -0.33973 0.90954
-0.558830 -0.258862 0.744221 -0.21275 -0.39360 0.89432
-0.643798 -0.242861 0.729173 -0.24962 -0.37599 0.89237
-0.709492 -0.361620 0.642423 -0.27413 -0.55786 0.78336
-0.669050 -0.318147 0.683921 -0.25811 -0.48998 0.83265
-0.666220 -0.368358 0.652165 -0.25462 -0.56225 0.78679
-0.733931 -0.332208 0.653738 -0.28665 -0.51807 0.80588
-0.646778 -0.346923 0.672904 -0.24713 -0.52942 0.81157
-0.712737 -0.310024 0.674616 -0.27799 -0.48283 0.83042
-0.521094 -0.316639 0.724345 -0.19557 -0.47454 0.85823
-0.604495 -0.303521 0.710823 -0.23065 -0.46239 0.85615
-0.542110 -0.337964 0.707064 -0.20349 -0.50668 0.83778
-0.540202 -0.288315 0.734810 -0.20422 -0.43527 0.87683
-0.583889 -0.331891 0.700144 -0.22096 -0.50165 0.83638
-0.581948 -0.281237 0.728166 -0.22181 -0.42810 0.87609
-0.529346 -0.019597 -0.805195 -0.20433 -0.02880 -0.97848
-0.585482 -0.060006 -0.790232 -0.22807 -0.09178 -0.96931
-0.517561 -0.051066 -0.805871 -0.19875 -0.07832 -0.97692
-0.696569 -0.145378 -0.746467 -0.27651 -0.22869 -0.93340
-0.641396 -0.101979 -0.770815 -0.25219 -0.15849 -0.95461
-0.491817 -0.112807 -0.803023 -0.18764 -0.17199 -0.96706
-0.572130 -0.091923 -0.789443 -0.22152 -0.14221 -0.96473
-0.505023 -0.082210 -0.805128 -0.19335 -0.12567 -0.97305
-0.544907 -0.071335 -0.798183 -0.21009 -0.10982 -0.97150
-0.893954 -0.326656 -0.591253 -0.36599 -0.53263 -0.76312
-0.850076 -0.281159 -0.639368 -0.34595 -0.45551 -0.82026
-0.750325 -0.189966 -0.716714 -0.30046 -0.30237 -0.90460
-0.801826 -0.235388 -0.681127 -0.32388 -0.37822 -0.86721
-0.433251 -0.229590 -0.781908 -0.16239 -0.34408 -0.92479
-0.511779 -0.214261 -0.772340 -0.19434 -0.32533 -0.92542
-0.448590 -0.201507 -0.788937 -0.16893 -0.30307 -0.93788
-0.679376 -0.178009 -0.742525 -0.26739 -0.28013 -0.92197
-0.593709 -0.197170 -0.759442 -0.22911 -0.30422 -0.92464
-0.653071 -0.156114 -0.756103 -0.25593 -0.24429 -0.93532
-0.477900 -0.143209 -0.799540 -0.18163 -0.21725 -0.95907
-0.527691 -0.184893 -0.778532 -0.20145 -0.28182 -0.93808
-0.463506 -0.172653 -0.794847 -0.17536 -0.26092 -0.94930
-0.517578 -0.133597 -0.793810 -0.19802 -0.20413 -0.95871
-0.487773 -0.193420 -0.784127 -0.18485 -0.29278 -0.93814
-0.599472 -0.113156 -0.779470 -0.23299 -0.17561 -0.95649
-0.568784 -0.175802 -0.772015 -0.21881 -0.27011 -0.93764
-0.626378 -0.134448 -0.768417 -0.24449 -0.20958 -0.94673
-0.558133 -0.123579 -0.787141 -0.21515 -0.19026 -0.95787
-0.610437 -0.166251 -0.764591 -0.23694 -0.25766 -0.93674
-0.543280 -0.154640 -0.783473 -0.20844 -0.23692 -0.94891
-0.973231 -0.587199 -0.037414 -0.38324 -0.92250 -0.04611
-0.993581 -0.570729 -0.113460 -0.39572 -0.90728 -0.14231
-1.008825 -0.521854 -0.266080 -0.40947 -0.84626 -0.34085
-1.005661 -0.548912 -0.190125 -0.40468 -0.88205 -0.24129
-0.932268 -0.371131 -0.536809 -0.38231 -0.60865 -0.69526
-0.963841 -0.413744 -0.476331 -0.39588 -0.67940 -0.61782
-1.002776 -0.489901 -0.339949 -0.40975 -0.79988 -0.43851
-0.987618 -0.453617 -0.410414 -0.40514 -0.74381 -0.53161
-0.299835 -0.427282 -0.691357 -0.10753 -0.61370 -0.78219
-0.370685 -0.422729 -0.683989 -0.13395 -0.61175 -0.77963
-0.316969 -0.405675 -0.705272 -0.11434 -0.58461 -0.80322
-0.520641 -0.409646 -0.662822 -0.19230 -0.60588 -0.77196
-0.444121 -0.416923 -0.674595 -0.16205 -0.60919 -0.77629
-0.350992 -0.359921 -0.731131 -0.12804 -0.52433 -0.84184
-0.388708 -0.400320 -0.697749 -0.14138 -0.58156 -0.80112
-0.334053 -0.383187 -0.718569 -0.12116 -0.55524 -0.82282
-0.352561 -0.403159 -0.701744 -0.12765 -0.58319 -0.80224
-0.865940 -0.358891 -0.580698 -0.34893 -0.57894 -0.73694
-0.773183 -0.375752 -0.607980 -0.30259 -0.58869 -0.74959
-0.846351 -0.336730 -0.606081 -0.34039 -0.54068 -0.76928
-0.600726 -0.400616 -0.648211 -0.22533 -0.60159 -0.76637
-0.684805 -0.389471 -0.630177 -0.26176 -0.59601 -0.75911
-0.803428 -0.291740 -0.652323 -0.32157 -0.46622 -0.82415
-0.754242 -0.354110 -0.631494 -0.29489 -0.55286 -0.77935
-0.825442 -0.314279 -0.629993 -0.33128 -0.50359 -0.79790
-0.799712 -0.345861 -0.619464 -0.31691 -0.54719 -0.77470
-0.416994 -0.258272 -0.773333 -0.15562 -0.38427 -0.91001
-0.459881 -0.301207 -0.745482 -0.17160 -0.44825 -0.87728
-0.400916 -0.284808 -0.764176 -0.14863 -0.42182 -0.89441
-0.455590 -0.251407 -0.769296 -0.17083 -0.37650 -0.91053
-0.541123 -0.385067 -0.676146 -0.20158 -0.57255 -0.79470
-0.501380 -0.343577 -0.713123 -0.18695 -0.51124 -0.83886
-0.501877 -0.389510 -0.682473 -0.18556 -0.57528 -0.79663
-0.367932 -0.335537 -0.743075 -0.13493 -0.49166 -0.86027
-0.442447 -0.327175 -0.734893 -0.16391 -0.48426 -0.85943
-0.384526 -0.310609 -0.754053 -0.14180 -0.45752 -0.87782
-0.387537 -0.356351 -0.727494 -0.14197 -0.52149 -0.84136
-0.421870 -0.306087 -0.750064 -0.15634 -0.45315 -0.87762
-0.535301 -0.236560 -0.758943 -0.20354 -0.35920 -0.91079
-0.499481 -0.294857 -0.740617 -0.18747 -0.44194 -0.87724
-0.495054 -0.244172 -0.764515 -0.18683 -0.36807 -0.91083
-0.477709 -0.273211 -0.755518 -0.17919 -0.40929 -0.89463
-0.425856 -0.397088 -0.693210 -0.15561 -0.57971 -0.79983
-0.462802 -0.348333 -0.718435 -0.17131 -0.51516 -0.83980
-0.463431 -0.393511 -0.688148 -0.17030 -0.57764 -0.79833
-0.406876 -0.376911 -0.710849 -0.14888 -0.55091 -0.82118
-0.482561 -0.369026 -0.701036 -0.17856 -0.54547 -0.81889
-0.424829 -0.352491 -0.723274 -0.15640 -0.51843 -0.84069
-0.706234 -0.201372 -0.726877 -0.27878 -0.31746 -0.90637
-0.668125 -0.265737 -0.711948 -0.25946 -0.41222 -0.87336
-0.731548 -0.223721 -0.710500 -0.29004 -0.35418 -0.88906
-0.662114 -0.210926 -0.736523 -0.25866 -0.32906 -0.90819
-0.582758 -0.379945 -0.668825 -0.21861 -0.56946 -0.79242
-0.626629 -0.325335 -0.692304 -0.23919 -0.49613 -0.83465
-0.623939 -0.374452 -0.660945 -0.23620 -0.56611 -0.78977
-0.562707 -0.359118 -0.688532 -0.21121 -0.53835 -0.81583
-0.780183 -0.268857 -0.673356 -0.31141 -0.42856 -0.84815
-0.690834 -0.287736 -0.694042 -0.26899 -0.44748 -0.85288
-0.756267 -0.246274 -0.692645 -0.30087 -0.39119 -0.86974
-0.757581 -0.301234 -0.664112 -0.29913 -0.47494 -0.82762
-0.711647 -0.256380 -0.702889 -0.27966 -0.40226 -0.87177
-0.576823 -0.228451 -0.752433 -0.22107 -0.34975 -0.91039
-0.624619 -0.273599 -0.720624 -0.24022 -0.42037 -0.87497
-0.618935 -0.219949 -0.745015 -0.23940 -0.33973 -0.90954
-0.558830 -0.258862 -0.744221 -0.21275 -0.39360 -0.89432
-0.643798 -0.242861 -0.729173 -0.24962 -0.37599 -0.89237
-0.709492 -0.361620 -0.642423 -0.27413 -0.55786 -0.78336
-0.669050 -0.318147 -0.683921 -0.25811 -0.48998 -0.83265
-0.666220 -0.368358 -0.652165 -0.25462 -0.56225 -0.78679
-0.733931 -0.332208 -0.653738 -0.28665 -0.51807 -0.80588
-0.646778 -0.346923 -0.672904 -0.24713 -0.52942 -0.81157
-0.712737 -0.310024 -0.674616 -0.27799 -0.48283 -0.83042
-0.521094 -0.316639 -0.724345 -0.19557 -0.47454 -0.85823
-0.604495 -0.303521 -0.710823 -0.23065 -0.46239 -0.85615
-0.542110 -0.337964 -0.707064 -0.20349 -0.50668 -0.83778
-0.540202 -0.288315 -0.734810 -0.20422 -0.43527 -0.87683
-0.583889 -0.331891 -0.700144 -0.22096 -0.50165 -0.83638
-0.581948 -0.281237 -0.728166 -0.22181 -0.42810 -0.87609
-0.025858 -0.672614 -0.405822 -0.00877 -0.90238 -0.43084
-0.077535 -0.678979 -0.390017 -0.02609 -0.91005 -0.41367
-0.041993 -0.662680 -0.425598 -0.01414 -0.89163 -0.45255
-0.025778 -0.683983 -0.381016 -0.00864 -0.91521 -0.40288
-0.181626 -0.688620 -0.356216 -0.06105 -0.92374 -0.37812
-0.129373 -0.684315 -0.373514 -0.04347 -0.91716 -0.39613
-0.074633 -0.640954 -0.464517 -0.02529 -0.86747 -0.49685
-0.094003 -0.669165 -0.409835 -0.03164 -0.89966 -0.43545
-0.058281 -0.652117 -0.445190 -0.01967 -0.87992 -0.47471
-0.068010 -0.666058 -0.417790 -0.02288 -0.89572 -0.44403
-0.025642 -0.704380 -0.330659 -0.00857 -0.93755 -0.34775
-0.077325 -0.689918 -0.364928 -0.02590 -0.92234 -0.38551
-0.025713 -0.694585 -0.355917 -0.00859 -0.92685 -0.37534
-0.051577 -0.687081 -0.373049 -0.01726 -0.91884 -0.39425
-0.399898 -0.694498 -0.276476 -0.13621 -0.94493 -0.29759
-0.343428 -0.694916 -0.298304 -0.11636 -0.94046 -0.31936
-0.234548 -0.691867 -0.338008 -0.07894 -0.92985 -0.35936
-0.288396 -0.693996 -0.318755 -0.09733 -0.93542 -0.33989
-0.141365 -0.589673 -0.539524 -0.04864 -0.80935 -0.58531
-0.161831 -0.623325 -0.487298 -0.05527 -0.84940 -0.52484
-0.124598 -0.603459 -0.521228 -0.04263 -0.82519 -0.56325
-0.199354 -0.678932 -0.376193 -0.06721 -0.91395 -0.40021
-0.181178 -0.653087 -0.432758 -0.06145 -0.88420 -0.46305
-0.172890 -0.676895 -0.384882 -0.05819 -0.91059 -0.40919
-0.091318 -0.629042 -0.483782 -0.03101 -0.85417 -0.51908
-0.144764 -0.635718 -0.468367 -0.04917 -0.86318 -0.50250
-0.107884 -0.616594 -0.502619 -0.03679 -0.84009 -0.54119
-0.101163 -0.644364 -0.456895 -0.03426 -0.87186 -0.48855
-0.134831 -0.620086 -0.495066 -0.04596 -0.84483 -0.53305
-0.120367 -0.672013 -0.401675 -0.04047 -0.90345 -0.42678
-0.154485 -0.650492 -0.440905 -0.05228 -0.88028 -0.47156
-0.146531 -0.674587 -0.393378 -0.04931 -0.90709 -0.41803
-0.110858 -0.658701 -0.429485 -0.03742 -0.88830 -0.45774
-0.163831 -0.664171 -0.413153 -0.05531 -0.89606 -0.44048
-0.127811 -0.647544 -0.449024 -0.04327 -0.87613 -0.48012
-0.025472 -0.735949 -0.227574 -0.00852 -0.97143 -0.23717
-0.076728 -0.725952 -0.261973 -0.02554 -0.96140 -0.27397
-0.025523 -0.729228 -0.253480 -0.00845 -0.96424 -0.26489
-0.181271 -0.698807 -0.330218 -0.06080 -0.93513 -0.34906
-0.128587 -0.713633 -0.296152 -0.04291 -0.94938 -0.31119
-0.155205 -0.696979 -0.339188 -0.05194 -0.93209 -0.35848
-0.025630 -0.713493 -0.304931 -0.00854 -0.94737 -0.32003
-0.076882 -0.718168 -0.287835 -0.02555 -0.95300 -0.30190
-0.025569 -0.721734 -0.279309 -0.00849 -0.95625 -0.29244
-0.051354 -0.707102 -0.322250 -0.01710 -0.94070 -0.33880
-0.051168 -0.723982 -0.270701 -0.01696 -0.95887 -0.28333
-0.103368 -0.692552 -0.356474 -0.03456 -0.92574 -0.37657
-0.102941 -0.711704 -0.305063 -0.03424 -0.94658 -0.32065
-0.129212 -0.694887 -0.347954 -0.04323 -0.92898 -0.36760
-0.077285 -0.700121 -0.339446 -0.02578 -0.93350 -0.35766
-0.128957 -0.704671 -0.322122 -0.04304 -0.93963 -0.33946
-0.077144 -0.709549 -0.313703 -0.02567 -0.94372 -0.32974
-0.923893 -0.607379 -0.022485 -0.35579 -0.93419 -0.02656
-0.851598 -0.630948 -0.064666 -0.31919 -0.94465 -0.07580
-0.935628 -0.600896 -0.059289 -0.36236 -0.92921 -0.07254
-0.711597 -0.664030 -0.138587 -0.25585 -0.95392 -0.15675
-0.780629 -0.649562 -0.103278 -0.28603 -0.95082 -0.11884
-0.953670 -0.584081 -0.133970 -0.37329 -0.91281 -0.16565
-0.861050 -0.624027 -0.100261 -0.32423 -0.93843 -0.11930
-0.945591 -0.593129 -0.096552 -0.36820 -0.92214 -0.11868
-0.898141 -0.613147 -0.080269 -0.34279 -0.93442 -0.09673
-0.458056 -0.692566 -0.253067 -0.15703 -0.94890 -0.27373
-0.518135 -0.688890 -0.227847 -0.17916 -0.95192 -0.24851
-0.644804 -0.675042 -0.170906 -0.22825 -0.95476 -0.19064
-0.580335 -0.683173 -0.200556 -0.20280 -0.95397 -0.22096
-0.965459 -0.534956 -0.283486 -0.38474 -0.85118 -0.35702
-0.881504 -0.584115 -0.244545 -0.33762 -0.89350 -0.29608
-0.965685 -0.549088 -0.246651 -0.38341 -0.87033 -0.30906
-0.717290 -0.656288 -0.171959 -0.25870 -0.94583 -0.19616
-0.798270 -0.624065 -0.207251 -0.29580 -0.92387 -0.24282
-0.752254 -0.649747 -0.155320 -0.27394 -0.94502 -0.17859
-0.959740 -0.573655 -0.171903 -0.37756 -0.90107 -0.21338
-0.879111 -0.595864 -0.208779 -0.33542 -0.90790 -0.25141
-0.963775 -0.562014 -0.209347 -0.38097 -0.88692 -0.26122
-0.914008 -0.595949 -0.153826 -0.35223 -0.91701 -0.18715
-0.922292 -0.573719 -0.227501 -0.35865 -0.89073 -0.27924
-0.824038 -0.633749 -0.119626 -0.30656 -0.94143 -0.14049
-0.835986 -0.615915 -0.190369 -0.31357 -0.92243 -0.22539
-0.787896 -0.642256 -0.137856 -0.28982 -0.94359 -0.16014
-0.868652 -0.615930 -0.136376 -0.32858 -0.93033 -0.16289
-0.793792 -0.633750 -0.172601 -0.29311 -0.93466 -0.20122
-0.874691 -0.606533 -0.172644 -0.33232 -0.92016 -0.20705
-0.279335 -0.451973 -0.673984 -0.10023 -0.64338 -0.75896
-0.306236 -0.495500 -0.630139 -0.10907 -0.70082 -0.70495
-0.262118 -0.471786 -0.658817 -0.09296 -0.66858 -0.73781
-0.314040 -0.450238 -0.670611 -0.11235 -0.64332 -0.75731
-0.354199 -0.573107 -0.531124 -0.12436 -0.80033 -0.58652
-0.331241 -0.535960 -0.582420 -0.11711 -0.75319 -0.64729
-0.227669 -0.509062 -0.626981 -0.07993 -0.71436 -0.69520
-0.288214 -0.513980 -0.613885 -0.10151 -0.72351 -0.68281
-0.244860 -0.490838 -0.643115 -0.08641 -0.69208 -0.71663
-0.275409 -0.493279 -0.636811 -0.09734 -0.69666 -0.71077
-0.385237 -0.446000 -0.662400 -0.13892 -0.64222 -0.75383
-0.341147 -0.494036 -0.625905 -0.12131 -0.70146 -0.70231
-0.349378 -0.448253 -0.666753 -0.12542 -0.64281 -0.75569
-0.327844 -0.472537 -0.648748 -0.11691 -0.67302 -0.73033
-0.422968 -0.684377 -0.296808 -0.14513 -0.93596 -0.32079
-0.409459 -0.662518 -0.359049 -0.14113 -0.91003 -0.38979
-0.393941 -0.684872 -0.307800 -0.13441 -0.93377 -0.33167
-0.374970 -0.606714 -0.476569 -0.13069 -0.84226 -0.52299
-0.393427 -0.636578 -0.419092 -0.13632 -0.87879 -0.45732
-0.337098 -0.684769 -0.328735 -0.11440 -0.92882 -0.35242
-0.380114 -0.662531 -0.369088 -0.13025 -0.90741 -0.39955
-0.365285 -0.684997 -0.318446 -0.12430 -0.93137 -0.34219
-0.387334 -0.674199 -0.338722 -0.13245 -0.92124 -0.36576
-0.159177 -0.574570 -0.558253 -0.05484 -0.79214 -0.60787
-0.216581 -0.580251 -0.544535 -0.07475 -0.80114 -0.59379
-0.176128 -0.559352 -0.575923 -0.06101 -0.77421 -0.62998
-0.169723 -0.592645 -0.532772 -0.05834 -0.81382 -0.57818
-0.334509 -0.588844 -0.513069 -0.11623 -0.81822 -0.56304
-0.274922 -0.585027 -0.529529 -0.09515 -0.80982 -0.57891
-0.323752 -0.571455 -0.539459 -0.11291 -0.79639 -0.59415
-0.210297 -0.526690 -0.610249 -0.07352 -0.73551 -0.67351
-0.234210 -0.564933 -0.562321 -0.08130 -0.78336 -0.61623
-0.193201 -0.543376 -0.593287 -0.06721 -0.75541 -0.65180
-0.240101 -0.529337 -0.603837 -0.08403 -0.74011 -0.66721
-0.205085 -0.562261 -0.569267 -0.07109 -0.77884 -0.62318
-0.190036 -0.625908 -0.479828 -0.06489 -0.85349 -0.51704
-0.227029 -0.597965 -0.518302 -0.07818 -0.82249 -0.56339
-0.180024 -0.609781 -0.506586 -0.06165 -0.83433 -0.54780
-0.198309 -0.595411 -0.525698 -0.06820 -0.81818 -0.57090
-0.300628 -0.534069 -0.589826 -0.10550 -0.74917 -0.65392
-0.263924 -0.567357 -0.555020 -0.09169 -0.78780 -0.60907
-0.312441 -0.553166 -0.565088 -0.10933 -0.77343 -0.62438
-0.270242 -0.531797 -0.597032 -0.09470 -0.74466 -0.66069
-0.293631 -0.569536 -0.547423 -0.10222 -0.79214 -0.60172
-0.252204 -0.548798 -0.579809 -0.08795 -0.76462 -0.63845
-0.536557 -0.433765 -0.638955 -0.19798 -0.63874 -0.74352
-0.488140 -0.485805 -0.602823 -0.17695 -0.70277 -0.68906
-0.497641 -0.437356 -0.645785 -0.18226 -0.63977 -0.74664
-0.389504 -0.572149 -0.524570 -0.13691 -0.80228 -0.58104
-0.438916 -0.531790 -0.564455 -0.15655 -0.75681 -0.63460
-0.378265 -0.553983 -0.551175 -0.13318 -0.77906 -0.61264
-0.422218 -0.443438 -0.657427 -0.15290 -0.64153 -0.75171
-0.450523 -0.488259 -0.609542 -0.16221 -0.70242 -0.69303
-0.459486 -0.440573 -0.651935 -0.16732 -0.64071 -0.74933
-0.399630 -0.468616 -0.639547 -0.14365 -0.67283 -0.72571
-0.474198 -0.463589 -0.627960 -0.17221 -0.67237 -0.71990
-0.354140 -0.514999 -0.601771 -0.12548 -0.72875 -0.67318
-0.426376 -0.511727 -0.590374 -0.15236 -0.73023 -0.66600
-0.366449 -0.534892 -0.576965 -0.12943 -0.75460 -0.64329
-0.376883 -0.492495 -0.620938 -0.13449 -0.70191 -0.69945
-0.402377 -0.533511 -0.570979 -0.14268 -0.75569 -0.63920
-0.413379 -0.490577 -0.615486 -0.14814 -0.70224 -0.69636
-0.227332 -0.680691 -0.367040 -0.07656 -0.91722 -0.39095
-0.266291 -0.659066 -0.406572 -0.09040 -0.89514 -0.43651
-0.254241 -0.682160 -0.357887 -0.08584 -0.92034 -0.38159
-0.218474 -0.668523 -0.395911 -0.07388 -0.90323 -0.42275
-0.345073 -0.605920 -0.484921 -0.11943 -0.83901 -0.53084
-0.305568 -0.634234 -0.445915 -0.10467 -0.86926 -0.48315
-0.354693 -0.621469 -0.457016 -0.12256 -0.85808 -0.49867
-0.315178 -0.604287 -0.493857 -0.10900 -0.83502 -0.53932
-0.308959 -0.684216 -0.338788 -0.10467 -0.92612 -0.36240
-0.294025 -0.660434 -0.397618 -0.10013 -0.89845 -0.42750
-0.281481 -0.683339 -0.348466 -0.09517 -0.92330 -0.37210
-0.329956 -0.673609 -0.358832 -0.11227 -0.91582 -0.38557
-0.274100 -0.671680 -0.377784 -0.09291 -0.90985 -0.40441
-0.199856 -0.641185 -0.452244 -0.06800 -0.87141 -0.48582
-0.256941 -0.645380 -0.435252 -0.08761 -0.87905 -0.46860
-0.209303 -0.655338 -0.424357 -0.07098 -0.88797 -0.45440
-0.218566 -0.628373 -0.471841 -0.07466 -0.85758 -0.50891
-0.237705 -0.657333 -0.415627 -0.08069 -0.89162 -0.44553
-0.372196 -0.649755 -0.399161 -0.12789 -0.89223 -0.43310
-0.314303 -0.648248 -0.417589 -0.10749 -0.88603 -0.45100
-0.363750 -0.636104 -0.428382 -0.12533 -0.87580 -0.46613
-0.351075 -0.662122 -0.378986 -0.12002 -0.90453 -0.40916
-0.334432 -0.635319 -0.437324 -0.11496 -0.87261 -0.47470
-0.322345 -0.661418 -0.388497 -0.10997 -0.90154 -0.41848
-0.256328 -0.600300 -0.510505 -0.08833 -0.82673 -0.55562
-0.276478 -0.632470 -0.455000 -0.09466 -0.86543 -0.49201
-0.285562 -0.602411 -0.502384 -0.09859 -0.83090 -0.54762
-0.237427 -0.614735 -0.491294 -0.08145 -0.84268 -0.53222
-0.295793 -0.618837 -0.474466 -0.10178 -0.85080 -0.51554
-0.247412 -0.630563 -0.463564 -0.08459 -0.86156 -0.50057
-0.025505 -0.763115 -0.015763 -0.00882 -0.99984 -0.01541
-0.076641 -0.761224 -0.047367 -0.02561 -0.99851 -0.04820
-0.025509 -0.762322 -0.042192 -0.00837 -0.99901 -0.04371
-0.180293 -0.751510 -0.111427 -0.05997 -0.99152 -0.11533
-0.128154 -0.757391 -0.079204 -0.04261 -0.99577 -0.08143
-0.025530 -0.758554 -0.095040 -0.00840 -0.99509 -0.09859
-0.076664 -0.759551 -0.073919 -0.02519 -0.99674 -0.07670
-0.025513 -0.760800 -0.068661 -0.00838 -0.99743 -0.07112
-0.051082 -0.761176 -0.058042 -0.01676 -0.99805 -0.06014
-0.399711 -0.703238 -0.247035 -0.13622 -0.95474 -0.26443
-0.342818 -0.719621 -0.211873 -0.11576 -0.96757 -0.22450
-0.371505 -0.703833 -0.258551 -0.12584 -0.95271 -0.27660
-0.233301 -0.743418 -0.144188 -0.07780 -0.98556 -0.15037
-0.287406 -0.732887 -0.177627 -0.09636 -0.97770 -0.18658
-0.316122 -0.703970 -0.280455 -0.10656 -0.94841 -0.29862
-0.315711 -0.719967 -0.223398 -0.10596 -0.96576 -0.23683
-0.343612 -0.704069 -0.269703 -0.11611 -0.95063 -0.28779
-0.343413 -0.712313 -0.240842 -0.11578 -0.95960 -0.25644
-0.025617 -0.742177 -0.200340 -0.00853 -0.97790 -0.20888
-0.076871 -0.745358 -0.180241 -0.02542 -0.98186 -0.18789
-0.025576 -0.747368 -0.174215 -0.00843 -0.98342 -0.18115
-0.051162 -0.737987 -0.217635 -0.01690 -0.97376 -0.22694
-0.180389 -0.747931 -0.138553 -0.05968 -0.98766 -0.14477
-0.128373 -0.747286 -0.159685 -0.04242 -0.98512 -0.16655
-0.154293 -0.751626 -0.122258 -0.05088 -0.99055 -0.12733
-0.025519 -0.755543 -0.121669 -0.00841 -0.99197 -0.12618
-0.076776 -0.750010 -0.153905 -0.02530 -0.98680 -0.15998
-0.025548 -0.751828 -0.147948 -0.00841 -0.98809 -0.15367
-0.051112 -0.756495 -0.111178 -0.01680 -0.99318 -0.11535
-0.051190 -0.748846 -0.164106 -0.01685 -0.98519 -0.17062
-0.102737 -0.727929 -0.252020 -0.03407 -0.96399 -0.26375
-0.102739 -0.741117 -0.197472 -0.03395 -0.97798 -0.20593
-0.076889 -0.733237 -0.234876 -0.02543 -0.96911 -0.24531
-0.076943 -0.739713 -0.207585 -0.02540 -0.97596 -0.21646
-0.102546 -0.757412 -0.090018 -0.03369 -0.99505 -0.09346
-0.102666 -0.750877 -0.143423 -0.03379 -0.98823 -0.14918
-0.128325 -0.754783 -0.106067 -0.04225 -0.99300 -0.11029
-0.076810 -0.757120 -0.100613 -0.02523 -0.99421 -0.10442
-0.128394 -0.751411 -0.132938 -0.04231 -0.98948 -0.13833
-0.076843 -0.753936 -0.127319 -0.02527 -0.99090 -0.13223
-0.208648 -0.700510 -0.320389 -0.06986 -0.93815 -0.33912
-0.209245 -0.718210 -0.266064 -0.06972 -0.95737 -0.28031
-0.235068 -0.701797 -0.310895 -0.07887 -0.94089 -0.32940
-0.181848 -0.708319 -0.303376 -0.06074 -0.94547 -0.32001
-0.207640 -0.743503 -0.155593 -0.06870 -0.98427 -0.16279
-0.208900 -0.732526 -0.211068 -0.06933 -0.97269 -0.22150
-0.234176 -0.738622 -0.172210 -0.07779 -0.98046 -0.18068
-0.181221 -0.743411 -0.166232 -0.05996 -0.98297 -0.17372
-0.288657 -0.703535 -0.291008 -0.09716 -0.94602 -0.30921
-0.235397 -0.719078 -0.255990 -0.07864 -0.95966 -0.26994
-0.261765 -0.702813 -0.301089 -0.08794 -0.94351 -0.31945
-0.288845 -0.712212 -0.262876 -0.09697 -0.95547 -0.27870
-0.235356 -0.710878 -0.283508 -0.07878 -0.95078 -0.29969
-0.129012 -0.721981 -0.269263 -0.04284 -0.95834 -0.28240
-0.182288 -0.724835 -0.249057 -0.06060 -0.96330 -0.26151
-0.155281 -0.715474 -0.286317 -0.05172 -0.95218 -0.30113
-0.129084 -0.729557 -0.242029 -0.04280 -0.96642 -0.25336
-0.182192 -0.717006 -0.276273 -0.06071 -0.95486 -0.29078
-0.288090 -0.726919 -0.206041 -0.09635 -0.97127 -0.21762
-0.235247 -0.726490 -0.228020 -0.07843 -0.96758 -0.24008
-0.261016 -0.733100 -0.189040 -0.08697 -0.97615 -0.19893
-0.288660 -0.720015 -0.234504 -0.09670 -0.96389 -0.24812
-0.234821 -0.732973 -0.200201 -0.07813 -0.97450 -0.21034
-0.261861 -0.719712 -0.245382 -0.08758 -0.96185 -0.25917
-0.128914 -0.742221 -0.187094 -0.04256 -0.97983 -0.19524
-0.182192 -0.731902 -0.221383 -0.06045 -0.97081 -0.23212
-0.154954 -0.742979 -0.176748 -0.05123 -0.98149 -0.18452
-0.129057 -0.736312 -0.214591 -0.04271 -0.97359 -0.22426
-0.181817 -0.738062 -0.193890 -0.06025 -0.97735 -0.20289
-0.155595 -0.730887 -0.231802 -0.05160 -0.96870 -0.24280
-0.887444 -0.384876 -0.548470 -0.35723 -0.61922 -0.69925
-0.830168 -0.449906 -0.513072 -0.32395 -0.70195 -0.63429
-0.903765 -0.406177 -0.519850 -0.36482 -0.65452 -0.66220
-0.840192 -0.393453 -0.564092 -0.33366 -0.62373 -0.70685
-0.706081 -0.554620 -0.436382 -0.26070 -0.81928 -0.51070
-0.769052 -0.506306 -0.475300 -0.29151 -0.76756 -0.57085
-0.931232 -0.447054 -0.458426 -0.37568 -0.71999 -0.58350
-0.842759 -0.469491 -0.483516 -0.32922 -0.73234 -0.59606
-0.918428 -0.426965 -0.489765 -0.37073 -0.68797 -0.62390
-0.873784 -0.438995 -0.501998 -0.34691 -0.69575 -0.62896
-0.748766 -0.408112 -0.591012 -0.28935 -0.62979 -0.72086
-0.784657 -0.456338 -0.528316 -0.30274 -0.70314 -0.64338
-0.793878 -0.401185 -0.578247 -0.31081 -0.62700 -0.71433
-0.812953 -0.425987 -0.546542 -0.31821 -0.66560 -0.67507
-0.458199 -0.683268 -0.283183 -0.15709 -0.93833 -0.30799
-0.518305 -0.659142 -0.320330 -0.18027 -0.91799 -0.35326
-0.488293 -0.681869 -0.271289 -0.16854 -0.94030 -0.29568
-0.451941 -0.673147 -0.315228 -0.15570 -0.92639 -0.34287
-0.642707 -0.595626 -0.397215 -0.23194 -0.86018 -0.45420
-0.579914 -0.630185 -0.358407 -0.20515 -0.89241 -0.40190
-0.550188 -0.677634 -0.246062 -0.19174 -0.94336 -0.27075
-0.550188 -0.657131 -0.308517 -0.19283 -0.91994 -0.34137
-0.518991 -0.680002 -0.258904 -0.17993 -0.94195 -0.28348
-0.519044 -0.670072 -0.289794 -0.18044 -0.93072 -0.31812
-0.437429 -0.649670 -0.377833 -0.15141 -0.89810 -0.41291
-0.510966 -0.647353 -0.352837 -0.17859 -0.90361 -0.38934
-0.445006 -0.661923 -0.346847 -0.15365 -0.91294 -0.37805
-0.481325 -0.660813 -0.333941 -0.16695 -0.91564 -0.36569
-0.962584 -0.519042 -0.321477 -0.38500 -0.82911 -0.40540
-0.875886 -0.540326 -0.353896 -0.33911 -0.83563 -0.43213
-0.957940 -0.502571 -0.357024 -0.38434 -0.80493 -0.45208
-0.922243 -0.546168 -0.301390 -0.36145 -0.85461 -0.37283
-0.712835 -0.570486 -0.405962 -0.26302 -0.84106 -0.47268
-0.792529 -0.557208 -0.381834 -0.29880 -0.83930 -0.45419
-0.745608 -0.548306 -0.425544 -0.27874 -0.81860 -0.50218
-0.942281 -0.466568 -0.425489 -0.37964 -0.75039 -0.54110
-0.870441 -0.524054 -0.387521 -0.33797 -0.81249 -0.47500
-0.951138 -0.485029 -0.391792 -0.38254 -0.77872 -0.49725
-0.897532 -0.478116 -0.439641 -0.35549 -0.75604 -0.54957
-0.913733 -0.513925 -0.372878 -0.36037 -0.80916 -0.46411
-0.840805 -0.593040 -0.262076 -0.31776 -0.89512 -0.31271
-0.837851 -0.565057 -0.333568 -0.31889 -0.85888 -0.40080
-0.881498 -0.570805 -0.281534 -0.33902 -0.87650 -0.34179
-0.879614 -0.556174 -0.318086 -0.33951 -0.85708 -0.38749
-0.810673 -0.498017 -0.464374 -0.31186 -0.76481 -0.56375
-0.827624 -0.533139 -0.401273 -0.31693 -0.81509 -0.48495
-0.778320 -0.524157 -0.445075 -0.29500 -0.79338 -0.53247
-0.853582 -0.488574 -0.452592 -0.33292 -0.76079 -0.55710
-0.786177 -0.541168 -0.413844 -0.29724 -0.81711 -0.49394
-0.862849 -0.506811 -0.420514 -0.33585 -0.78760 -0.51662
-0.578480 -0.429534 -0.630948 -0.21479 -0.63744 -0.73996
-0.611960 -0.475856 -0.576546 -0.22636 -0.70355 -0.67363
-0.619325 -0.425035 -0.622480 -0.23205 -0.63589 -0.73607
-0.553609 -0.457076 -0.613269 -0.20372 -0.67169 -0.71227
-0.664587 -0.558081 -0.451166 -0.24347 -0.81737 -0.52214
-0.640849 -0.518932 -0.516450 -0.23595 -0.76386 -0.60070
-0.695040 -0.535597 -0.470715 -0.25788 -0.79350 -0.55123
-0.704210 -0.414425 -0.602666 -0.26909 -0.63217 -0.72660
-0.653314 -0.471832 -0.566282 -0.24402 -0.70361 -0.66737
-0.661291 -0.420008 -0.613069 -0.25004 -0.63417 -0.73165
-0.722768 -0.438689 -0.573261 -0.27589 -0.66861 -0.69054
-0.636910 -0.448840 -0.595116 -0.23826 -0.67044 -0.70267
-0.502980 -0.507378 -0.575869 -0.18169 -0.73208 -0.65655
-0.584631 -0.501588 -0.557602 -0.21417 -0.73388 -0.64464
-0.528363 -0.483053 -0.594839 -0.19262 -0.70319 -0.68441
-0.569683 -0.479750 -0.586091 -0.20918 -0.70345 -0.67926
-0.755116 -0.484957 -0.509329 -0.28743 -0.73687 -0.61189
-0.668662 -0.494220 -0.535615 -0.24922 -0.73541 -0.63013
-0.725326 -0.511212 -0.490171 -0.27247 -0.76683 -0.58115
-0.739804 -0.462277 -0.542078 -0.28203 -0.70363 -0.65220
-0.682526 -0.515404 -0.503872 -0.25383 -0.76539 -0.59140
-0.695956 -0.467425 -0.554716 -0.26245 -0.70378 -0.66016
-0.681495 -0.662141 -0.188799 -0.24391 -0.94607 -0.21320
-0.685298 -0.643116 -0.255790 -0.24677 -0.92447 -0.29062
-0.647823 -0.667014 -0.203985 -0.22997 -0.94595 -0.22869
-0.720349 -0.647574 -0.206294 -0.26074 -0.93618 -0.23577
-0.678923 -0.591556 -0.385681 -0.24766 -0.86120 -0.44384
-0.684473 -0.619540 -0.321655 -0.24807 -0.89621 -0.36779
-0.646360 -0.610170 -0.366189 -0.23300 -0.87865 -0.41677
-0.717196 -0.586133 -0.374068 -0.26385 -0.86120 -0.43442
-0.582315 -0.674698 -0.232506 -0.20402 -0.94454 -0.25733
-0.650613 -0.647606 -0.269732 -0.23231 -0.92384 -0.30422
-0.614720 -0.671184 -0.218568 -0.21675 -0.94541 -0.24335
-0.583091 -0.665157 -0.264484 -0.20490 -0.93375 -0.29348
-0.649761 -0.657857 -0.237001 -0.23134 -0.93568 -0.26643
-0.799977 -0.613270 -0.242886 -0.29762 -0.91105 -0.28532
-0.722850 -0.626549 -0.274445 -0.26335 -0.91157 -0.31573
-0.759922 -0.631319 -0.224350 -0.27865 -0.92460 -0.25973
-0.800458 -0.601058 -0.278422 -0.29884 -0.89611 -0.32815
-0.722205 -0.637646 -0.240540 -0.26225 -0.92477 -0.27574
-0.582040 -0.642805 -0.327631 -0.20572 -0.90775 -0.36562
-0.650288 -0.636147 -0.302502 -0.23293 -0.91035 -0.34207
-0.614003 -0.627235 -0.346803 -0.21909 -0.89406 -0.39072
-0.582995 -0.654511 -0.296259 -0.20546 -0.92147 -0.32966
-0.648897 -0.623703 -0.334546 -0.23317 -0.89529 -0.37959
-0.616512 -0.651350 -0.283322 -0.21863 -0.92279 -0.31727
-0.796487 -0.572994 -0.348176 -0.29942 -0.86007 -0.41306
-0.722179 -0.614153 -0.308370 -0.26398 -0.89653 -0.35574
-0.756440 -0.579967 -0.361565 -0.28113 -0.86082 -0.42421
-0.799287 -0.587603 -0.313614 -0.29944 -0.87909 -0.37086
-0.720325 -0.600719 -0.341458 -0.26414 -0.87975 -0.39530
-0.760852 -0.608070 -0.293861 -0.28091 -0.89654 -0.34249
-0.400719 -0.590277 -0.495680 -0.14027 -0.82471 -0.54789
-0.474551 -0.588859 -0.476832 -0.16761 -0.83011 -0.53181
-0.410784 -0.606549 -0.467406 -0.14331 -0.84527 -0.51477
-0.426106 -0.571715 -0.516097 -0.15019 -0.80481 -0.57421
-0.632450 -0.579857 -0.430556 -0.22938 -0.83922 -0.49304
-0.551639 -0.585523 -0.455299 -0.19713 -0.83501 -0.51371
-0.601928 -0.598878 -0.411002 -0.21598 -0.85828 -0.46553
-0.622484 -0.561927 -0.463945 -0.22628 -0.81573 -0.53234
-0.429124 -0.636207 -0.408590 -0.14893 -0.88180 -0.44749
-0.484609 -0.604986 -0.447156 -0.17066 -0.85083 -0.49696
-0.420271 -0.621893 -0.438312 -0.14621 -0.86421 -0.48141
-0.465668 -0.635523 -0.397115 -0.16230 -0.88474 -0.43692
-0.447366 -0.605984 -0.457604 -0.15673 -0.84809 -0.50614
-0.477166 -0.530453 -0.556166 -0.17093 -0.75863 -0.62870
-0.501739 -0.569469 -0.497390 -0.17867 -0.80971 -0.55897
-0.451649 -0.551762 -0.536315 -0.16041 -0.78276 -0.60130
-0.516652 -0.528400 -0.547408 -0.18614 -0.76021 -0.62245
-0.463558 -0.570833 -0.507040 -0.16414 -0.80734 -0.56679
-0.541261 -0.632459 -0.372200 -0.19066 -0.89010 -0.41397
-0.523096 -0.603491 -0.435849 -0.18517 -0.85347 -0.48714
-0.571459 -0.616407 -0.391501 -0.20313 -0.87508 -0.43929
-0.503084 -0.634289 -0.384986 -0.17622 -0.88751 -0.42575
-0.562011 -0.601481 -0.423873 -0.20025 -0.85595 -0.47671
-0.494279 -0.620131 -0.416499 -0.17357 -0.86988 -0.46171
-0.598595 -0.522830 -0.527401 -0.21870 -0.76292 -0.60838
-0.541309 -0.567547 -0.486931 -0.19387 -0.81193 -0.55063
-0.611162 -0.542862 -0.496308 -0.22276 -0.79018 -0.57096
-0.557177 -0.525872 -0.537829 -0.20207 -0.76165 -0.61568
-0.581339 -0.565064 -0.475860 -0.20970 -0.81394 -0.54178
-0.529464 -0.548510 -0.517692 -0.19021 -0.78690 -0.58704
-0.025858 -0.672614 0.405822 -0.00877 -0.90238 0.43084
-0.077535 -0.678979 0.390017 -0.02609 -0.91005 0.41367
-0.041993 -0.662680 0.425598 -0.01414 -0.89163 0.45255
-0.025778 -0.683983 0.381016 -0.00864 -0.91521 0.40288
-0.181626 -0.688620 0.356216 -0.06105 -0.92374 0.37812
-0.129373 -0.684315 0.373514 -0.04347 -0.91716 0.39613
-0.074633 -0.640954 0.464517 -0.02529 -0.86747 0.49685
-0.094003 -0.669165 0.409835 -0.03164 -0.89966 0.43545
-0.058281 -0.652117 0.445190 -0.01967 -0.87992 0.47471
-0.068010 -0.666058 0.417790 -0.02288 -0.89572 0.44403
-0.025642 -0.704380 0.330659 -0.00857 -0.93755 0.34775
-0.077325 -0.689918 0.364928 -0.02590 -0.92234 0.38551
-0.025713 -0.694585 0.355917 -0.00859 -0.92685 0.37534
-0.051577 -0.687081 0.373049 -0.01726 -0.91884 0.39425
-0.399898 -0.694498 0.276476 -0.13621 -0.94493 0.29759
-0.343428 -0.694916 0.298304 -0.11636 -0.94046 0.31936
-0.234548 -0.691867 0.338008 -0.07894 -0.92985 0.35936
-0.288396 -0.693996 0.318755 -0.09733 -0.93542 0.33989
-0.141365 -0.589673 0.539524 -0.04864 -0.80935 0.58531
-0.161831 -0.623325 0.487298 -0.05527 -0.84940 0.52484
-0.124598 -0.603459 0.521228 -0.04263 -0.82519 0.56325
-0.199354 -0.678932 0.376193 -0.06721 -0.91395 0.40021
-0.181178 -0.653087 0.432758 -0.06145 -0.88420 0.46305
-0.172890 -0.676895 0.384882 -0.05819 -0.91059 0.40919
-0.091318 -0.629042 0.483782 -0.03101 -0.85417 0.51908
-0.144764 -0.635718 0.468367 -0.04917 -0.86318 0.50250
-0.107884 -0.616594 0.502619 -0.03679 -0.84009 0.54119
-0.101163 -0.644364 0.456895 -0.03426 -0.87186 0.48855
-0.134831 -0.620086 0.495066 -0.04596 -0.84483 0.53305
-0.120367 -0.672013 0.401675 -0.04047 -0.90345 0.42678
-0.154485 -0.650492 0.440905 -0.05228 -0.88028 0.47156
-0.146531 -0.674587 0.393378 -0.04931 -0.90709 0.41803
-0.110858 -0.658701 0.429485 -0.03742 -0.88830 0.45774
-0.163831 -0.664171 0.413153 -0.05531 -0.89606 0.44048
-0.127811 -0.647544 0.449024 -0.04327 -0.87613 0.48012
-0.025472 -0.735949 0.227574 -0.00852 -0.97143 0.23717
-0.076728 -0.725952 0.261973 -0.02554 -0.96140 0.27397
-0.025523 -0.729228 0.253480 -0.00845 -0.96424 0.26489
-0.181271 -0.698807 0.330218 -0.06080 -0.93513 0.34906
-0.128587 -0.713633 0.296152 -0.04291 -0.94938 0.31119
-0.155205 -0.696979 0.339188 -0.05194 -0.93209 0.35848
-0.025630 -0.713493 0.304931 -0.00854 -0.94737 0.32003
-0.076882 -0.718168 0.287835 -0.02555 -0.95300 0.30190
-0.025569 -0.721734 0.279309 -0.00849 -0.95625 0.29244
-0.051354 -0.707102 0.322250 -0.01710 -0.94070 0.33880
-0.051168 -0.723982 0.270701 -0.01696 -0.95887 0.28333
-0.103368 -0.692552 0.356474 -0.03456 -0.92574 0.37657
-0.102941 -0.711704 0.305063 -0.03424 -0.94658 0.32065
-0.129212 -0.694887 0.347954 -0.04323 -0.92898 0.36760
-0.077285 -0.700121 0.339446 -0.02578 -0.93350 0.35766
-0.128957 -0.704671 0.322122 -0.04304 -0.93963 0.33946
-0.077144 -0.709549 0.313703 -0.02567 -0.94372 0.32974
-0.923893 -0.607379 0.022485 -0.35579 -0.93419 0.02656
-0.851598 -0.630948 0.064666 -0.31919 -0.94465 0.07580
-0.935628 -0.600896 0.059289 -0.36236 -0.92921 0.07254
-0.888802 -0.620654 0.000000 -0.33751 -0.94132 0.00000
-0.711597 -0.664030 0.138587 -0.25585 -0.95392 0.15675
-0.780629 -0.649562 0.103278 -0.28603 -0.95082 0.11884
-0.953670 -0.584081 0.133970 -0.37329 -0.91281 0.16565
-0.861050 -0.624027 0.100261 -0.32423 -0.93843 0.11930
-0.945591 -0.593129 0.096552 -0.36820 -0.92214 0.11868
-0.898141 -0.613147 0.080269 -0.34279 -0.93442 0.09673
-0.818876 -0.643157 -0.042285 -0.30329 -0.95161 -0.04945
-0.818876 -0.643157 0.042285 -0.30329 -0.95161 0.04945
-0.853695 -0.632563 -0.021608 -0.32002 -0.94707 -0.02555
-0.853695 -0.632563 0.021608 -0.32002 -0.94707 0.02555
-0.458056 -0.692566 0.253067 -0.15703 -0.94890 0.27373
-0.518135 -0.688890 0.227847 -0.17916 -0.95192 0.24851
-0.644804 -0.675042 0.170906 -0.22825 -0.95476 0.19064
-0.580335 -0.683173 0.200556 -0.20280 -0.95397 0.22096
-0.965459 -0.534956 0.283486 -0.38474 -0.85118 0.35702
-0.881504 -0.584115 0.244545 -0.33762 -0.89350 0.29608
-0.965685 -0.549088 0.246651 -0.38341 -0.87033 0.30906
-0.717290 -0.656288 0.171959 -0.25870 -0.94583 0.19616
-0.798270 -0.624065 0.207251 -0.29580 -0.92387 0.24282
-0.752254 -0.649747 0.155320 -0.27394 -0.94502 0.17859
-0.959740 -0.573655 0.171903 -0.37756 -0.90107 0.21338
-0.879111 -0.595864 0.208779 -0.33542 -0.90790 0.25141
-0.963775 -0.562014 0.209347 -0.38097 -0.88692 0.26122
-0.914008 -0.595949 0.153826 -0.35223 -0.91701 0.18715
-0.922292 -0.573719 0.227501 -0.35865 -0.89073 0.27924
-0.824038 -0.633749 0.119626 -0.30656 -0.94143 0.14049
-0.835986 -0.615915 0.190369 -0.31357 -0.92243 0.22539
-0.787896 -0.642256 0.137856 -0.28982 -0.94359 0.16014
-0.868652 -0.615930 0.136376 -0.32858 -0.93033 0.16289
-0.793792 -0.633750 0.172601 -0.29311 -0.93466 0.20122
-0.874691 -0.606533 0.172644 -0.33232 -0.92016 0.20705
-0.682849 -0.674809 -0.116724 -0.24330 -0.96101 -0.13137
-0.688532 -0.680426 -0.039061 -0.24518 -0.96848 -0.04395
-0.716050 -0.668372 -0.099360 -0.25739 -0.95971 -0.11274
-0.682849 -0.674809 0.116724 -0.24330 -0.96101 0.13137
-0.688532 -0.680426 0.039061 -0.24518 -0.96848 0.04395
-0.716050 -0.668372 0.099360 -0.25739 -0.95971 0.11274
-0.783941 -0.652688 -0.062240 -0.28725 -0.95515 -0.07193
-0.720539 -0.672750 -0.020049 -0.25893 -0.96563 -0.02268
-0.749815 -0.661014 -0.081192 -0.27197 -0.95780 -0.09298
-0.785833 -0.654201 -0.020795 -0.28789 -0.95736 -0.02403
-0.719040 -0.671288 -0.059765 -0.25840 -0.96366 -0.06782
-0.783941 -0.652688 0.062240 -0.28725 -0.95515 0.07193
-0.720539 -0.672750 0.020049 -0.25893 -0.96563 0.02268
-0.749815 -0.661014 0.081192 -0.27197 -0.95780 0.09298
-0.785833 -0.654201 0.020795 -0.28789 -0.95736 0.02403
-0.719040 -0.671288 0.059765 -0.25840 -0.96366 0.06782
-0.752976 -0.664049 0.000000 -0.27308 -0.96199 -0.00000
-0.279335 -0.451973 0.673984 -0.10023 -0.64338 0.75896
-0.306236 -0.495500 0.630139 -0.10907 -0.70082 0.70495
-0.262118 -0.471786 0.658817 -0.09296 -0.66858 0.73781
-0.314040 -0.450238 0.670611 -0.11235 -0.64332 0.75731
-0.354199 -0.573107 0.531124 -0.12436 -0.80033 0.58652
-0.331241 -0.535960 0.582420 -0.11711 -0.75319 0.64729
-0.227669 -0.509062 0.626981 -0.07993 -0.71436 0.69520
-0.288214 -0.513980 0.613885 -0.10151 -0.72351 0.68281
-0.244860 -0.490838 0.643115 -0.08641 -0.69208 0.71663
-0.275409 -0.493279 0.636811 -0.09734 -0.69666 0.71077
-0.385237 -0.446000 0.662400 -0.13892 -0.64222 0.75383
-0.341147 -0.494036 0.625905 -0.12131 -0.70146 0.70231
-0.349378 -0.448253 0.666753 -0.12542 -0.64281 0.75569
-0.327844 -0.472537 0.648748 -0.11691 -0.67302 0.73033
-0.422968 -0.684377 0.296808 -0.14513 -0.93596 0.32079
-0.409459 -0.662518 0.359049 -0.14113 -0.91003 0.38979
-0.393941 -0.684872 0.307800 -0.13441 -0.93377 0.33167
-0.374970 -0.606714 0.476569 -0.13069 -0.84226 0.52299
-0.393427 -0.636578 0.419092 -0.13632 -0.87879 0.45732
-0.337098 -0.684769 0.328735 -0.11440 -0.92882 0.35242
-0.380114 -0.662531 0.369088 -0.13025 -0.90741 0.39955
-0.365285 -0.684997 0.318446 -0.12430 -0.93137 0.34219
-0.387334 -0.674199 0.338722 -0.13245 -0.92124 0.36576
-0.159177 -0.574570 0.558253 -0.05484 -0.79214 0.60787
-0.216581 -0.580251 0.544535 -0.07475 -0.80114 0.59379
-0.176128 -0.559352 0.575923 -0.06101 -0.77421 0.62998
-0.169723 -0.592645 0.532772 -0.05834 -0.81382 0.57818
-0.334509 -0.588844 0.513069 -0.11623 -0.81822 0.56304
-0.274922 -0.585027 0.529529 -0.09515 -0.80982 0.57891
-0.323752 -0.571455 0.539459 -0.11291 -0.79639 0.59415
-0.210297 -0.526690 0.610249 -0.07352 -0.73551 0.67351
-0.234210 -0.564933 0.562321 -0.08130 -0.78336 0.61623
-0.193201 -0.543376 0.593287 -0.06721 -0.75541 0.65180
-0.240101 -0.529337 0.603837 -0.08403 -0.74011 0.66721
-0.205085 -0.562261 0.569267 -0.07109 -0.77884 0.62318
-0.190036 -0.625908 0.479828 -0.06489 -0.85349 0.51704
-0.227029 -0.597965 0.518302 -0.07818 -0.82249 0.56339
-0.180024 -0.609781 0.506586 -0.06165 -0.83433 0.54780
-0.198309 -0.595411 0.525698 -0.06820 -0.81818 0.57090
-0.300628 -0.534069 0.589826 -0.10550 -0.74917 0.65392
-0.263924 -0.567357 0.555020 -0.09169 -0.78780 0.60907
-0.312441 -0.553166 0.565088 -0.10933 -0.77343 0.62438
-0.270242 -0.531797 0.597032 -0.09470 -0.74466 0.66069
-0.293631 -0.569536 0.547423 -0.10222 -0.79214 0.60172
-0.252204 -0.548798 0.579809 -0.08795 -0.76462 0.63845
-0.536557 -0.433765 0.638955 -0.19798 -0.63874 0.74352
-0.488140 -0.485805 0.602823 -0.17695 -0.70277 0.68906
-0.497641 -0.437356 0.645785 -0.18226 -0.63977 0.74664
-0.389504 -0.572149 0.524570 -0.13691 -0.80228 0.58104
-0.438916 -0.531790 0.564455 -0.15655 -0.75681 0.63460
-0.378265 -0.553983 0.551175 -0.13318 -0.77906 0.61264
-0.422218 -0.443438 0.657427 -0.15290 -0.64153 0.75171
-0.450523 -0.488259 0.609542 -0.16221 -0.70242 0.69303
-0.459486 -0.440573 0.651935 -0.16732 -0.64071 0.74933
-0.399630 -0.468616 0.639547 -0.14365 -0.67283 0.72571
-0.474198 -0.463589 0.627960 -0.17221 -0.67237 0.71990
-0.354140 -0.514999 0.601771 -0.12548 -0.72875 0.67318
-0.426376 -0.511727 0.590374 -0.15236 -0.73023 0.66600
-0.366449 -0.534892 0.576965 -0.12943 -0.75460 0.64329
-0.376883 -0.492495 0.620938 -0.13449 -0.70191 0.69945
-0.402377 -0.533511 0.570979 -0.14268 -0.75569 0.63920
-0.413379 -0.490577 0.615486 -0.14814 -0.70224 0.69636
-0.227332 -0.680691 0.367040 -0.07656 -0.91722 0.39095
-0.266291 -0.659066 0.406572 -0.09040 -0.89514 0.43651
-0.254241 -0.682160 0.357887 -0.08584 -0.92034 0.38159
-0.218474 -0.668523 0.395911 -0.07388 -0.90323 0.42275
-0.345073 -0.605920 0.484921 -0.11943 -0.83901 0.53084
-0.305568 -0.634234 0.445915 -0.10467 -0.86926 0.48315
-0.354693 -0.621469 0.457016 -0.12256 -0.85808 0.49867
-0.315178 -0.604287 0.493857 -0.10900 -0.83502 0.53932
-0.308959 -0.684216 0.338788 -0.10467 -0.92612 0.36240
-0.294025 -0.660434 0.397618 -0.10013 -0.89845 0.42750
-0.281481 -0.683339 0.348466 -0.09517 -0.92330 0.37210
-0.329956 -0.673609 0.358832 -0.11227 -0.91582 0.38557
-0.274100 -0.671680 0.377784 -0.09291 -0.90985 0.40441
-0.199856 -0.641185 0.452244 -0.06800 -0.87141 0.48582
-0.256941 -0.645380 0.435252 -0.08761 -0.87905 0.46860
-0.209303 -0.655338 0.424357 -0.07098 -0.88797 0.45440
-0.218566 -0.628373 0.471841 -0.07466 -0.85758 0.50891
-0.237705 -0.657333 0.415627 -0.08069 -0.89162 0.44553
-0.372196 -0.649755 0.399161 -0.12789 -0.89223 0.43310
-0.314303 -0.648248 0.417589 -0.10749 -0.88603 0.45100
-0.363750 -0.636104 0.428382 -0.12533 -0.87580 0.46613
-0.351075 -0.662122 0.378986 -0.12002 -0.90453 0.40916
-0.334432 -0.635319 0.437324 -0.11496 -0.87261 0.47470
-0.322345 -0.661418 0.388497 -0.10997 -0.90154 0.41848
-0.256328 -0.600300 0.510505 -0.08833 -0.82673 0.55562
-0.276478 -0.632470 0.455000 -0.09466 -0.86543 0.49201
-0.285562 -0.602411 0.502384 -0.09859 -0.83090 0.54762
-0.237427 -0.614735 0.491294 -0.08145 -0.84268 0.53222
-0.295793 -0.618837 0.474466 -0.10178 -0.85080 0.51554
-0.247412 -0.630563 0.463564 -0.08459 -0.86156 0.50057
-0.025505 -0.763115 0.015763 -0.00882 -0.99984 0.01541
-0.076641 -0.761224 0.047367 -0.02561 -0.99851 0.04820
-0.025509 -0.762322 0.042192 -0.00837 -0.99901 0.04371
-0.051076 -0.762923 0.000000 -0.01676 -0.99986 -0.00000
-0.180293 -0.751510 0.111427 -0.05997 -0.99152 0.11533
-0.128154 -0.757391 0.079204 -0.04261 -0.99577 0.08143
-0.025530 -0.758554 0.095040 -0.00840 -0.99509 0.09859
-0.076664 -0.759551 0.073919 -0.02519 -0.99674 0.07670
-0.025513 -0.760800 0.068661 -0.00838 -0.99743 0.07112
-0.051082 -0.761176 0.058042 -0.01676 -0.99805 0.06014
-0.102544 -0.761107 -0.031634 -0.03370 -0.99889 -0.03282
-0.102544 -0.761107 0.031634 -0.03370 -0.99889 0.03282
-0.076788 -0.762255 -0.015816 -0.02519 -0.99955 -0.01638
-0.076788 -0.762255 0.015816 -0.02519 -0.99955 0.01638
-0.399711 -0.703238 0.247035 -0.13622 -0.95474 0.26443
-0.342818 -0.719621 0.211873 -0.11576 -0.96757 0.22450
-0.371505 -0.703833 0.258551 -0.12584 -0.95271 0.27660
-0.233301 -0.743418 0.144188 -0.07780 -0.98556 0.15037
-0.287406 -0.732887 0.177627 -0.09636 -0.97770 0.18658
-0.316122 -0.703970 0.280455 -0.10656 -0.94841 0.29862
-0.315711 -0.719967 0.223398 -0.10596 -0.96576 0.23683
-0.343612 -0.704069 0.269703 -0.11611 -0.95063 0.28779
-0.343413 -0.712313 0.240842 -0.11578 -0.95960 0.25644
-0.025617 -0.742177 0.200340 -0.00853 -0.97790 0.20888
-0.076871 -0.745358 0.180241 -0.02542 -0.98186 0.18789
-0.025576 -0.747368 0.174215 -0.00843 -0.98342 0.18115
-0.051162 -0.737987 0.217635 -0.01690 -0.97376 0.22694
-0.180389 -0.747931 0.138553 -0.05968 -0.98766 0.14477
-0.128373 -0.747286 0.159685 -0.04242 -0.98512 0.16655
-0.154293 -0.751626 0.122258 -0.05088 -0.99055 0.12733
-0.025519 -0.755543 0.121669 -0.00841 -0.99197 0.12618
-0.076776 -0.750010 0.153905 -0.02530 -0.98680 0.15998
-0.025548 -0.751828 0.147948 -0.00841 -0.98809 0.15367
-0.051112 -0.756495 0.111178 -0.01680 -0.99318 0.11535
-0.051190 -0.748846 0.164106 -0.01685 -0.98519 0.17062
-0.102737 -0.727929 0.252020 -0.03407 -0.96399 0.26375
-0.102739 -0.741117 0.197472 -0.03395 -0.97798 0.20593
-0.076889 -0.733237 0.234876 -0.02543 -0.96911 0.24531
-0.076943 -0.739713 0.207585 -0.02540 -0.97596 0.21646
-0.102546 -0.757412 0.090018 -0.03369 -0.99505 0.09346
-0.102666 -0.750877 0.143423 -0.03379 -0.98823 0.14918
-0.128325 -0.754783 0.106067 -0.04225 -0.99300 0.11029
-0.076810 -0.757120 0.100613 -0.02523 -0.99421 0.10442
-0.128394 -0.751411 0.132938 -0.04231 -0.98948 0.13833
-0.076843 -0.753936 0.127319 -0.02527 -0.99090 0.13223
-0.207691 -0.751435 -0.095894 -0.06876 -0.99260 -0.10013
-0.208853 -0.755639 -0.032000 -0.06907 -0.99705 -0.03338
-0.181180 -0.754635 -0.079730 -0.05976 -0.99475 -0.08304
-0.207691 -0.751435 0.095894 -0.06876 -0.99260 0.10013
-0.208853 -0.755639 0.032000 -0.06907 -0.99705 0.03338
-0.181180 -0.754635 0.079730 -0.05976 -0.99475 0.08304
-0.128769 -0.759448 -0.047691 -0.04231 -0.99788 -0.04947
-0.182068 -0.757768 -0.016090 -0.05998 -0.99806 -0.01668
-0.154839 -0.757304 -0.063644 -0.05100 -0.99650 -0.06618
-0.128901 -0.760493 -0.015925 -0.04239 -0.99896 -0.01652
-0.181772 -0.756724 -0.047893 -0.05993 -0.99696 -0.04988
-0.128769 -0.759448 0.047691 -0.04231 -0.99788 0.04947
-0.182068 -0.757768 0.016090 -0.05998 -0.99806 0.01668
-0.154839 -0.757304 0.063644 -0.05100 -0.99650 0.06618
-0.128901 -0.760493 0.015925 -0.04239 -0.99896 0.01652
-0.181772 -0.756724 0.047893 -0.05993 -0.99696 0.04988
-0.155443 -0.759383 0.000000 -0.05116 -0.99869 0.00000
-0.208648 -0.700510 0.320389 -0.06986 -0.93815 0.33912
-0.209245 -0.718210 0.266064 -0.06972 -0.95737 0.28031
-0.235068 -0.701797 0.310895 -0.07887 -0.94089 0.32940
-0.181848 -0.708319 0.303376 -0.06074 -0.94547 0.32001
-0.207640 -0.743503 0.155593 -0.06870 -0.98427 0.16279
-0.208900 -0.732526 0.211068 -0.06933 -0.97269 0.22150
-0.234176 -0.738622 0.172210 -0.07779 -0.98046 0.18068
-0.181221 -0.743411 0.166232 -0.05996 -0.98297 0.17372
-0.288657 -0.703535 0.291008 -0.09716 -0.94602 0.30921
-0.235397 -0.719078 0.255990 -0.07864 -0.95966 0.26994
-0.261765 -0.702813 0.301089 -0.08794 -0.94351 0.31945
-0.288845 -0.712212 0.262876 -0.09697 -0.95547 0.27870
-0.235356 -0.710878 0.283508 -0.07878 -0.95078 0.29969
-0.129012 -0.721981 0.269263 -0.04284 -0.95834 0.28240
-0.182288 -0.724835 0.249057 -0.06060 -0.96330 0.26151
-0.155281 -0.715474 0.286317 -0.05172 -0.95218 0.30113
-0.129084 -0.729557 0.242029 -0.04280 -0.96642 0.25336
-0.182192 -0.717006 0.276273 -0.06071 -0.95486 0.29078
-0.288090 -0.726919 0.206041 -0.09635 -0.97127 0.21762
-0.235247 -0.726490 0.228020 -0.07843 -0.96758 0.24008
-0.261016 -0.733100 0.189040 -0.08697 -0.97615 0.19893
-0.288660 -0.720015 0.234504 -0.09670 -0.96389 0.24812
-0.234821 -0.732973 0.200201 -0.07813 -0.97450 0.21034
-0.261861 -0.719712 0.245382 -0.08758 -0.96185 0.25917
-0.128914 -0.742221 0.187094 -0.04256 -0.97983 0.19524
-0.182192 -0.731902 0.221383 -0.06045 -0.97081 0.23212
-0.154954 -0.742979 0.176748 -0.05123 -0.98149 0.18452
-0.129057 -0.736312 0.214591 -0.04271 -0.97359 0.22426
-0.181817 -0.738062 0.193890 -0.06025 -0.97735 0.20289
-0.155595 -0.730887 0.231802 -0.05160 -0.96870 0.24280
-0.887444 -0.384876 0.548470 -0.35723 -0.61922 0.69925
-0.830168 -0.449906 0.513072 -0.32395 -0.70195 0.63429
-0.903765 -0.406177 0.519850 -0.36482 -0.65452 0.66220
-0.840192 -0.393453 0.564092 -0.33366 -0.62373 0.70685
-0.706081 -0.554620 0.436382 -0.26070 -0.81928 0.51070
-0.769052 -0.506306 0.475300 -0.29151 -0.76756 0.57085
-0.931232 -0.447054 0.458426 -0.37568 -0.71999 0.58350
-0.842759 -0.469491 0.483516 -0.32922 -0.73234 0.59606
-0.918428 -0.426965 0.489765 -0.37073 -0.68797 0.62390
-0.873784 -0.438995 0.501998 -0.34691 -0.69575 0.62896
-0.748766 -0.408112 0.591012 -0.28935 -0.62979 0.72086
-0.784657 -0.456338 0.528316 -0.30274 -0.70314 0.64338
-0.793878 -0.401185 0.578247 -0.31081 -0.62700 0.71433
-0.812953 -0.425987 0.546542 -0.31821 -0.66560 0.67507
-0.458199 -0.683268 0.283183 -0.15709 -0.93833 0.30799
-0.518305 -0.659142 0.320330 -0.18027 -0.91799 0.35326
-0.488293 -0.681869 0.271289 -0.16854 -0.94030 0.29568
-0.451941 -0.673147 0.315228 -0.15570 -0.92639 0.34287
-0.642707 -0.595626 0.397215 -0.23194 -0.86018 0.45420
-0.579914 -0.630185 0.358407 -0.20515 -0.89241 0.40190
-0.550188 -0.677634 0.246062 -0.19174 -0.94336 0.27075
-0.550188 -0.657131 0.308517 -0.19283 -0.91994 0.34137
-0.518991 -0.680002 0.258904 -0.17993 -0.94195 0.28348
-0.519044 -0.670072 0.289794 -0.18044 -0.93072 0.31812
-0.437429 -0.649670 0.377833 -0.15141 -0.89810 0.41291
-0.510966 -0.647353 0.352837 -0.17859 -0.90361 0.38934
-0.445006 -0.661923 0.346847 -0.15365 -0.91294 0.37805
-0.481325 -0.660813 0.333941 -0.16695 -0.91564 0.36569
-0.962584 -0.519042 0.321477 -0.38500 -0.82911 0.40540
-0.875886 -0.540326 0.353896 -0.33911 -0.83563 0.43213
-0.957940 -0.502571 0.357024 -0.38434 -0.80493 0.45208
-0.922243 -0.546168 0.301390 -0.36145 -0.85461 0.37283
-0.712835 -0.570486 0.405962 -0.26302 -0.84106 0.47268
-0.792529 -0.557208 0.381834 -0.29880 -0.83930 0.45419
-0.745608 -0.548306 0.425544 -0.27874 -0.81860 0.50218
-0.942281 -0.466568 0.425489 -0.37964 -0.75039 0.54110
-0.870441 -0.524054 0.387521 -0.33797 -0.81249 0.47500
-0.951138 -0.485029 0.391792 -0.38254 -0.77872 0.49725
-0.897532 -0.478116 0.439641 -0.35549 -0.75604 0.54957
-0.913733 -0.513925 0.372878 -0.36037 -0.80916 0.46411
-0.840805 -0.593040 0.262076 -0.31776 -0.89512 0.31271
-0.837851 -0.565057 0.333568 -0.31889 -0.85888 0.40080
-0.881498 -0.570805 0.281534 -0.33902 -0.87650 0.34179
-0.879614 -0.556174 0.318086 -0.33951 -0.85708 0.38749
-0.810673 -0.498017 0.464374 -0.31186 -0.76481 0.56375
-0.827624 -0.533139 0.401273 -0.31693 -0.81509 0.48495
-0.778320 -0.524157 0.445075 -0.29500 -0.79338 0.53247
-0.853582 -0.488574 0.452592 -0.33292 -0.76079 0.55710
-0.786177 -0.541168 0.413844 -0.29724 -0.81711 0.49394
-0.862849 -0.506811 0.420514 -0.33585 -0.78760 0.51662
-0.578480 -0.429534 0.630948 -0.21479 -0.63744 0.73996
-0.611960 -0.475856 0.576546 -0.22636 -0.70355 0.67363
-0.619325 -0.425035 0.622480 -0.23205 -0.63589 0.73607
-0.553609 -0.457076 0.613269 -0.20372 -0.67169 0.71227
-0.664587 -0.558081 0.451166 -0.24347 -0.81737 0.52214
-0.640849 -0.518932 0.516450 -0.23595 -0.76386 0.60070
-0.695040 -0.535597 0.470715 -0.25788 -0.79350 0.55123
-0.704210 -0.414425 0.602666 -0.26909 -0.63217 0.72660
-0.653314 -0.471832 0.566282 -0.24402 -0.70361 0.66737
-0.661291 -0.420008 0.613069 -0.25004 -0.63417 0.73165
-0.722768 -0.438689 0.573261 -0.27589 -0.66861 0.69054
-0.636910 -0.448840 0.595116 -0.23826 -0.67044 0.70267
-0.502980 -0.507378 0.575869 -0.18169 -0.73208 0.65655
-0.584631 -0.501588 0.557602 -0.21417 -0.73388 0.64464
-0.528363 -0.483053 0.594839 -0.19262 -0.70319 0.68441
-0.569683 -0.479750 0.586091 -0.20918 -0.70345 0.67926
-0.755116 -0.484957 0.509329 -0.28743 -0.73687 0.61189
-0.668662 -0.494220 0.535615 -0.24922 -0.73541 0.63013
-0.725326 -0.511212 0.490171 -0.27247 -0.76683 0.58115
-0.739804 -0.462277 0.542078 -0.28203 -0.70363 0.65220
-0.682526 -0.515404 0.503872 -0.25383 -0.76539 0.59140
-0.695956 -0.467425 0.554716 -0.26245 -0.70378 0.66016
-0.681495 -0.662141 0.188799 -0.24391 -0.94607 0.21320
-0.685298 -0.643116 0.255790 -0.24677 -0.92447 0.29062
-0.647823 -0.667014 0.203985 -0.22997 -0.94595 0.22869
-0.720349 -0.647574 0.206294 -0.26074 -0.93618 0.23577
-0.678923 -0.591556 0.385681 -0.24766 -0.86120 0.44384
-0.684473 -0.619540 0.321655 -0.24807 -0.89621 0.36779
-0.646360 -0.610170 0.366189 -0.23300 -0.87865 0.41677
-0.717196 -0.586133 0.374068 -0.26385 -0.86120 0.43442
-0.582315 -0.674698 0.232506 -0.20402 -0.94454 0.25733
-0.650613 -0.647606 0.269732 -0.23231 -0.92384 0.30422
-0.614720 -0.671184 0.218568 -0.21675 -0.94541 0.24335
-0.583091 -0.665157 0.264484 -0.20490 -0.93375 0.29348
-0.649761 -0.657857 0.237001 -0.23134 -0.93568 0.26643
-0.799977 -0.613270 0.242886 -0.29762 -0.91105 0.28532
-0.722850 -0.626549 0.274445 -0.26335 -0.91157 0.31573
-0.759922 -0.631319 0.224350 -0.27865 -0.92460 0.25973
-0.800458 -0.601058 0.278422 -0.29884 -0.89611 0.32815
-0.722205 -0.637646 0.240540 -0.26225 -0.92477 0.27574
-0.582040 -0.642805 0.327631 -0.20572 -0.90775 0.36562
-0.650288 -0.636147 0.302502 -0.23293 -0.91035 0.34207
-0.614003 -0.627235 0.346803 -0.21909 -0.89406 0.39072
-0.582995 -0.654511 0.296259 -0.20546 -0.92147 0.32966
-0.648897 -0.623703 0.334546 -0.23317 -0.89529 0.37959
-0.616512 -0.651350 0.283322 -0.21863 -0.92279 0.31727
-0.796487 -0.572994 0.348176 -0.29942 -0.86007 0.41306
-0.722179 -0.614153 0.308370 -0.26398 -0.89653 0.35574
-0.756440 -0.579967 0.361565 -0.28113 -0.86082 0.42421
-0.799287 -0.587603 0.313614 -0.29944 -0.87909 0.37086
-0.720325 -0.600719 0.341458 -0.26414 -0.87975 0.39530
-0.760852 -0.608070 0.293861 -0.28091 -0.89654 0.34249
-0.400719 -0.590277 0.495680 -0.14027 -0.82471 0.54789
-0.474551 -0.588859 0.476832 -0.16761 -0.83011 0.53181
-0.410784 -0.606549 0.467406 -0.14331 -0.84527 0.51477
-0.426106 -0.571715 0.516097 -0.15019 -0.80481 0.57421
-0.632450 -0.579857 0.430556 -0.22938 -0.83922 0.49304
-0.551639 -0.585523 0.455299 -0.19713 -0.83501 0.51371
-0.601928 -0.598878 0.411002 -0.21598 -0.85828 0.46553
-0.622484 -0.561927 0.463945 -0.22628 -0.81573 0.53234
-0.429124 -0.636207 0.408590 -0.14893 -0.88180 0.44749
-0.484609 -0.604986 0.447156 -0.17066 -0.85083 0.49696
-0.420271 -0.621893 0.438312 -0.14621 -0.86421 0.48141
-0.465668 -0.635523 0.397115 -0.16230 -0.88474 0.43692
-0.447366 -0.605984 0.457604 -0.15673 -0.84809 0.50614
-0.477166 -0.530453 0.556166 -0.17093 -0.75863 0.62870
-0.501739 -0.569469 0.497390 -0.17867 -0.80971 0.55897
-0.451649 -0.551762 0.536315 -0.16041 -0.78276 0.60130
-0.516652 -0.528400 0.547408 -0.18614 -0.76021 0.62245
-0.463558 -0.570833 0.507040 -0.16414 -0.80734 0.56679
-0.541261 -0.632459 0.372200 -0.19066 -0.89010 0.41397
-0.523096 -0.603491 0.435849 -0.18517 -0.85347 0.48714
-0.571459 -0.616407 0.391501 -0.20313 -0.87508 0.43929
-0.503084 -0.634289 0.384986 -0.17622 -0.88751 0.42575
-0.562011 -0.601481 0.423873 -0.20025 -0.85595 0.47671
-0.494279 -0.620131 0.416499 -0.17357 -0.86988 0.46171
-0.598595 -0.522830 0.527401 -0.21870 -0.76292 0.60838
-0.541309 -0.567547 0.486931 -0.19387 -0.81193 0.55063
-0.611162 -0.542862 0.496308 -0.22276 -0.79018 0.57096
-0.557177 -0.525872 0.537829 -0.20207 -0.76165 0.61568
-0.581339 -0.565064 0.475860 -0.20970 -0.81394 0.54178
-0.529464 -0.548510 0.517692 -0.19021 -0.78690 0.58704
-0.433875 -0.702024 -0.232753 -0.14764 -0.95674 -0.25070
-0.442112 -0.715353 -0.167275 -0.15002 -0.97222 -0.17969
-0.462996 -0.700551 -0.220283 -0.15850 -0.95822 -0.23811
-0.404409 -0.710833 -0.215029 -0.13719 -0.96340 -0.23029
-0.450399 -0.728762 -0.033660 -0.15238 -0.98766 -0.03609
-0.447632 -0.724283 -0.100775 -0.15160 -0.98252 -0.10806
-0.522705 -0.696213 -0.193832 -0.18053 -0.96060 -0.21132
-0.470815 -0.713184 -0.153659 -0.16079 -0.97299 -0.16563
-0.492645 -0.698622 -0.207305 -0.16934 -0.95953 -0.22502
-0.467258 -0.707435 -0.187091 -0.15973 -0.96628 -0.20198
-0.346742 -0.725930 -0.180253 -0.11649 -0.97462 -0.19118
-0.411837 -0.722852 -0.150036 -0.13933 -0.97720 -0.16020
-0.375325 -0.718795 -0.197501 -0.12670 -0.96935 -0.21049
-0.408456 -0.717386 -0.182626 -0.13837 -0.97092 -0.19535
-0.433875 -0.702024 0.232753 -0.14764 -0.95674 0.25070
-0.442112 -0.715353 0.167275 -0.15002 -0.97222 0.17969
-0.462996 -0.700551 0.220283 -0.15850 -0.95822 0.23811
-0.404409 -0.710833 0.215029 -0.13719 -0.96340 0.23029
-0.450399 -0.728762 0.033660 -0.15238 -0.98766 0.03609
-0.447632 -0.724283 0.100775 -0.15160 -0.98252 0.10806
-0.522705 -0.696213 0.193832 -0.18053 -0.96060 0.21132
-0.470815 -0.713184 0.153659 -0.16079 -0.97299 0.16563
-0.492645 -0.698622 0.207305 -0.16934 -0.95953 0.22502
-0.467258 -0.707435 0.187091 -0.15973 -0.96628 0.20198
-0.346742 -0.725930 0.180253 -0.11649 -0.97462 0.19118
-0.411837 -0.722852 0.150036 -0.13933 -0.97720 0.16020
-0.375325 -0.718795 0.197501 -0.12670 -0.96935 0.21049
-0.408456 -0.717386 0.182626 -0.13837 -0.97092 0.19535
-0.648524 -0.680728 -0.133904 -0.22949 -0.96178 -0.14934
-0.590458 -0.699066 -0.093112 -0.20588 -0.97322 -0.10226
-0.616388 -0.685557 -0.149803 -0.21650 -0.96204 -0.16614
-0.652597 -0.684802 -0.095984 -0.23070 -0.96711 -0.10711
-0.478016 -0.724798 -0.017673 -0.16296 -0.98645 -0.01878
-0.533574 -0.713575 -0.054406 -0.18377 -0.98120 -0.05890
-0.477291 -0.723626 -0.051760 -0.16262 -0.98511 -0.05570
-0.553627 -0.693230 -0.179683 -0.19214 -0.96140 -0.19694
-0.560084 -0.703471 -0.109123 -0.19400 -0.97371 -0.11937
-0.584707 -0.689713 -0.165068 -0.20411 -0.96189 -0.18193
-0.526740 -0.702343 -0.159315 -0.18168 -0.96793 -0.17351
-0.588091 -0.695021 -0.129187 -0.20509 -0.96835 -0.14227
-0.656701 -0.688907 -0.019374 -0.23201 -0.97247 -0.02154
-0.592991 -0.701647 -0.056096 -0.20654 -0.97650 -0.06164
-0.655331 -0.687536 -0.057726 -0.23159 -0.97068 -0.06442
-0.622583 -0.693734 -0.075753 -0.21841 -0.97224 -0.08390
-0.473705 -0.717834 -0.119692 -0.16162 -0.97839 -0.12900
-0.532011 -0.711076 -0.089408 -0.18321 -0.97825 -0.09727
-0.475850 -0.721301 -0.085823 -0.16221 -0.98242 -0.09237
-0.500052 -0.710535 -0.139297 -0.17149 -0.97357 -0.15084
-0.504539 -0.717741 -0.070358 -0.17276 -0.98202 -0.07608
-0.529850 -0.707307 -0.124444 -0.18257 -0.97382 -0.13542
-0.235870 -0.747461 -0.113043 -0.07806 -0.98993 -0.11808
-0.295188 -0.745327 -0.082725 -0.09815 -0.99139 -0.08670
-0.262963 -0.743078 -0.129504 -0.08741 -0.98686 -0.13592
-0.236737 -0.750681 -0.080898 -0.07842 -0.99333 -0.08458
-0.418658 -0.733924 -0.017466 -0.14119 -0.98981 -0.01827
-0.356015 -0.740922 -0.050950 -0.11910 -0.99144 -0.05356
-0.417967 -0.732805 -0.050646 -0.14112 -0.98852 -0.05401
-0.318234 -0.732388 -0.163000 -0.10653 -0.97928 -0.17225
-0.323465 -0.740795 -0.099161 -0.10807 -0.98863 -0.10458
-0.290452 -0.738058 -0.146179 -0.09685 -0.98333 -0.15389
-0.349850 -0.731277 -0.148135 -0.11743 -0.98060 -0.15696
-0.293049 -0.742212 -0.114483 -0.09762 -0.98791 -0.12044
-0.237607 -0.753909 -0.016341 -0.07867 -0.99676 -0.01700
-0.295769 -0.747577 -0.049833 -0.09845 -0.99377 -0.05229
-0.237318 -0.752833 -0.048600 -0.07856 -0.99561 -0.05081
-0.266132 -0.749403 -0.065528 -0.08832 -0.99372 -0.06867
-0.414563 -0.727293 -0.116818 -0.14011 -0.98224 -0.12476
-0.354678 -0.738764 -0.083293 -0.11881 -0.98899 -0.08817
-0.416601 -0.730590 -0.083835 -0.14073 -0.98600 -0.08939
-0.381995 -0.729591 -0.132731 -0.12863 -0.98160 -0.14112
-0.386024 -0.736126 -0.067205 -0.12982 -0.98897 -0.07135
-0.352497 -0.735564 -0.115749 -0.11821 -0.98540 -0.12256
-0.648524 -0.680728 0.133904 -0.22949 -0.96178 0.14934
-0.590458 -0.699066 0.093112 -0.20588 -0.97322 0.10226
-0.616388 -0.685557 0.149803 -0.21650 -0.96204 0.16614
-0.652597 -0.684802 0.095984 -0.23070 -0.96711 0.10711
-0.478016 -0.724798 0.017673 -0.16296 -0.98645 0.01878
-0.533574 -0.713575 0.054406 -0.18377 -0.98120 0.05890
-0.477291 -0.723626 0.051760 -0.16262 -0.98511 0.05570
-0.506066 -0.720193 0.000000 -0.17322 -0.98488 -0.00000
-0.553627 -0.693230 0.179683 -0.19214 -0.96140 0.19694
-0.560084 -0.703471 0.109123 -0.19400 -0.97371 0.11937
-0.584707 -0.689713 0.165068 -0.20411 -0.96189 0.18193
-0.526740 -0.702343 0.159315 -0.18168 -0.96793 0.17351
-0.588091 -0.695021 0.129187 -0.20509 -0.96835 0.14227
-0.656701 -0.688907 0.019374 -0.23201 -0.97247 0.02154
-0.592991 -0.701647 0.056096 -0.20654 -0.97650 0.06164
-0.655331 -0.687536 0.057726 -0.23159 -0.97068 0.06442
-0.625223 -0.696403 0.000000 -0.21925 -0.97567 0.00000
-0.622583 -0.693734 0.075753 -0.21841 -0.97224 0.08390
-0.473705 -0.717834 0.119692 -0.16162 -0.97839 0.12900
-0.532011 -0.711076 0.089408 -0.18321 -0.97825 0.09727
-0.475850 -0.721301 0.085823 -0.16221 -0.98242 0.09237
-0.500052 -0.710535 0.139297 -0.17149 -0.97357 0.15084
-0.504539 -0.717741 0.070358 -0.17276 -0.98202 0.07608
-0.529850 -0.707307 0.124444 -0.18257 -0.97382 0.13542
-0.563408 -0.708715 -0.036793 -0.19502 -0.97997 -0.04021
-0.563408 -0.708715 0.036793 -0.19502 -0.97997 0.04021
-0.534576 -0.714843 -0.018169 -0.18393 -0.98274 -0.01973
-0.594068 -0.702992 -0.018735 -0.20691 -0.97814 -0.02059
-0.534576 -0.714843 0.018169 -0.18393 -0.98274 0.01973
-0.594068 -0.702992 0.018735 -0.20691 -0.97814 0.02059
-0.235870 -0.747461 0.113043 -0.07806 -0.98993 0.11808
-0.295188 -0.745327 0.082725 -0.09815 -0.99139 0.08670
-0.262963 -0.743078 0.129504 -0.08741 -0.98686 0.13592
-0.236737 -0.750681 0.080898 -0.07842 -0.99333 0.08458
-0.418658 -0.733924 0.017466 -0.14119 -0.98981 0.01827
-0.356015 -0.740922 0.050950 -0.11910 -0.99144 0.05356
-0.417967 -0.732805 0.050646 -0.14112 -0.98852 0.05401
-0.387403 -0.738365 0.000000 -0.13021 -0.99149 0.00000
-0.318234 -0.732388 0.163000 -0.10653 -0.97928 0.17225
-0.323465 -0.740795 0.099161 -0.10807 -0.98863 0.10458
-0.290452 -0.738058 0.146179 -0.09685 -0.98333 0.15389
-0.349850 -0.731277 0.148135 -0.11743 -0.98060 0.15696
-0.293049 -0.742212 0.114483 -0.09762 -0.98791 0.12044
-0.237607 -0.753909 0.016341 -0.07867 -0.99676 0.01700
-0.295769 -0.747577 0.049833 -0.09845 -0.99377 0.05229
-0.237318 -0.752833 0.048600 -0.07856 -0.99561 0.05081
-0.266715 -0.751611 0.000000 -0.08848 -0.99608 0.00000
-0.266132 -0.749403 0.065528 -0.08832 -0.99372 0.06867
-0.414563 -0.727293 0.116818 -0.14011 -0.98224 0.12476
-0.354678 -0.738764 0.083293 -0.11881 -0.98899 0.08817
-0.416601 -0.730590 0.083835 -0.14073 -0.98600 0.08939
-0.381995 -0.729591 0.132731 -0.12863 -0.98160 0.14112
-0.386024 -0.736126 0.067205 -0.12982 -0.98897 0.07135
-0.352497 -0.735564 0.115749 -0.11821 -0.98540 0.12256
-0.326140 -0.745133 -0.033537 -0.10881 -0.99343 -0.03534
-0.326140 -0.745133 0.033537 -0.10881 -0.99343 0.03534
-0.356522 -0.742090 -0.017018 -0.11939 -0.99269 -0.01797
-0.296263 -0.748693 -0.016646 -0.09854 -0.99498 -0.01746
-0.356522 -0.742090 0.017018 -0.11939 -0.99269 0.01797
-0.296263 -0.748693 0.016646 -0.09854 -0.99498 0.01746
-0.529346 0.019597 0.805195 -0.20433 0.02880 0.97848
-0.585482 0.060006 0.790232 -0.22807 0.09178 0.96931
-0.517561 0.051066 0.805871 -0.19875 0.07832 0.97692
-0.558166 0.000000 0.799317 -0.21599 0.00000 0.97640
-0.696569 0.145378 0.746467 -0.27651 0.22869 0.93340
-0.641396 0.101979 0.770815 -0.25219 0.15849 0.95461
-0.491817 0.112807 0.803023 -0.18764 0.17199 0.96706
-0.572130 0.091923 0.789443 -0.22152 0.14221 0.96473
-0.505023 0.082210 0.805128 -0.19335 0.12567 0.97305
-0.544907 0.071335 0.798183 -0.21009 0.10982 0.97150
-0.616093 -0.040506 0.784417 -0.24099 -0.06327 0.96846
-0.616093 0.040506 0.784417 -0.24099 0.06327 0.96846
-0.587145 -0.020056 0.792400 -0.22839 -0.03114 0.97307
-0.587145 0.020056 0.792400 -0.22839 0.03114 0.97307
-0.893954 0.326656 0.591253 -0.36599 0.53263 0.76312
-0.850076 0.281159 0.639368 -0.34595 0.45551 0.82026
-0.750325 0.189966 0.716714 -0.30046 0.30237 0.90460
-0.801826 0.235388 0.681127 -0.32388 0.37822 0.86721
-0.433251 0.229590 0.781908 -0.16239 0.34408 0.92479
-0.511779 0.214261 0.772340 -0.19434 0.32533 0.92542
-0.448590 0.201507 0.788937 -0.16893 0.30307 0.93788
-0.679376 0.178009 0.742525 -0.26739 0.28013 0.92197
-0.593709 0.197170 0.759442 -0.22911 0.30422 0.92464
-0.653071 0.156114 0.756103 -0.25593 0.24429 0.93532
-0.477900 0.143209 0.799540 -0.18163 0.21725 0.95907
-0.527691 0.184893 0.778532 -0.20145 0.28182 0.93808
-0.463506 0.172653 0.794847 -0.17536 0.26092 0.94930
-0.517578 0.133597 0.793810 -0.19802 0.20413 0.95871
-0.487773 0.193420 0.784127 -0.18485 0.29278 0.93814
-0.599472 0.113156 0.779470 -0.23299 0.17561 0.95649
-0.568784 0.175802 0.772015 -0.21881 0.27011 0.93764
-0.626378 0.134448 0.768417 -0.24449 0.20958 0.94673
-0.558133 0.123579 0.787141 -0.21515 0.19026 0.95787
-0.610437 0.166251 0.764591 -0.23694 0.25766 0.93674
-0.543280 0.154640 0.783473 -0.20844 0.23692 0.94891
-0.731498 -0.126530 0.740214 -0.29277 -0.20216 0.93457
-0.740608 -0.042516 0.749432 -0.29823 -0.06836 0.95204
-0.703028 -0.104512 0.753178 -0.27963 -0.16596 0.94565
-0.731498 0.126530 0.740214 -0.29277 0.20216 0.93457
-0.740608 0.042516 0.749432 -0.29823 0.06836 0.95204
-0.703028 0.104512 0.753178 -0.27963 0.16596 0.94565
-0.645391 -0.061544 0.775176 -0.25380 -0.09657 0.96242
-0.709594 -0.021146 0.760000 -0.28344 -0.03363 0.95840
-0.674249 -0.082817 0.764828 -0.26669 -0.13079 0.95487
-0.647213 -0.020573 0.777439 -0.25489 -0.03233 0.96643
-0.707395 -0.062979 0.757715 -0.28218 -0.10033 0.95410
-0.645391 0.061544 0.775176 -0.25380 0.09657 0.96242
-0.709594 0.021146 0.760000 -0.28344 0.03363 0.95840
-0.674249 0.082817 0.764828 -0.26669 0.13079 0.95487
-0.647213 0.020573 0.777439 -0.25489 0.03233 0.96643
-0.707395 0.062979 0.757715 -0.28218 0.10033 0.95410
-0.678456 0.000000 0.769313 -0.26908 -0.00000 0.96312
-0.973231 0.587199 0.037414 -0.38324 0.92250 0.04611
-0.993581 0.570729 0.113460 -0.39572 0.90728 0.14231
-1.008825 0.521854 0.266080 -0.40947 0.84626 0.34085
-1.005661 0.548912 0.190125 -0.40468 0.88205 0.24129
-0.932268 0.371131 0.536809 -0.38231 0.60865 0.69526
-0.963841 0.413744 0.476331 -0.39588 0.67940 0.61782
-1.002776 0.489901 0.339949 -0.40975 0.79988 0.43851
-0.987618 0.453617 0.410414 -0.40514 0.74381 0.53161
-0.299835 0.427282 0.691357 -0.10753 0.61370 0.78219
-0.370685 0.422729 0.683989 -0.13395 0.61175 0.77963
-0.316969 0.405675 0.705272 -0.11434 0.58461 0.80322
-0.520641 0.409646 0.662822 -0.19230 0.60588 0.77196
-0.444121 0.416923 0.674595 -0.16205 0.60919 0.77629
-0.350992 0.359921 0.731131 -0.12804 0.52433 0.84184
-0.388708 0.400320 0.697749 -0.14138 0.58156 0.80112
-0.334053 0.383187 0.718569 -0.12116 0.55524 0.82282
-0.352561 0.403159 0.701744 -0.12765 0.58319 0.80224
-0.865940 0.358891 0.580698 -0.34893 0.57894 0.73694
-0.773183 0.375752 0.607980 -0.30259 0.58869 0.74959
-0.846351 0.336730 0.606081 -0.34039 0.54068 0.76928
-0.600726 0.400616 0.648211 -0.22533 0.60159 0.76637
-0.684805 0.389471 0.630177 -0.26176 0.59601 0.75911
-0.803428 0.291740 0.652323 -0.32157 0.46622 0.82415
-0.754242 0.354110 0.631494 -0.29489 0.55286 0.77935
-0.825442 0.314279 0.629993 -0.33128 0.50359 0.79790
-0.799712 0.345861 0.619464 -0.31691 0.54719 0.77470
-0.416994 0.258272 0.773333 -0.15562 0.38427 0.91001
-0.459881 0.301207 0.745482 -0.17160 0.44825 0.87728
-0.400916 0.284808 0.764176 -0.14863 0.42182 0.89441
-0.455590 0.251407 0.769296 -0.17083 0.37650 0.91053
-0.541123 0.385067 0.676146 -0.20158 0.57255 0.79470
-0.501380 0.343577 0.713123 -0.18695 0.51124 0.83886
-0.501877 0.389510 0.682473 -0.18556 0.57528 0.79663
-0.367932 0.335537 0.743075 -0.13493 0.49166 0.86027
-0.442447 0.327175 0.734893 -0.16391 0.48426 0.85943
-0.384526 0.310609 0.754053 -0.14180 0.45752 0.87782
-0.387537 0.356351 0.727494 -0.14197 0.52149 0.84136
-0.421870 0.306087 0.750064 -0.15634 0.45315 0.87762
-0.535301 0.236560 0.758943 -0.20354 0.35920 0.91079
-0.499481 0.294857 0.740617 -0.18747 0.44194 0.87724
-0.495054 0.244172 0.764515 -0.18683 0.36807 0.91083
-0.477709 0.273211 0.755518 -0.17919 0.40929 0.89463
-0.425856 0.397088 0.693210 -0.15561 0.57971 0.79983
-0.462802 0.348333 0.718435 -0.17131 0.51516 0.83980
-0.463431 0.393511 0.688148 -0.17030 0.57764 0.79833
-0.406876 0.376911 0.710849 -0.14888 0.55091 0.82118
-0.482561 0.369026 0.701036 -0.17856 0.54547 0.81889
-0.424829 0.352491 0.723274 -0.15640 0.51843 0.84069
-0.706234 0.201372 0.726877 -0.27878 0.31746 0.90637
-0.668125 0.265737 0.711948 -0.25946 0.41222 0.87336
-0.731548 0.223721 0.710500 -0.29004 0.35418 0.88906
-0.662114 0.210926 0.736523 -0.25866 0.32906 0.90819
-0.582758 0.379945 0.668825 -0.21861 0.56946 0.79242
-0.626629 0.325335 0.692304 -0.23919 0.49613 0.83465
-0.623939 0.374452 0.660945 -0.23620 0.56611 0.78977
-0.562707 0.359118 0.688532 -0.21121 0.53835 0.81583
-0.780183 0.268857 0.673356 -0.31141 0.42856 0.84815
-0.690834 0.287736 0.694042 -0.26899 0.44748 0.85288
-0.756267 0.246274 0.692645 -0.30087 0.39119 0.86974
-0.757581 0.301234 0.664112 -0.29913 0.47494 0.82762
-0.711647 0.256380 0.702889 -0.27966 0.40226 0.87177
-0.576823 0.228451 0.752433 -0.22107 0.34975 0.91039
-0.624619 0.273599 0.720624 -0.24022 0.42037 0.87497
-0.618935 0.219949 0.745015 -0.23940 0.33973 0.90954
-0.558830 0.258862 0.744221 -0.21275 0.39360 0.89432
-0.643798 0.242861 0.729173 -0.24962 0.37599 0.89237
-0.709492 0.361620 0.642423 -0.27413 0.55786 0.78336
-0.669050 0.318147 0.683921 -0.25811 0.48998 0.83265
-0.666220 0.368358 0.652165 -0.25462 0.56225 0.78679
-0.733931 0.332208 0.653738 -0.28665 0.51807 0.80588
-0.646778 0.346923 0.672904 -0.24713 0.52942 0.81157
-0.712737 0.310024 0.674616 -0.27799 0.48283 0.83042
-0.521094 0.316639 0.724345 -0.19557 0.47454 0.85823
-0.604495 0.303521 0.710823 -0.23065 0.46239 0.85615
-0.542110 0.337964 0.707064 -0.20349 0.50668 0.83778
-0.540202 0.288315 0.734810 -0.20422 0.43527 0.87683
-0.583889 0.331891 0.700144 -0.22096 0.50165 0.83638
-0.581948 0.281237 0.728166 -0.22181 0.42810 0.87609
-0.938396 -0.311121 0.579960 -0.39158 -0.51748 0.76084
-0.980203 -0.229206 0.605799 -0.42090 -0.39229 0.81790
-0.916318 -0.288129 0.605597 -0.38002 -0.47689 0.79257
-1.025640 -0.047373 0.633880 -0.45585 -0.08397 0.88609
-1.010055 -0.140537 0.624248 -0.44345 -0.24593 0.86190
-0.868294 -0.241740 0.651900 -0.35692 -0.39655 0.84579
-0.953618 -0.205462 0.629540 -0.40558 -0.34860 0.84497
-0.892855 -0.264940 0.629611 -0.36876 -0.43672 0.82054
-0.936336 -0.247627 0.618446 -0.39350 -0.41534 0.82015
-0.938396 0.311121 0.579960 -0.39158 0.51748 0.76084
-0.980203 0.229206 0.605799 -0.42090 0.39229 0.81790
-0.916318 0.288129 0.605597 -0.38002 0.47689 0.79257
-1.025640 0.047373 0.633880 -0.45585 0.08397 0.88609
-1.010055 0.140537 0.624248 -0.44345 0.24593 0.86190
-0.868294 0.241740 0.651900 -0.35692 0.39655 0.84579
-0.953618 0.205462 0.629540 -0.40558 0.34860 0.84497
-0.892855 0.264940 0.629611 -0.36876 0.43672 0.82054
-0.936336 0.247627 0.618446 -0.39350 0.41534 0.82015
-0.761137 -0.149720 0.725128 -0.30616 -0.24015 0.92119
-0.837167 -0.111506 0.707103 -0.34510 -0.18314 0.92052
-0.788816 -0.172366 0.709228 -0.31923 -0.27846 0.90584
-0.768283 -0.107685 0.732152 -0.31071 -0.17383 0.93447
-0.990222 -0.024145 0.653068 -0.43254 -0.04156 0.90066
-0.913951 -0.069683 0.683405 -0.38729 -0.11740 0.91445
-0.986420 -0.070557 0.650625 -0.42981 -0.12269 0.89454
-0.842405 -0.218349 0.672761 -0.34462 -0.35652 0.86841
-0.867156 -0.134514 0.690405 -0.36050 -0.22317 0.90567
-0.815995 -0.195291 0.691764 -0.33202 -0.31717 0.88835
-0.883879 -0.200493 0.662887 -0.36711 -0.33231 0.86879
-0.827848 -0.153876 0.700481 -0.33938 -0.25182 0.90632
-0.775559 -0.021811 0.739302 -0.31529 -0.03528 0.94834
-0.842595 -0.067365 0.712112 -0.34895 -0.11125 0.93051
-0.773121 -0.064912 0.736906 -0.31371 -0.10517 0.94367
-0.805410 -0.087947 0.722805 -0.32947 -0.14362 0.93318
-0.967985 -0.161402 0.638782 -0.41594 -0.27688 0.86622
-0.907146 -0.114062 0.678707 -0.38269 -0.19213 0.90368
-0.978949 -0.116479 0.645823 -0.42415 -0.20133 0.88293
-0.925852 -0.181509 0.651586 -0.39091 -0.30583 0.86814
-0.946788 -0.092810 0.665548 -0.40579 -0.15872 0.90008
-0.896915 -0.157804 0.671887 -0.37580 -0.26389 0.88833
-0.761137 0.149720 0.725128 -0.30616 0.24015 0.92119
-0.837167 0.111506 0.707103 -0.34510 0.18314 0.92052
-0.788816 0.172366 0.709228 -0.31923 0.27846 0.90584
-0.768283 0.107685 0.732152 -0.31071 0.17383 0.93447
-0.990222 0.024145 0.653068 -0.43254 0.04156 0.90066
-0.913951 0.069683 0.683405 -0.38729 0.11740 0.91445
-0.986420 0.070557 0.650625 -0.42981 0.12269 0.89454
-0.954090 0.000000 0.670421 -0.41114 0.00000 0.91157
-0.842405 0.218349 0.672761 -0.34462 0.35652 0.86841
-0.867156 0.134514 0.690405 -0.36050 0.22317 0.90567
-0.815995 0.195291 0.691764 -0.33202 0.31717 0.88835
-0.883879 0.200493 0.662887 -0.36711 0.33231 0.86879
-0.827848 0.153876 0.700481 -0.33938 0.25182 0.90632
-0.775559 0.021811 0.739302 -0.31529 0.03528 0.94834
-0.842595 0.067365 0.712112 -0.34895 0.11125 0.93051
-0.773121 0.064912 0.736906 -0.31371 0.10517 0.94367
-0.810581 0.000000 0.727731 -0.33283 0.00000 0.94299
-0.805410 0.087947 0.722805 -0.32947 0.14362 0.93318
-0.967985 0.161402 0.638782 -0.41594 0.27688 0.86622
-0.907146 0.114062 0.678707 -0.38269 0.19213 0.90368
-0.978949 0.116479 0.645823 -0.42415 0.20133 0.88293
-0.925852 0.181509 0.651586 -0.39091 0.30583 0.86814
-0.946788 0.092810 0.665548 -0.40579 0.15872 0.90008
-0.896915 0.157804 0.671887 -0.37580 0.26389 0.88833
-0.880247 -0.045698 0.699771 -0.36916 -0.07650 0.92621
-0.880247 0.045698 0.699771 -0.36916 0.07650 0.92621
-0.917295 -0.023315 0.685976 -0.38990 -0.03952 0.92001
-0.845585 -0.022536 0.714567 -0.35085 -0.03729 0.93569
-0.917295 0.023315 0.685976 -0.38990 0.03952 0.92001
-0.845585 0.022536 0.714567 -0.35085 0.03729 0.93569
-0.529346 0.019597 -0.805195 -0.20433 0.02880 -0.97848
-0.585482 0.060006 -0.790232 -0.22807 0.09178 -0.96931
-0.517561 0.051066 -0.805871 -0.19875 0.07832 -0.97692
-0.558166 0.000000 -0.799317 -0.21599 0.00000 -0.97640
-0.696569 0.145378 -0.746467 -0.27651 0.22869 -0.93340
-0.641396 0.101979 -0.770815 -0.25219 0.15849 -0.95461
-0.491817 0.112807 -0.803023 -0.18764 0.17199 -0.96706
-0.572130 0.091923 -0.789443 -0.22152 0.14221 -0.96473
-0.505023 0.082210 -0.805128 -0.19335 0.12567 -0.97305
-0.544907 0.071335 -0.798183 -0.21009 0.10982 -0.97150
-0.616093 -0.040506 -0.784417 -0.24099 -0.06327 -0.96846
-0.616093 0.040506 -0.784417 -0.24099 0.06327 -0.96846
-0.587145 -0.020056 -0.792400 -0.22839 -0.03114 -0.97307
-0.587145 0.020056 -0.792400 -0.22839 0.03114 -0.97307
-0.893954 0.326656 -0.591253 -0.36599 0.53263 -0.76312
-0.850076 0.281159 -0.639368 -0.34595 0.45551 -0.82026
-0.750325 0.189966 -0.716714 -0.30046 0.30237 -0.90460
-0.801826 0.235388 -0.681127 -0.32388 0.37822 -0.86721
-0.433251 0.229590 -0.781908 -0.16239 0.34408 -0.92479
-0.511779 0.214261 -0.772340 -0.19434 0.32533 -0.92542
-0.448590 0.201507 -0.788937 -0.16893 0.30307 -0.93788
-0.679376 0.178009 -0.742525 -0.26739 0.28013 -0.92197
-0.593709 0.197170 -0.759442 -0.22911 0.30422 -0.92464
-0.653071 0.156114 -0.756103 -0.25593 0.24429 -0.93532
-0.477900 0.143209 -0.799540 -0.18163 0.21725 -0.95907
-0.527691 0.184893 -0.778532 -0.20145 0.28182 -0.93808
-0.463506 0.172653 -0.794847 -0.17536 0.26092 -0.94930
-0.517578 0.133597 -0.793810 -0.19802 0.20413 -0.95871
-0.487773 0.193420 -0.784127 -0.18485 0.29278 -0.93814
-0.599472 0.113156 -0.779470 -0.23299 0.17561 -0.95649
-0.568784 0.175802 -0.772015 -0.21881 0.27011 -0.93764
-0.626378 0.134448 -0.768417 -0.24449 0.20958 -0.94673
-0.558133 0.123579 -0.787141 -0.21515 0.19026 -0.95787
-0.610437 0.166251 -0.764591 -0.23694 0.25766 -0.93674
-0.543280 0.154640 -0.783473 -0.20844 0.23692 -0.94891
-0.731498 -0.126530 -0.740214 -0.29277 -0.20216 -0.93457
-0.740608 -0.042516 -0.749432 -0.29823 -0.06836 -0.95204
-0.703028 -0.104512 -0.753178 -0.27963 -0.16596 -0.94565
-0.731498 0.126530 -0.740214 -0.29277 0.20216 -0.93457
-0.740608 0.042516 -0.749432 -0.29823 0.06836 -0.95204
-0.703028 0.104512 -0.753178 -0.27963 0.16596 -0.94565
-0.645391 -0.061544 -0.775176 -0.25380 -0.09657 -0.96242
-0.709594 -0.021146 -0.760000 -0.28344 -0.03363 -0.95840
-0.674249 -0.082817 -0.764828 -0.26669 -0.13079 -0.95487
-0.647213 -0.020573 -0.777439 -0.25489 -0.03233 -0.96643
-0.707395 -0.062979 -0.757715 -0.28218 -0.10033 -0.95410
-0.645391 0.061544 -0.775176 -0.25380 0.09657 -0.96242
-0.709594 0.021146 -0.760000 -0.28344 0.03363 -0.95840
-0.674249 0.082817 -0.764828 -0.26669 0.13079 -0.95487
-0.647213 0.020573 -0.777439 -0.25489 0.03233 -0.96643
-0.707395 0.062979 -0.757715 -0.28218 0.10033 -0.95410
-0.678456 0.000000 -0.769313 -0.26908 0.00000 -0.96312
-0.973231 0.587199 -0.037414 -0.38324 0.92250 -0.04611
-0.993581 0.570729 -0.113460 -0.39572 0.90728 -0.14231
-1.008825 0.521854 -0.266080 -0.40947 0.84626 -0.34085
-1.005661 0.548912 -0.190125 -0.40468 0.88205 -0.24129
-0.932268 0.371131 -0.536809 -0.38231 0.60865 -0.69526
-0.963841 0.413744 -0.476331 -0.39588 0.67940 -0.61782
-1.002776 0.489901 -0.339949 -0.40975 0.79988 -0.43851
-0.987618 0.453617 -0.410414 -0.40514 0.74381 -0.53161
-0.299835 0.427282 -0.691357 -0.10753 0.61370 -0.78219
-0.370685 0.422729 -0.683989 -0.13395 0.61175 -0.77963
-0.316969 0.405675 -0.705272 -0.11434 0.58461 -0.80322
-0.520641 0.409646 -0.662822 -0.19230 0.60588 -0.77196
-0.444121 0.416923 -0.674595 -0.16205 0.60919 -0.77629
-0.350992 0.359921 -0.731131 -0.12804 0.52433 -0.84184
-0.388708 0.400320 -0.697749 -0.14138 0.58156 -0.80112
-0.334053 0.383187 -0.718569 -0.12116 0.55524 -0.82282
-0.352561 0.403159 -0.701744 -0.12765 0.58319 -0.80224
-0.865940 0.358891 -0.580698 -0.34893 0.57894 -0.73694
-0.773183 0.375752 -0.607980 -0.30259 0.58869 -0.74959
-0.846351 0.336730 -0.606081 -0.34039 0.54068 -0.76928
-0.600726 0.400616 -0.648211 -0.22533 0.60159 -0.76637
-0.684805 0.389471 -0.630177 -0.26176 0.59601 -0.75911
-0.803428 0.291740 -0.652323 -0.32157 0.46622 -0.82415
-0.754242 0.354110 -0.631494 -0.29489 0.55286 -0.77935
-0.825442 0.314279 -0.629993 -0.33128 0.50359 -0.79790
-0.799712 0.345861 -0.619464 -0.31691 0.54719 -0.77470
-0.416994 0.258272 -0.773333 -0.15562 0.38427 -0.91001
-0.459881 0.301207 -0.745482 -0.17160 0.44825 -0.87728
-0.400916 0.284808 -0.764176 -0.14863 0.42182 -0.89441
-0.455590 0.251407 -0.769296 -0.17083 0.37650 -0.91053
-0.541123 0.385067 -0.676146 -0.20158 0.57255 -0.79470
-0.501380 0.343577 -0.713123 -0.18695 0.51124 -0.83886
-0.501877 0.389510 -0.682473 -0.18556 0.57528 -0.79663
-0.367932 0.335537 -0.743075 -0.13493 0.49166 -0.86027
-0.442447 0.327175 -0.734893 -0.16391 0.48426 -0.85943
-0.384526 0.310609 -0.754053 -0.14180 0.45752 -0.87782
-0.387537 0.356351 -0.727494 -0.14197 0.52149 -0.84136
-0.421870 0.306087 -0.750064 -0.15634 0.45315 -0.87762
-0.535301 0.236560 -0.758943 -0.20354 0.35920 -0.91079
-0.499481 0.294857 -0.740617 -0.18747 0.44194 -0.87724
-0.495054 0.244172 -0.764515 -0.18683 0.36807 -0.91083
-0.477709 0.273211 -0.755518 -0.17919 0.40929 -0.89463
-0.425856 0.397088 -0.693210 -0.15561 0.57971 -0.79983
-0.462802 0.348333 -0.718435 -0.17131 0.51516 -0.83980
-0.463431 0.393511 -0.688148 -0.17030 0.57764 -0.79833
-0.406876 0.376911 -0.710849 -0.14888 0.55091 -0.82118
-0.482561 0.369026 -0.701036 -0.17856 0.54547 -0.81889
-0.424829 0.352491 -0.723274 -0.15640 0.51843 -0.84069
-0.706234 0.201372 -0.726877 -0.27878 0.31746 -0.90637
-0.668125 0.265737 -0.711948 -0.25946 0.41222 -0.87336
-0.731548 0.223721 -0.710500 -0.29004 0.35418 -0.88906
-0.662114 0.210926 -0.736523 -0.25866 0.32906 -0.90819
-0.582758 0.379945 -0.668825 -0.21861 0.56946 -0.79242
-0.626629 0.325335 -0.692304 -0.23919 0.49613 -0.83465
-0.623939 0.374452 -0.660945 -0.23620 0.56611 -0.78977
-0.562707 0.359118 -0.688532 -0.21121 0.53835 -0.81583
-0.780183 0.268857 -0.673356 -0.31141 0.42856 -0.84815
-0.690834 0.287736 -0.694042 -0.26899 0.44748 -0.85288
-0.756267 0.246274 -0.692645 -0.30087 0.39119 -0.86974
-0.757581 0.301234 -0.664112 -0.29913 0.47494 -0.82762
-0.711647 0.256380 -0.702889 -0.27966 0.40226 -0.87177
-0.576823 0.228451 -0.752433 -0.22107 0.34975 -0.91039
-0.624619 0.273599 -0.720624 -0.24022 0.42037 -0.87497
-0.618935 0.219949 -0.745015 -0.23940 0.33973 -0.90954
-0.558830 0.258862 -0.744221 -0.21275 0.39360 -0.89432
-0.643798 0.242861 -0.729173 -0.24962 0.37599 -0.89237
-0.709492 0.361620 -0.642423 -0.27413 0.55786 -0.78336
-0.669050 0.318147 -0.683921 -0.25811 0.48998 -0.83265
-0.666220 0.368358 -0.652165 -0.25462 0.56225 -0.78679
-0.733931 0.332208 -0.653738 -0.28665 0.51807 -0.80588
-0.646778 0.346923 -0.672904 -0.24713 0.52942 -0.81157
-0.712737 0.310024 -0.674616 -0.27799 0.48283 -0.83042
-0.521094 0.316639 -0.724345 -0.19557 0.47454 -0.85823
-0.604495 0.303521 -0.710823 -0.23065 0.46239 -0.85615
-0.542110 0.337964 -0.707064 -0.20349 0.50668 -0.83778
-0.540202 0.288315 -0.734810 -0.20422 0.43527 -0.87683
-0.583889 0.331891 -0.700144 -0.22096 0.50165 -0.83638
-0.581948 0.281237 -0.728166 -0.22181 0.42810 -0.87609
-0.938396 -0.311121 -0.579960 -0.39158 -0.51748 -0.76084
-0.980203 -0.229206 -0.605799 -0.42090 -0.39229 -0.81790
-0.916318 -0.288129 -0.605597 -0.38002 -0.47689 -0.79257
-1.025640 -0.047373 -0.633880 -0.45585 -0.08397 -0.88609
-1.010055 -0.140537 -0.624248 -0.44345 -0.24593 -0.86190
-0.868294 -0.241740 -0.651900 -0.35692 -0.39655 -0.84579
-0.953618 -0.205462 -0.629540 -0.40558 -0.34860 -0.84497
-0.892855 -0.264940 -0.629611 -0.36876 -0.43672 -0.82054
-0.936336 -0.247627 -0.618446 -0.39350 -0.41534 -0.82015
-0.938396 0.311121 -0.579960 -0.39158 0.51748 -0.76084
-0.980203 0.229206 -0.605799 -0.42090 0.39229 -0.81790
-0.916318 0.288129 -0.605597 -0.38002 0.47689 -0.79257
-1.025640 0.047373 -0.633880 -0.45585 0.08397 -0.88609
-1.010055 0.140537 -0.624248 -0.44345 0.24593 -0.86190
-0.868294 0.241740 -0.651900 -0.35692 0.39655 -0.84579
-0.953618 0.205462 -0.629540 -0.40558 0.34860 -0.84497
-0.892855 0.264940 -0.629611 -0.36876 0.43672 -0.82054
-0.936336 0.247627 -0.618446 -0.39350 0.41534 -0.82015
-0.761137 -0.149720 -0.725128 -0.30616 -0.24015 -0.92119
-0.837167 -0.111506 -0.707103 -0.34510 -0.18314 -0.92052
-0.788816 -0.172366 -0.709228 -0.31923 -0.27846 -0.90584
-0.768283 -0.107685 -0.732152 -0.31071 -0.17383 -0.93447
-0.990222 -0.024145 -0.653068 -0.43254 -0.04156 -0.90066
-0.913951 -0.069683 -0.683405 -0.38729 -0.11740 -0.91445
-0.986420 -0.070557 -0.650625 -0.42981 -0.12269 -0.89454
-0.842405 -0.218349 -0.672761 -0.34462 -0.35652 -0.86841
-0.867156 -0.134514 -0.690405 -0.36050 -0.22317 -0.90567
-0.815995 -0.195291 -0.691764 -0.33202 -0.31717 -0.88835
-0.883879 -0.200493 -0.662887 -0.36711 -0.33231 -0.86879
-0.827848 -0.153876 -0.700481 -0.33938 -0.25182 -0.90632
-0.775559 -0.021811 -0.739302 -0.31529 -0.03528 -0.94834
-0.842595 -0.067365 -0.712112 -0.34895 -0.11125 -0.93051
-0.773121 -0.064912 -0.736906 -0.31371 -0.10517 -0.94367
-0.805410 -0.087947 -0.722805 -0.32947 -0.14362 -0.93318
-0.967985 -0.161402 -0.638782 -0.41594 -0.27688 -0.86622
-0.907146 -0.114062 -0.678707 -0.38269 -0.19213 -0.90368
-0.978949 -0.116479 -0.645823 -0.42415 -0.20133 -0.88293
-0.925852 -0.181509 -0.651586 -0.39091 -0.30583 -0.86814
-0.946788 -0.092810 -0.665548 -0.40579 -0.15872 -0.90008
-0.896915 -0.157804 -0.671887 -0.37580 -0.26389 -0.88833
-0.761137 0.149720 -0.725128 -0.30616 0.24015 -0.92119
-0.837167 0.111506 -0.707103 -0.34510 0.18314 -0.92052
-0.788816 0.172366 -0.709228 -0.31923 0.27846 -0.90584
-0.768283 0.107685 -0.732152 -0.31071 0.17383 -0.93447
-0.990222 0.024145 -0.653068 -0.43254 0.04156 -0.90066
-0.913951 0.069683 -0.683405 -0.38729 0.11740 -0.91445
-0.986420 0.070557 -0.650625 -0.42981 0.12269 -0.89454
-0.954090 0.000000 -0.670421 -0.41114 0.00000 -0.91157
-0.842405 0.218349 -0.672761 -0.34462 0.35652 -0.86841
-0.867156 0.134514 -0.690405 -0.36050 0.22317 -0.90567
-0.815995 0.195291 -0.691764 -0.33202 0.31717 -0.88835
-0.883879 0.200493 -0.662887 -0.36711 0.33231 -0.86879
-0.827848 0.153876 -0.700481 -0.33938 0.25182 -0.90632
-0.775559 0.021811 -0.739302 -0.31529 0.03528 -0.94834
-0.842595 0.067365 -0.712112 -0.34895 0.11125 -0.93051
-0.773121 0.064912 -0.736906 -0.31371 0.10517 -0.94367
-0.810581 0.000000 -0.727731 -0.33283 -0.00000 -0.94299
-0.805410 0.087947 -0.722805 -0.32947 0.14362 -0.93318
-0.967985 0.161402 -0.638782 -0.41594 0.27688 -0.86622
-0.907146 0.114062 -0.678707 -0.38269 0.19213 -0.90368
-0.978949 0.116479 -0.645823 -0.42415 0.20133 -0.88293
-0.925852 0.181509 -0.651586 -0.39091 0.30583 -0.86814
-0.946788 0.092810 -0.665548 -0.40579 0.15872 -0.90008
-0.896915 0.157804 -0.671887 -0.37580 0.26389 -0.88833
-0.880247 -0.045698 -0.699771 -0.36916 -0.07650 -0.92621
-0.880247 0.045698 -0.699771 -0.36916 0.07650 -0.92621
-0.917295 -0.023315 -0.685976 -0.38990 -0.03952 -0.92001
-0.845585 -0.022536 -0.714567 -0.35085 -0.03729 -0.93569
-0.917295 0.023315 -0.685976 -0.38990 0.03952 -0.92001
-0.845585 0.022536 -0.714567 -0.35085 0.03729 -0.93569
-0.025858 0.672614 -0.405822 -0.00877 0.90238 -0.43084
-0.077535 0.678979 -0.390017 -0.02609 0.91005 -0.41367
-0.041993 0.662680 -0.425598 -0.01414 0.89163 -0.45255
-0.025778 0.683983 -0.381016 -0.00864 0.91521 -0.40288
-0.181626 0.688620 -0.356216 -0.06105 0.92374 -0.37812
-0.129373 0.684315 -0.373514 -0.04347 0.91716 -0.39613
-0.074633 0.640954 -0.464517 -0.02529 0.86747 -0.49685
-0.094003 0.669165 -0.409835 -0.03164 0.89966 -0.43545
-0.058281 0.652117 -0.445190 -0.01967 0.87992 -0.47471
-0.068010 0.666058 -0.417790 -0.02288 0.89572 -0.44403
-0.025642 0.704380 -0.330659 -0.00857 0.93755 -0.34775
-0.077325 0.689918 -0.364928 -0.02590 0.92234 -0.38551
-0.025713 0.694585 -0.355917 -0.00859 0.92685 -0.37534
-0.051577 0.687081 -0.373049 -0.01726 0.91884 -0.39425
-0.399898 0.694498 -0.276476 -0.13621 0.94493 -0.29759
-0.343428 0.694916 -0.298304 -0.11636 0.94046 -0.31936
-0.234548 0.691867 -0.338008 -0.07894 0.92985 -0.35936
-0.288396 0.693996 -0.318755 -0.09733 0.93542 -0.33989
-0.141365 0.589673 -0.539524 -0.04864 0.80935 -0.58531
-0.161831 0.623325 -0.487298 -0.05527 0.84940 -0.52484
-0.124598 0.603459 -0.521228 -0.04263 0.82519 -0.56325
-0.199354 0.678932 -0.376193 -0.06721 0.91395 -0.40021
-0.181178 0.653087 -0.432758 -0.06145 0.88420 -0.46305
-0.172890 0.676895 -0.384882 -0.05819 0.91059 -0.40919
-0.091318 0.629042 -0.483782 -0.03101 0.85417 -0.51908
-0.144764 0.635718 -0.468367 -0.04917 0.86318 -0.50250
-0.107884 0.616594 -0.502619 -0.03679 0.84009 -0.54119
-0.101163 0.644364 -0.456895 -0.03426 0.87186 -0.48855
-0.134831 0.620086 -0.495066 -0.04596 0.84483 -0.53305
-0.120367 0.672013 -0.401675 -0.04047 0.90345 -0.42678
-0.154485 0.650492 -0.440905 -0.05228 0.88028 -0.47156
-0.146531 0.674587 -0.393378 -0.04931 0.90709 -0.41803
-0.110858 0.658701 -0.429485 -0.03742 0.88830 -0.45774
-0.163831 0.664171 -0.413153 -0.05531 0.89606 -0.44048
-0.127811 0.647544 -0.449024 -0.04327 0.87613 -0.48012
-0.025472 0.735949 -0.227574 -0.00852 0.97143 -0.23717
-0.076728 0.725952 -0.261973 -0.02554 0.96140 -0.27397
-0.025523 0.729228 -0.253480 -0.00845 0.96424 -0.26489
-0.181271 0.698807 -0.330218 -0.06080 0.93513 -0.34906
-0.128587 0.713633 -0.296152 -0.04291 0.94938 -0.31119
-0.155205 0.696979 -0.339188 -0.05194 0.93209 -0.35848
-0.025630 0.713493 -0.304931 -0.00854 0.94737 -0.32003
-0.076882 0.718168 -0.287835 -0.02555 0.95300 -0.30190
-0.025569 0.721734 -0.279309 -0.00849 0.95625 -0.29244
-0.051354 0.707102 -0.322250 -0.01710 0.94070 -0.33880
-0.051168 0.723982 -0.270701 -0.01696 0.95887 -0.28333
-0.103368 0.692552 -0.356474 -0.03456 0.92574 -0.37657
-0.102941 0.711704 -0.305063 -0.03424 0.94658 -0.32065
-0.129212 0.694887 -0.347954 -0.04323 0.92898 -0.36760
-0.077285 0.700121 -0.339446 -0.02578 0.93350 -0.35766
-0.128957 0.704671 -0.322122 -0.04304 0.93963 -0.33946
-0.077144 0.709549 -0.313703 -0.02567 0.94372 -0.32974
-0.923893 0.607379 -0.022485 -0.35579 0.93419 -0.02656
-0.851598 0.630948 -0.064666 -0.31919 0.94465 -0.07580
-0.935628 0.600896 -0.059289 -0.36236 0.92921 -0.07254
-0.711597 0.664030 -0.138587 -0.25585 0.95392 -0.15675
-0.780629 0.649562 -0.103278 -0.28603 0.95082 -0.11884
-0.953670 0.584081 -0.133970 -0.37329 0.91281 -0.16565
-0.861050 0.624027 -0.100261 -0.32423 0.93843 -0.11930
-0.945591 0.593129 -0.096552 -0.36820 0.92214 -0.11868
-0.898141 0.613147 -0.080269 -0.34279 0.93442 -0.09673
-0.458056 0.692566 -0.253067 -0.15703 0.94890 -0.27373
-0.518135 0.688890 -0.227847 -0.17916 0.95192 -0.24851
-0.644804 0.675042 -0.170906 -0.22825 0.95476 -0.19064
-0.580335 0.683173 -0.200556 -0.20280 0.95397 -0.22096
-0.965459 0.534956 -0.283486 -0.38474 0.85118 -0.35702
-0.881504 0.584115 -0.244545 -0.33762 0.89350 -0.29608
-0.965685 0.549088 -0.246651 -0.38341 0.87033 -0.30906
-0.717290 0.656288 -0.171959 -0.25870 0.94583 -0.19616
-0.798270 0.624065 -0.207251 -0.29580 0.92387 -0.24282
-0.752254 0.649747 -0.155320 -0.27394 0.94502 -0.17859
-0.959740 0.573655 -0.171903 -0.37756 0.90107 -0.21338
-0.879111 0.595864 -0.208779 -0.33542 0.90790 -0.25141
-0.963775 0.562014 -0.209347 -0.38097 0.88692 -0.26122
-0.914008 0.595949 -0.153826 -0.35223 0.91701 -0.18715
-0.922292 0.573719 -0.227501 -0.35865 0.89073 -0.27924
-0.824038 0.633749 -0.119626 -0.30656 0.94143 -0.14049
-0.835986 0.615915 -0.190369 -0.31357 0.92243 -0.22539
-0.787896 0.642256 -0.137856 -0.28982 0.94359 -0.16014
-0.868652 0.615930 -0.136376 -0.32858 0.93033 -0.16289
-0.793792 0.633750 -0.172601 -0.29311 0.93466 -0.20122
-0.874691 0.606533 -0.172644 -0.33232 0.92016 -0.20705
-0.279335 0.451973 -0.673984 -0.10023 0.64338 -0.75896
-0.306236 0.495500 -0.630139 -0.10907 0.70082 -0.70495
-0.262118 0.471786 -0.658817 -0.09296 0.66858 -0.73781
-0.314040 0.450238 -0.670611 -0.11235 0.64332 -0.75731
-0.354199 0.573107 -0.531124 -0.12436 0.80033 -0.58652
-0.331241 0.535960 -0.582420 -0.11711 0.75319 -0.64729
-0.227669 0.509062 -0.626981 -0.07993 0.71436 -0.69520
-0.288214 0.513980 -0.613885 -0.10151 0.72351 -0.68281
-0.244860 0.490838 -0.643115 -0.08641 0.69208 -0.71663
-0.275409 0.493279 -0.636811 -0.09734 0.69666 -0.71077
-0.385237 0.446000 -0.662400 -0.13892 0.64222 -0.75383
-0.341147 0.494036 -0.625905 -0.12131 0.70146 -0.70231
-0.349378 0.448253 -0.666753 -0.12542 0.64281 -0.75569
-0.327844 0.472537 -0.648748 -0.11691 0.67302 -0.73033
-0.422968 0.684377 -0.296808 -0.14513 0.93596 -0.32079
-0.409459 0.662518 -0.359049 -0.14113 0.91003 -0.38979
-0.393941 0.684872 -0.307800 -0.13441 0.93377 -0.33167
-0.374970 0.606714 -0.476569 -0.13069 0.84226 -0.52299
-0.393427 0.636578 -0.419092 -0.13632 0.87879 -0.45732
-0.337098 0.684769 -0.328735 -0.11440 0.92882 -0.35242
-0.380114 0.662531 -0.369088 -0.13025 0.90741 -0.39955
-0.365285 0.684997 -0.318446 -0.12430 0.93137 -0.34219
-0.387334 0.674199 -0.338722 -0.13245 0.92124 -0.36576
-0.159177 0.574570 -0.558253 -0.05484 0.79214 -0.60787
-0.216581 0.580251 -0.544535 -0.07475 0.80114 -0.59379
-0.176128 0.559352 -0.575923 -0.06101 0.77421 -0.62998
-0.169723 0.592645 -0.532772 -0.05834 0.81382 -0.57818
-0.334509 0.588844 -0.513069 -0.11623 0.81822 -0.56304
-0.274922 0.585027 -0.529529 -0.09515 0.80982 -0.57891
-0.323752 0.571455 -0.539459 -0.11291 0.79639 -0.59415
-0.210297 0.526690 -0.610249 -0.07352 0.73551 -0.67351
-0.234210 0.564933 -0.562321 -0.08130 0.78336 -0.61623
-0.193201 0.543376 -0.593287 -0.06721 0.75541 -0.65180
-0.240101 0.529337 -0.603837 -0.08403 0.74011 -0.66721
-0.205085 0.562261 -0.569267 -0.07109 0.77884 -0.62318
-0.190036 0.625908 -0.479828 -0.06489 0.85349 -0.51704
-0.227029 0.597965 -0.518302 -0.07818 0.82249 -0.56339
-0.180024 0.609781 -0.506586 -0.06165 0.83433 -0.54780
-0.198309 0.595411 -0.525698 -0.06820 0.81818 -0.57090
-0.300628 0.534069 -0.589826 -0.10550 0.74917 -0.65392
-0.263924 0.567357 -0.555020 -0.09169 0.78780 -0.60907
-0.312441 0.553166 -0.565088 -0.10933 0.77343 -0.62438
-0.270242 0.531797 -0.597032 -0.09470 0.74466 -0.66069
-0.293631 0.569536 -0.547423 -0.10222 0.79214 -0.60172
-0.252204 0.548798 -0.579809 -0.08795 0.76462 -0.63845
-0.536557 0.433765 -0.638955 -0.19798 0.63874 -0.74352
-0.488140 0.485805 -0.602823 -0.17695 0.70277 -0.68906
-0.497641 0.437356 -0.645785 -0.18226 0.63977 -0.74664
-0.389504 0.572149 -0.524570 -0.13691 0.80228 -0.58104
-0.438916 0.531790 -0.564455 -0.15655 0.75681 -0.63460
-0.378265 0.553983 -0.551175 -0.13318 0.77906 -0.61264
-0.422218 0.443438 -0.657427 -0.15290 0.64153 -0.75171
-0.450523 0.488259 -0.609542 -0.16221 0.70242 -0.69303
-0.459486 0.440573 -0.651935 -0.16732 0.64071 -0.74933
-0.399630 0.468616 -0.639547 -0.14365 0.67283 -0.72571
-0.474198 0.463589 -0.627960 -0.17221 0.67237 -0.71990
-0.354140 0.514999 -0.601771 -0.12548 0.72875 -0.67318
-0.426376 0.511727 -0.590374 -0.15236 0.73023 -0.66600
-0.366449 0.534892 -0.576965 -0.12943 0.75460 -0.64329
-0.376883 0.492495 -0.620938 -0.13449 0.70191 -0.69945
-0.402377 0.533511 -0.570979 -0.14268 0.75569 -0.63920
-0.413379 0.490577 -0.615486 -0.14814 0.70224 -0.69636
-0.227332 0.680691 -0.367040 -0.07656 0.91722 -0.39095
-0.266291 0.659066 -0.406572 -0.09040 0.89514 -0.43651
-0.254241 0.682160 -0.357887 -0.08584 0.92034 -0.38159
-0.218474 0.668523 -0.395911 -0.07388 0.90323 -0.42275
-0.345073 0.605920 -0.484921 -0.11943 0.83901 -0.53084
-0.305568 0.634234 -0.445915 -0.10467 0.86926 -0.48315
-0.354693 0.621469 -0.457016 -0.12256 0.85808 -0.49867
-0.315178 0.604287 -0.493857 -0.10900 0.83502 -0.53932
-0.308959 0.684216 -0.338788 -0.10467 0.92612 -0.36240
-0.294025 0.660434 -0.397618 -0.10013 0.89845 -0.42750
-0.281481 0.683339 -0.348466 -0.09517 0.92330 -0.37210
-0.329956 0.673609 -0.358832 -0.11227 0.91582 -0.38557
-0.274100 0.671680 -0.377784 -0.09291 0.90985 -0.40441
-0.199856 0.641185 -0.452244 -0.06800 0.87141 -0.48582
-0.256941 0.645380 -0.435252 -0.08761 0.87905 -0.46860
-0.209303 0.655338 -0.424357 -0.07098 0.88797 -0.45440
-0.218566 0.628373 -0.471841 -0.07466 0.85758 -0.50891
-0.237705 0.657333 -0.415627 -0.08069 0.89162 -0.44553
-0.372196 0.649755 -0.399161 -0.12789 0.89223 -0.43310
-0.314303 0.648248 -0.417589 -0.10749 0.88603 -0.45100
-0.363750 0.636104 -0.428382 -0.12533 0.87580 -0.46613
-0.351075 0.662122 -0.378986 -0.12002 0.90453 -0.40916
-0.334432 0.635319 -0.437324 -0.11496 0.87261 -0.47470
-0.322345 0.661418 -0.388497 -0.10997 0.90154 -0.41848
-0.256328 0.600300 -0.510505 -0.08833 0.82673 -0.55562
-0.276478 0.632470 -0.455000 -0.09466 0.86543 -0.49201
-0.285562 0.602411 -0.502384 -0.09859 0.83090 -0.54762
-0.237427 0.614735 -0.491294 -0.08145 0.84268 -0.53222
-0.295793 0.618837 -0.474466 -0.10178 0.85080 -0.51554
-0.247412 0.630563 -0.463564 -0.08459 0.86156 -0.50057
-0.025505 0.763115 -0.015763 -0.00882 0.99984 -0.01541
-0.076641 0.761224 -0.047367 -0.02561 0.99851 -0.04820
-0.025509 0.762322 -0.042192 -0.00837 0.99901 -0.04371
-0.180293 0.751510 -0.111427 -0.05997 0.99152 -0.11533
-0.128154 0.757391 -0.079204 -0.04261 0.99577 -0.08143
-0.025530 0.758554 -0.095040 -0.00840 0.99509 -0.09859
-0.076664 0.759551 -0.073919 -0.02519 0.99674 -0.07670
-0.025513 0.760800 -0.068661 -0.00838 0.99743 -0.07112
-0.051082 0.761176 -0.058042 -0.01676 0.99805 -0.06014
-0.399711 0.703238 -0.247035 -0.13622 0.95474 -0.26443
-0.342818 0.719621 -0.211873 -0.11576 0.96757 -0.22450
-0.371505 0.703833 -0.258551 -0.12584 0.95271 -0.27660
-0.233301 0.743418 -0.144188 -0.07780 0.98556 -0.15037
-0.287406 0.732887 -0.177627 -0.09636 0.97770 -0.18658
-0.316122 0.703970 -0.280455 -0.10656 0.94841 -0.29862
-0.315711 0.719967 -0.223398 -0.10596 0.96576 -0.23683
-0.343612 0.704069 -0.269703 -0.11611 0.95063 -0.28779
-0.343413 0.712313 -0.240842 -0.11578 0.95960 -0.25644
-0.025617 0.742177 -0.200340 -0.00853 0.97790 -0.20888
-0.076871 0.745358 -0.180241 -0.02542 0.98186 -0.18789
-0.025576 0.747368 -0.174215 -0.00843 0.98342 -0.18115
-0.051162 0.737987 -0.217635 -0.01690 0.97376 -0.22694
-0.180389 0.747931 -0.138553 -0.05968 0.98766 -0.14477
-0.128373 0.747286 -0.159685 -0.04242 0.98512 -0.16655
-0.154293 0.751626 -0.122258 -0.05088 0.99055 -0.12733
-0.025519 0.755543 -0.121669 -0.00841 0.99197 -0.12618
-0.076776 0.750010 -0.153905 -0.02530 0.98680 -0.15998
-0.025548 0.751828 -0.147948 -0.00841 0.98809 -0.15367
-0.051112 0.756495 -0.111178 -0.01680 0.99318 -0.11535
-0.051190 0.748846 -0.164106 -0.01685 0.98519 -0.17062
-0.102737 0.727929 -0.252020 -0.03407 0.96399 -0.26375
-0.102739 0.741117 -0.197472 -0.03395 0.97798 -0.20593
-0.076889 0.733237 -0.234876 -0.02543 0.96911 -0.24531
-0.076943 0.739713 -0.207585 -0.02540 0.97596 -0.21646
-0.102546 0.757412 -0.090018 -0.03369 0.99505 -0.09346
-0.102666 0.750877 -0.143423 -0.03379 0.98823 -0.14918
-0.128325 0.754783 -0.106067 -0.04225 0.99300 -0.11029
-0.076810 0.757120 -0.100613 -0.02523 0.99421 -0.10442
-0.128394 0.751411 -0.132938 -0.04231 0.98948 -0.13833
-0.076843 0.753936 -0.127319 -0.02527 0.99090 -0.13223
-0.208648 0.700510 -0.320389 -0.06986 0.93815 -0.33912
-0.209245 0.718210 -0.266064 -0.06972 0.95737 -0.28031
-0.235068 0.701797 -0.310895 -0.07887 0.94089 -0.32940
-0.181848 0.708319 -0.303376 -0.06074 0.94547 -0.32001
-0.207640 0.743503 -0.155593 -0.06870 0.98427 -0.16279
-0.208900 0.732526 -0.211068 -0.06933 0.97269 -0.22150
-0.234176 0.738622 -0.172210 -0.07779 0.98046 -0.18068
-0.181221 0.743411 -0.166232 -0.05996 0.98297 -0.17372
-0.288657 0.703535 -0.291008 -0.09716 0.94602 -0.30921
-0.235397 0.719078 -0.255990 -0.07864 0.95966 -0.26994
-0.261765 0.702813 -0.301089 -0.08794 0.94351 -0.31945
-0.288845 0.712212 -0.262876 -0.09697 0.95547 -0.27870
-0.235356 0.710878 -0.283508 -0.07878 0.95078 -0.29969
-0.129012 0.721981 -0.269263 -0.04284 0.95834 -0.28240
-0.182288 0.724835 -0.249057 -0.06060 0.96330 -0.26151
-0.155281 0.715474 -0.286317 -0.05172 0.95218 -0.30113
-0.129084 0.729557 -0.242029 -0.04280 0.96642 -0.25336
-0.182192 0.717006 -0.276273 -0.06071 0.95486 -0.29078
-0.288090 0.726919 -0.206041 -0.09635 0.97127 -0.21762
-0.235247 0.726490 -0.228020 -0.07843 0.96758 -0.24008
-0.261016 0.733100 -0.189040 -0.08697 0.97615 -0.19893
-0.288660 0.720015 -0.234504 -0.09670 0.96389 -0.24812
-0.234821 0.732973 -0.200201 -0.07813 0.97450 -0.21034
-0.261861 0.719712 -0.245382 -0.08758 0.96185 -0.25917
-0.128914 0.742221 -0.187094 -0.04256 0.97983 -0.19524
-0.182192 0.731902 -0.221383 -0.06045 0.97081 -0.23212
-0.154954 0.742979 -0.176748 -0.05123 0.98149 -0.18452
-0.129057 0.736312 -0.214591 -0.04271 0.97359 -0.22426
-0.181817 0.738062 -0.193890 -0.06025 0.97735 -0.20289
-0.155595 0.730887 -0.231802 -0.05160 0.96870 -0.24280
-0.887444 0.384876 -0.548470 -0.35723 0.61922 -0.69925
-0.830168 0.449906 -0.513072 -0.32395 0.70195 -0.63429
-0.903765 0.406177 -0.519850 -0.36482 0.65452 -0.66220
-0.840192 0.393453 -0.564092 -0.33366 0.62373 -0.70685
-0.706081 0.554620 -0.436382 -0.26070 0.81928 -0.51070
-0.769052 0.506306 -0.475300 -0.29151 0.76756 -0.57085
-0.931232 0.447054 -0.458426 -0.37568 0.71999 -0.58350
-0.842759 0.469491 -0.483516 -0.32922 0.73234 -0.59606
-0.918428 0.426965 -0.489765 -0.37073 0.68797 -0.62390
-0.873784 0.438995 -0.501998 -0.34691 0.69575 -0.62896
-0.748766 0.408112 -0.591012 -0.28935 0.62979 -0.72086
-0.784657 0.456338 -0.528316 -0.30274 0.70314 -0.64338
-0.793878 0.401185 -0.578247 -0.31081 0.62700 -0.71433
-0.812953 0.425987 -0.546542 -0.31821 0.66560 -0.67507
-0.458199 0.683268 -0.283183 -0.15709 0.93833 -0.30799
-0.518305 0.659142 -0.320330 -0.18027 0.91799 -0.35326
-0.488293 0.681869 -0.271289 -0.16854 0.94030 -0.29568
-0.451941 0.673147 -0.315228 -0.15570 0.92639 -0.34287
-0.642707 0.595626 -0.397215 -0.23194 0.86018 -0.45420
-0.579914 0.630185 -0.358407 -0.20515 0.89241 -0.40190
-0.550188 0.677634 -0.246062 -0.19174 0.94336 -0.27075
-0.550188 0.657131 -0.308517 -0.19283 0.91994 -0.34137
-0.518991 0.680002 -0.258904 -0.17993 0.94195 -0.28348
-0.519044 0.670072 -0.289794 -0.18044 0.93072 -0.31812
-0.437429 0.649670 -0.377833 -0.15141 0.89810 -0.41291
-0.510966 0.647353 -0.352837 -0.17859 0.90361 -0.38934
-0.445006 0.661923 -0.346847 -0.15365 0.91294 -0.37805
-0.481325 0.660813 -0.333941 -0.16695 0.91564 -0.36569
-0.962584 0.519042 -0.321477 -0.38500 0.82911 -0.40540
-0.875886 0.540326 -0.353896 -0.33911 0.83563 -0.43213
-0.957940 0.502571 -0.357024 -0.38434 0.80493 -0.45208
-0.922243 0.546168 -0.301390 -0.36145 0.85461 -0.37283
-0.712835 0.570486 -0.405962 -0.26302 0.84106 -0.47268
-0.792529 0.557208 -0.381834 -0.29880 0.83930 -0.45419
-0.745608 0.548306 -0.425544 -0.27874 0.81860 -0.50218
-0.942281 0.466568 -0.425489 -0.37964 0.75039 -0.54110
-0.870441 0.524054 -0.387521 -0.33797 0.81249 -0.47500
-0.951138 0.485029 -0.391792 -0.38254 0.77872 -0.49725
-0.897532 0.478116 -0.439641 -0.35549 0.75604 -0.54957
-0.913733 0.513925 -0.372878 -0.36037 0.80916 -0.46411
-0.840805 0.593040 -0.262076 -0.31776 0.89512 -0.31271
-0.837851 0.565057 -0.333568 -0.31889 0.85888 -0.40080
-0.881498 0.570805 -0.281534 -0.33902 0.87650 -0.34179
-0.879614 0.556174 -0.318086 -0.33951 0.85708 -0.38749
-0.810673 0.498017 -0.464374 -0.31186 0.76481 -0.56375
-0.827624 0.533139 -0.401273 -0.31693 0.81509 -0.48495
-0.778320 0.524157 -0.445075 -0.29500 0.79338 -0.53247
-0.853582 0.488574 -0.452592 -0.33292 0.76079 -0.55710
-0.786177 0.541168 -0.413844 -0.29724 0.81711 -0.49394
-0.862849 0.506811 -0.420514 -0.33585 0.78760 -0.51662
-0.578480 0.429534 -0.630948 -0.21479 0.63744 -0.73996
-0.611960 0.475856 -0.576546 -0.22636 0.70355 -0.67363
-0.619325 0.425035 -0.622480 -0.23205 0.63589 -0.73607
-0.553609 0.457076 -0.613269 -0.20372 0.67169 -0.71227
-0.664587 0.558081 -0.451166 -0.24347 0.81737 -0.52214
-0.640849 0.518932 -0.516450 -0.23595 0.76386 -0.60070
-0.695040 0.535597 -0.470715 -0.25788 0.79350 -0.55123
-0.704210 0.414425 -0.602666 -0.26909 0.63217 -0.72660
-0.653314 0.471832 -0.566282 -0.24402 0.70361 -0.66737
-0.661291 0.420008 -0.613069 -0.25004 0.63417 -0.73165
-0.722768 0.438689 -0.573261 -0.27589 0.66861 -0.69054
-0.636910 0.448840 -0.595116 -0.23826 0.67044 -0.70267
-0.502980 0.507378 -0.575869 -0.18169 0.73208 -0.65655
-0.584631 0.501588 -0.557602 -0.21417 0.73388 -0.64464
-0.528363 0.483053 -0.594839 -0.19262 0.70319 -0.68441
-0.569683 0.479750 -0.586091 -0.20918 0.70345 -0.67926
-0.755116 0.484957 -0.509329 -0.28743 0.73687 -0.61189
-0.668662 0.494220 -0.535615 -0.24922 0.73541 -0.63013
-0.725326 0.511212 -0.490171 -0.27247 0.76683 -0.58115
-0.739804 0.462277 -0.542078 -0.28203 0.70363 -0.65220
-0.682526 0.515404 -0.503872 -0.25383 0.76539 -0.59140
-0.695956 0.467425 -0.554716 -0.26245 0.70378 -0.66016
-0.681495 0.662141 -0.188799 -0.24391 0.94607 -0.21320
-0.685298 0.643116 -0.255790 -0.24677 0.92447 -0.29062
-0.647823 0.667014 -0.203985 -0.22997 0.94595 -0.22869
-0.720349 0.647574 -0.206294 -0.26074 0.93618 -0.23577
-0.678923 0.591556 -0.385681 -0.24766 0.86120 -0.44384
-0.684473 0.619540 -0.321655 -0.24807 0.89621 -0.36779
-0.646360 0.610170 -0.366189 -0.23300 0.87865 -0.41677
-0.717196 0.586133 -0.374068 -0.26385 0.86120 -0.43442
-0.582315 0.674698 -0.232506 -0.20402 0.94454 -0.25733
-0.650613 0.647606 -0.269732 -0.23231 0.92384 -0.30422
-0.614720 0.671184 -0.218568 -0.21675 0.94541 -0.24335
-0.583091 0.665157 -0.264484 -0.20490 0.93375 -0.29348
-0.649761 0.657857 -0.237001 -0.23134 0.93568 -0.26643
-0.799977 0.613270 -0.242886 -0.29762 0.91105 -0.28532
-0.722850 0.626549 -0.274445 -0.26335 0.91157 -0.31573
-0.759922 0.631319 -0.224350 -0.27865 0.92460 -0.25973
-0.800458 0.601058 -0.278422 -0.29884 0.89611 -0.32815
-0.722205 0.637646 -0.240540 -0.26225 0.92477 -0.27574
-0.582040 0.642805 -0.327631 -0.20572 0.90775 -0.36562
-0.650288 0.636147 -0.302502 -0.23293 0.91035 -0.34207
-0.614003 0.627235 -0.346803 -0.21909 0.89406 -0.39072
-0.582995 0.654511 -0.296259 -0.20546 0.92147 -0.32966
-0.648897 0.623703 -0.334546 -0.23317 0.89529 -0.37959
-0.616512 0.651350 -0.283322 -0.21863 0.92279 -0.31727
-0.796487 0.572994 -0.348176 -0.29942 0.86007 -0.41306
-0.722179 0.614153 -0.308370 -0.26398 0.89653 -0.35574
-0.756440 0.579967 -0.361565 -0.28113 0.86082 -0.42421
-0.799287 0.587603 -0.313614 -0.29944 0.87909 -0.37086
-0.720325 0.600719 -0.341458 -0.26414 0.87975 -0.39530
-0.760852 0.608070 -0.293861 -0.28091 0.89654 -0.34249
-0.400719 0.590277 -0.495680 -0.14027 0.82471 -0.54789
-0.474551 0.588859 -0.476832 -0.16761 0.83011 -0.53181
-0.410784 0.606549 -0.467406 -0.14331 0.84527 -0.51477
-0.426106 0.571715 -0.516097 -0.15019 0.80481 -0.57421
-0.632450 0.579857 -0.430556 -0.22938 0.83922 -0.49304
-0.551639 0.585523 -0.455299 -0.19713 0.83501 -0.51371
-0.601928 0.598878 -0.411002 -0.21598 0.85828 -0.46553
-0.622484 0.561927 -0.463945 -0.22628 0.81573 -0.53234
-0.429124 0.636207 -0.408590 -0.14893 0.88180 -0.44749
-0.484609 0.604986 -0.447156 -0.17066 0.85083 -0.49696
-0.420271 0.621893 -0.438312 -0.14621 0.86421 -0.48141
-0.465668 0.635523 -0.397115 -0.16230 0.88474 -0.43692
-0.447366 0.605984 -0.457604 -0.15673 0.84809 -0.50614
-0.477166 0.530453 -0.556166 -0.17093 0.75863 -0.62870
-0.501739 0.569469 -0.497390 -0.17867 0.80971 -0.55897
-0.451649 0.551762 -0.536315 -0.16041 0.78276 -0.60130
-0.516652 0.528400 -0.547408 -0.18614 0.76021 -0.62245
-0.463558 0.570833 -0.507040 -0.16414 0.80734 -0.56679
-0.541261 0.632459 -0.372200 -0.19066 0.89010 -0.41397
-0.523096 0.603491 -0.435849 -0.18517 0.85347 -0.48714
-0.571459 0.616407 -0.391501 -0.20313 0.87508 -0.43929
-0.503084 0.634289 -0.384986 -0.17622 0.88751 -0.42575
-0.562011 0.601481 -0.423873 -0.20025 0.85595 -0.47671
-0.494279 0.620131 -0.416499 -0.17357 0.86988 -0.46171
-0.598595 0.522830 -0.527401 -0.21870 0.76292 -0.60838
-0.541309 0.567547 -0.486931 -0.19387 0.81193 -0.55063
-0.611162 0.542862 -0.496308 -0.22276 0.79018 -0.57096
-0.557177 0.525872 -0.537829 -0.20207 0.76165 -0.61568
-0.581339 0.565064 -0.475860 -0.20970 0.81394 -0.54178
-0.529464 0.548510 -0.517692 -0.19021 0.78690 -0.58704
-0.025858 0.672614 0.405822 -0.00877 0.90238 0.43084
-0.077535 0.678979 0.390017 -0.02609 0.91005 0.41367
-0.041993 0.662680 0.425598 -0.01414 0.89163 0.45255
-0.025778 0.683983 0.381016 -0.00864 0.91521 0.40288
-0.181626 0.688620 0.356216 -0.06105 0.92374 0.37812
-0.129373 0.684315 0.373514 -0.04347 0.91716 0.39613
-0.074633 0.640954 0.464517 -0.02529 0.86747 0.49685
-0.094003 0.669165 0.409835 -0.03164 0.89966 0.43545
-0.058281 0.652117 0.445190 -0.01967 0.87992 0.47471
-0.068010 0.666058 0.417790 -0.02288 0.89572 0.44403
-0.025642 0.704380 0.330659 -0.00857 0.93755 0.34775
-0.077325 0.689918 0.364928 -0.02590 0.92234 0.38551
-0.025713 0.694585 0.355917 -0.00859 0.92685 0.37534
-0.051577 0.687081 0.373049 -0.01726 0.91884 0.39425
-0.399898 0.694498 0.276476 -0.13621 0.94493 0.29759
-0.343428 0.694916 0.298304 -0.11636 0.94046 0.31936
-0.234548 0.691867 0.338008 -0.07894 0.92985 0.35936
-0.288396 0.693996 0.318755 -0.09733 0.93542 0.33989
-0.141365 0.589673 0.539524 -0.04864 0.80935 0.58531
-0.161831 0.623325 0.487298 -0.05527 0.84940 0.52484
-0.124598 0.603459 0.521228 -0.04263 0.82519 0.56325
-0.199354 0.678932 0.376193 -0.06721 0.91395 0.40021
-0.181178 0.653087 0.432758 -0.06145 0.88420 0.46305
-0.172890 0.676895 0.384882 -0.05819 0.91059 0.40919
-0.091318 0.629042 0.483782 -0.03101 0.85417 0.51908
-0.144764 0.635718 0.468367 -0.04917 0.86318 0.50250
-0.107884 0.616594 0.502619 -0.03679 0.84009 0.54119
-0.101163 0.644364 0.456895 -0.03426 0.87186 0.48855
-0.134831 0.620086 0.495066 -0.04596 0.84483 0.53305
-0.120367 0.672013 0.401675 -0.04047 0.90345 0.42678
-0.154485 0.650492 0.440905 -0.05228 0.88028 0.47156
-0.146531 0.674587 0.393378 -0.04931 0.90709 0.41803
-0.110858 0.658701 0.429485 -0.03742 0.88830 0.45774
-0.163831 0.664171 0.413153 -0.05531 0.89606 0.44048
-0.127811 0.647544 0.449024 -0.04327 0.87613 0.48012
-0.025472 0.735949 0.227574 -0.00852 0.97143 0.23717
-0.076728 0.725952 0.261973 -0.02554 0.96140 0.27397
-0.025523 0.729228 0.253480 -0.00845 0.96424 0.26489
-0.181271 0.698807 0.330218 -0.06080 0.93513 0.34906
-0.128587 0.713633 0.296152 -0.04291 0.94938 0.31119
-0.155205 0.696979 0.339188 -0.05194 0.93209 0.35848
-0.025630 0.713493 0.304931 -0.00854 0.94737 0.32003
-0.076882 0.718168 0.287835 -0.02555 0.95300 0.30190
-0.025569 0.721734 0.279309 -0.00849 0.95625 0.29244
-0.051354 0.707102 0.322250 -0.01710 0.94070 0.33880
-0.051168 0.723982 0.270701 -0.01696 0.95887 0.28333
-0.103368 0.692552 0.356474 -0.03456 0.92574 0.37657
-0.102941 0.711704 0.305063 -0.03424 0.94658 0.32065
-0.129212 0.694887 0.347954 -0.04323 0.92898 0.36760
-0.077285 0.700121 0.339446 -0.02578 0.93350 0.35766
-0.128957 0.704671 0.322122 -0.04304 0.93963 0.33946
-0.077144 0.709549 0.313703 -0.02567 0.94372 0.32974
-0.923893 0.607379 0.022485 -0.35579 0.93419 0.02656
-0.851598 0.630948 0.064666 -0.31919 0.94465 0.07580
-0.935628 0.600896 0.059289 -0.36236 0.92921 0.07254
-0.888802 0.620654 0.000000 -0.33751 0.94132 0.00000
-0.711597 0.664030 0.138587 -0.25585 0.95392 0.15675
-0.780629 0.649562 0.103278 -0.28603 0.95082 0.11884
-0.953670 0.584081 0.133970 -0.37329 0.91281 0.16565
-0.861050 0.624027 0.100261 -0.32423 0.93843 0.11930
-0.945591 0.593129 0.096552 -0.36820 0.92214 0.11868
-0.898141 0.613147 0.080269 -0.34279 0.93442 0.09673
-0.818876 0.643157 -0.042285 -0.30329 0.95161 -0.04945
-0.818876 0.643157 0.042285 -0.30329 0.95161 0.04945
-0.853695 0.632563 -0.021608 -0.32002 0.94707 -0.02555
-0.853695 0.632563 0.021608 -0.32002 0.94707 0.02555
-0.458056 0.692566 0.253067 -0.15703 0.94890 0.27373
-0.518135 0.688890 0.227847 -0.17916 0.95192 0.24851
-0.644804 0.675042 0.170906 -0.22825 0.95476 0.19064
-0.580335 0.683173 0.200556 -0.20280 0.95397 0.22096
-0.965459 0.534956 0.283486 -0.38474 0.85118 0.35702
-0.881504 0.584115 0.244545 -0.33762 0.89350 0.29608
-0.965685 0.549088 0.246651 -0.38341 0.87033 0.30906
-0.717290 0.656288 0.171959 -0.25870 0.94583 0.19616
-0.798270 0.624065 0.207251 -0.29580 0.92387 0.24282
-0.752254 0.649747 0.155320 -0.27394 0.94502 0.17859
-0.959740 0.573655 0.171903 -0.37756 0.90107 0.21338
-0.879111 0.595864 0.208779 -0.33542 0.90790 0.25141
-0.963775 0.562014 0.209347 -0.38097 0.88692 0.26122
-0.914008 0.595949 0.153826 -0.35223 0.91701 0.18715
-0.922292 0.573719 0.227501 -0.35865 0.89073 0.27924
-0.824038 0.633749 0.119626 -0.30656 0.94143 0.14049
-0.835986 0.615915 0.190369 -0.31357 0.92243 0.22539
-0.787896 0.642256 0.137856 -0.28982 0.94359 0.16014
-0.868652 0.615930 0.136376 -0.32858 0.93033 0.16289
-0.793792 0.633750 0.172601 -0.29311 0.93466 0.20122
-0.874691 0.606533 0.172644 -0.33232 0.92016 0.20705
-0.682849 0.674809 -0.116724 -0.24330 0.96101 -0.13137
-0.688532 0.680426 -0.039061 -0.24518 0.96848 -0.04395
-0.716050 0.668372 -0.099360 -0.25739 0.95971 -0.11274
-0.682849 0.674809 0.116724 -0.24330 0.96101 0.13137
-0.688532 0.680426 0.039061 -0.24518 0.96848 0.04395
-0.716050 0.668372 0.099360 -0.25739 0.95971 0.11274
-0.783941 0.652688 -0.062240 -0.28725 0.95515 -0.07193
-0.720539 0.672750 -0.020049 -0.25893 0.96563 -0.02268
-0.749815 0.661014 -0.081192 -0.27197 0.95780 -0.09298
-0.785833 0.654201 -0.020795 -0.28789 0.95736 -0.02403
-0.719040 0.671288 -0.059765 -0.25840 0.96366 -0.06782
-0.783941 0.652688 0.062240 -0.28725 0.95515 0.07193
-0.720539 0.672750 0.020049 -0.25893 0.96563 0.02268
-0.749815 0.661014 0.081192 -0.27197 0.95780 0.09298
-0.785833 0.654201 0.020795 -0.28789 0.95736 0.02403
-0.719040 0.671288 0.059765 -0.25840 0.96366 0.06782
-0.752976 0.664049 0.000000 -0.27308 0.96199 0.00000
-0.279335 0.451973 0.673984 -0.10023 0.64338 0.75896
-0.306236 0.495500 0.630139 -0.10907 0.70082 0.70495
-0.262118 0.471786 0.658817 -0.09296 0.66858 0.73781
-0.314040 0.450238 0.670611 -0.11235 0.64332 0.75731
-0.354199 0.573107 0.531124 -0.12436 0.80033 0.58652
-0.331241 0.535960 0.582420 -0.11711 0.75319 0.64729
-0.227669 0.509062 0.626981 -0.07993 0.71436 0.69520
-0.288214 0.513980 0.613885 -0.10151 0.72351 0.68281
-0.244860 0.490838 0.643115 -0.08641 0.69208 0.71663
-0.275409 0.493279 0.636811 -0.09734 0.69666 0.71077
-0.385237 0.446000 0.662400 -0.13892 0.64222 0.75383
-0.341147 0.494036 0.625905 -0.12131 0.70146 0.70231
-0.349378 0.448253 0.666753 -0.12542 0.64281 0.75569
-0.327844 0.472537 0.648748 -0.11691 0.67302 0.73033
-0.422968 0.684377 0.296808 -0.14513 0.93596 0.32079
-0.409459 0.662518 0.359049 -0.14113 0.91003 0.38979
-0.393941 0.684872 0.307800 -0.13441 0.93377 0.33167
-0.374970 0.606714 0.476569 -0.13069 0.84226 0.52299
-0.393427 0.636578 0.419092 -0.13632 0.87879 0.45732
-0.337098 0.684769 0.328735 -0.11440 0.92882 0.35242
-0.380114 0.662531 0.369088 -0.13025 0.90741 0.39955
-0.365285 0.684997 0.318446 -0.12430 0.93137 0.34219
-0.387334 0.674199 0.338722 -0.13245 0.92124 0.36576
-0.159177 0.574570 0.558253 -0.05484 0.79214 0.60787
-0.216581 0.580251 0.544535 -0.07475 0.80114 0.59379
-0.176128 0.559352 0.575923 -0.06101 0.77421 0.62998
-0.169723 0.592645 0.532772 -0.05834 0.81382 0.57818
-0.334509 0.588844 0.513069 -0.11623 0.81822 0.56304
-0.274922 0.585027 0.529529 -0.09515 0.80982 0.57891
-0.323752 0.571455 0.539459 -0.11291 0.79639 0.59415
-0.210297 0.526690 0.610249 -0.07352 0.73551 0.67351
-0.234210 0.564933 0.562321 -0.08130 0.78336 0.61623
-0.193201 0.543376 0.593287 -0.06721 0.75541 0.65180
-0.240101 0.529337 0.603837 -0.08403 0.74011 0.66721
-0.205085 0.562261 0.569267 -0.07109 0.77884 0.62318
-0.190036 0.625908 0.479828 -0.06489 0.85349 0.51704
-0.227029 0.597965 0.518302 -0.07818 0.82249 0.56339
-0.180024 0.609781 0.506586 -0.06165 0.83433 0.54780
-0.198309 0.595411 0.525698 -0.06820 0.81818 0.57090
-0.300628 0.534069 0.589826 -0.10550 0.74917 0.65392
-0.263924 0.567357 0.555020 -0.09169 0.78780 0.60907
-0.312441 0.553166 0.565088 -0.10933 0.77343 0.62438
-0.270242 0.531797 0.597032 -0.09470 0.74466 0.66069
-0.293631 0.569536 0.547423 -0.10222 0.79214 0.60172
-0.252204 0.548798 0.579809 -0.08795 0.76462 0.63845
-0.536557 0.433765 0.638955 -0.19798 0.63874 0.74352
-0.488140 0.485805 0.602823 -0.17695 0.70277 0.68906
-0.497641 0.437356 0.645785 -0.18226 0.63977 0.74664
-0.389504 0.572149 0.524570 -0.13691 0.80228 0.58104
-0.438916 0.531790 0.564455 -0.15655 0.75681 0.63460
-0.378265 0.553983 0.551175 -0.13318 0.77906 0.61264
-0.422218 0.443438 0.657427 -0.15290 0.64153 0.75171
-0.450523 0.488259 0.609542 -0.16221 0.70242 0.69303
-0.459486 0.440573 0.651935 -0.16732 0.64071 0.74933
-0.399630 0.468616 0.639547 -0.14365 0.67283 0.72571
-0.474198 0.463589 0.627960 -0.17221 0.67237 0.71990
-0.354140 0.514999 0.601771 -0.12548 0.72875 0.67318
-0.426376 0.511727 0.590374 -0.15236 0.73023 0.66600
-0.366449 0.534892 0.576965 -0.12943 0.75460 0.64329
-0.376883 0.492495 0.620938 -0.13449 0.70191 0.69945
-0.402377 0.533511 0.570979 -0.14268 0.75569 0.63920
-0.413379 0.490577 0.615486 -0.14814 0.70224 0.69636
-0.227332 0.680691 0.367040 -0.07656 0.91722 0.39095
-0.266291 0.659066 0.406572 -0.09040 0.89514 0.43651
-0.254241 0.682160 0.357887 -0.08584 0.92034 0.38159
-0.218474 0.668523 0.395911 -0.07388 0.90323 0.42275
-0.345073 0.605920 0.484921 -0.11943 0.83901 0.53084
-0.305568 0.634234 0.445915 -0.10467 0.86926 0.48315
-0.354693 0.621469 0.457016 -0.12256 0.85808 0.49867
-0.315178 0.604287 0.493857 -0.10900 0.83502 0.53932
-0.308959 0.684216 0.338788 -0.10467 0.92612 0.36240
-0.294025 0.660434 0.397618 -0.10013 0.89845 0.42750
-0.281481 0.683339 0.348466 -0.09517 0.92330 0.37210
-0.329956 0.673609 0.358832 -0.11227 0.91582 0.38557
-0.274100 0.671680 0.377784 -0.09291 0.90985 0.40441
-0.199856 0.641185 0.452244 -0.06800 0.87141 0.48582
-0.256941 0.645380 0.435252 -0.08761 0.87905 0.46860
-0.209303 0.655338 0.424357 -0.07098 0.88797 0.45440
-0.218566 0.628373 0.471841 -0.07466 0.85758 0.50891
-0.237705 0.657333 0.415627 -0.08069 0.89162 0.44553
-0.372196 0.649755 0.399161 -0.12789 0.89223 0.43310
-0.314303 0.648248 0.417589 -0.10749 0.88603 0.45100
-0.363750 0.636104 0.428382 -0.12533 0.87580 0.46613
-0.351075 0.662122 0.378986 -0.12002 0.90453 0.40916
-0.334432 0.635319 0.437324 -0.11496 0.87261 0.47470
-0.322345 0.661418 0.388497 -0.10997 0.90154 0.41848
-0.256328 0.600300 0.510505 -0.08833 0.82673 0.55562
-0.276478 0.632470 0.455000 -0.09466 0.86543 0.49201
-0.285562 0.602411 0.502384 -0.09859 0.83090 0.54762
-0.237427 0.614735 0.491294 -0.08145 0.84268 0.53222
-0.295793 0.618837 0.474466 -0.10178 0.85080 0.51554
-0.247412 0.630563 0.463564 -0.08459 0.86156 0.50057
-0.025505 0.763115 0.015763 -0.00882 0.99984 0.01541
-0.076641 0.761224 0.047367 -0.02561 0.99851 0.04820
-0.025509 0.762322 0.042192 -0.00837 0.99901 0.04371
-0.051076 0.762923 0.000000 -0.01676 0.99986 0.00000
-0.180293 0.751510 0.111427 -0.05997 0.99152 0.11533
-0.128154 0.757391 0.079204 -0.04261 0.99577 0.08143
-0.025530 0.758554 0.095040 -0.00840 0.99509 0.09859
-0.076664 0.759551 0.073919 -0.02519 0.99674 0.07670
-0.025513 0.760800 0.068661 -0.00838 0.99743 0.07112
-0.051082 0.761176 0.058042 -0.01676 0.99805 0.06014
-0.102544 0.761107 -0.031634 -0.03370 0.99889 -0.03282
-0.102544 0.761107 0.031634 -0.03370 0.99889 0.03282
-0.076788 0.762255 -0.015816 -0.02519 0.99955 -0.01638
-0.076788 0.762255 0.015816 -0.02519 0.99955 0.01638
-0.399711 0.703238 0.247035 -0.13622 0.95474 0.26443
-0.342818 0.719621 0.211873 -0.11576 0.96757 0.22450
-0.371505 0.703833 0.258551 -0.12584 0.95271 0.27660
-0.233301 0.743418 0.144188 -0.07780 0.98556 0.15037
-0.287406 0.732887 0.177627 -0.09636 0.97770 0.18658
-0.316122 0.703970 0.280455 -0.10656 0.94841 0.29862
-0.315711 0.719967 0.223398 -0.10596 0.96576 0.23683
-0.343612 0.704069 0.269703 -0.11611 0.95063 0.28779
-0.343413 0.712313 0.240842 -0.11578 0.95960 0.25644
-0.025617 0.742177 0.200340 -0.00853 0.97790 0.20888
-0.076871 0.745358 0.180241 -0.02542 0.98186 0.18789
-0.025576 0.747368 0.174215 -0.00843 0.98342 0.18115
-0.051162 0.737987 0.217635 -0.01690 0.97376 0.22694
-0.180389 0.747931 0.138553 -0.05968 0.98766 0.14477
-0.128373 0.747286 0.159685 -0.04242 0.98512 0.16655
-0.154293 0.751626 0.122258 -0.05088 0.99055 0.12733
-0.025519 0.755543 0.121669 -0.00841 0.99197 0.12618
-0.076776 0.750010 0.153905 -0.02530 0.98680 0.15998
-0.025548 0.751828 0.147948 -0.00841 0.98809 0.15367
-0.051112 0.756495 0.111178 -0.01680 0.99318 0.11535
-0.051190 0.748846 0.164106 -0.01685 0.98519 0.17062
-0.102737 0.727929 0.252020 -0.03407 0.96399 0.26375
-0.102739 0.741117 0.197472 -0.03395 0.97798 0.20593
-0.076889 0.733237 0.234876 -0.02543 0.96911 0.24531
-0.076943 0.739713 0.207585 -0.02540 0.97596 0.21646
-0.102546 0.757412 0.090018 -0.03369 0.99505 0.09346
-0.102666 0.750877 0.143423 -0.03379 0.98823 0.14918
-0.128325 0.754783 0.106067 -0.04225 0.99300 0.11029
-0.076810 0.757120 0.100613 -0.02523 0.99421 0.10442
-0.128394 0.751411 0.132938 -0.04231 0.98948 0.13833
-0.076843 0.753936 0.127319 -0.02527 0.99090 0.13223
-0.207691 0.751435 -0.095894 -0.06876 0.99260 -0.10013
-0.208853 0.755639 -0.032000 -0.06907 0.99705 -0.03338
-0.181180 0.754635 -0.079730 -0.05976 0.99475 -0.08304
-0.207691 0.751435 0.095894 -0.06876 0.99260 0.10013
-0.208853 0.755639 0.032000 -0.06907 0.99705 0.03338
-0.181180 0.754635 0.079730 -0.05976 0.99475 0.08304
-0.128769 0.759448 -0.047691 -0.04231 0.99788 -0.04947
-0.182068 0.757768 -0.016090 -0.05998 0.99806 -0.01668
-0.154839 0.757304 -0.063644 -0.05100 0.99650 -0.06618
-0.128901 0.760493 -0.015925 -0.04239 0.99896 -0.01652
-0.181772 0.756724 -0.047893 -0.05993 0.99696 -0.04988
-0.128769 0.759448 0.047691 -0.04231 0.99788 0.04947
-0.182068 0.757768 0.016090 -0.05998 0.99806 0.01668
-0.154839 0.757304 0.063644 -0.05100 0.99650 0.06618
-0.128901 0.760493 0.015925 -0.04239 0.99896 0.01652
-0.181772 0.756724 0.047893 -0.05993 0.99696 0.04988
-0.155443 0.759383 0.000000 -0.05116 0.99869 0.00000
-0.208648 0.700510 0.320389 -0.06986 0.93815 0.33912
-0.209245 0.718210 0.266064 -0.06972 0.95737 0.28031
-0.235068 0.701797 0.310895 -0.07887 0.94089 0.32940
-0.181848 0.708319 0.303376 -0.06074 0.94547 0.32001
-0.207640 0.743503 0.155593 -0.06870 0.98427 0.16279
-0.208900 0.732526 0.211068 -0.06933 0.97269 0.22150
-0.234176 0.738622 0.172210 -0.07779 0.98046 0.18068
-0.181221 0.743411 0.166232 -0.05996 0.98297 0.17372
-0.288657 0.703535 0.291008 -0.09716 0.94602 0.30921
-0.235397 0.719078 0.255990 -0.07864 0.95966 0.26994
-0.261765 0.702813 0.301089 -0.08794 0.94351 0.31945
-0.288845 0.712212 0.262876 -0.09697 0.95547 0.27870
-0.235356 0.710878 0.283508 -0.07878 0.95078 0.29969
-0.129012 0.721981 0.269263 -0.04284 0.95834 0.28240
-0.182288 0.724835 0.249057 -0.06060 0.96330 0.26151
-0.155281 0.715474 0.286317 -0.05172 0.95218 0.30113
-0.129084 0.729557 0.242029 -0.04280 0.96642 0.25336
-0.182192 0.717006 0.276273 -0.06071 0.95486 0.29078
-0.288090 0.726919 0.206041 -0.09635 0.97127 0.21762
-0.235247 0.726490 0.228020 -0.07843 0.96758 0.24008
-0.261016 0.733100 0.189040 -0.08697 0.97615 0.19893
-0.288660 0.720015 0.234504 -0.09670 0.96389 0.24812
-0.234821 0.732973 0.200201 -0.07813 0.97450 0.21034
-0.261861 0.719712 0.245382 -0.08758 0.96185 0.25917
-0.128914 0.742221 0.187094 -0.04256 0.97983 0.19524
-0.182192 0.731902 0.221383 -0.06045 0.97081 0.23212
-0.154954 0.742979 0.176748 -0.05123 0.98149 0.18452
-0.129057 0.736312 0.214591 -0.04271 0.97359 0.22426
-0.181817 0.738062 0.193890 -0.06025 0.97735 0.20289
-0.155595 0.730887 0.231802 -0.05160 0.96870 0.24280
-0.887444 0.384876 0.548470 -0.35723 0.61922 0.69925
-0.830168 0.449906 0.513072 -0.32395 0.70195 0.63429
-0.903765 0.406177 0.519850 -0.36482 0.65452 0.66220
-0.840192 0.393453 0.564092 -0.33366 0.62373 0.70685
-0.706081 0.554620 0.436382 -0.26070 0.81928 0.51070
-0.769052 0.506306 0.475300 -0.29151 0.76756 0.57085
-0.931232 0.447054 0.458426 -0.37568 0.71999 0.58350
-0.842759 0.469491 0.483516 -0.32922 0.73234 0.59606
-0.918428 0.426965 0.489765 -0.37073 0.68797 0.62390
-0.873784 0.438995 0.501998 -0.34691 0.69575 0.62896
-0.748766 0.408112 0.591012 -0.28935 0.62979 0.72086
-0.784657 0.456338 0.528316 -0.30274 0.70314 0.64338
-0.793878 0.401185 0.578247 -0.31081 0.62700 0.71433
-0.812953 0.425987 0.546542 -0.31821 0.66560 0.67507
-0.458199 0.683268 0.283183 -0.15709 0.93833 0.30799
-0.518305 0.659142 0.320330 -0.18027 0.91799 0.35326
-0.488293 0.681869 0.271289 -0.16854 0.94030 0.29568
-0.451941 0.673147 0.315228 -0.15570 0.92639 0.34287
-0.642707 0.595626 0.397215 -0.23194 0.86018 0.45420
-0.579914 0.630185 0.358407 -0.20515 0.89241 0.40190
-0.550188 0.677634 0.246062 -0.19174 0.94336 0.27075
-0.550188 0.657131 0.308517 -0.19283 0.91994 0.34137
-0.518991 0.680002 0.258904 -0.17993 0.94195 0.28348
-0.519044 0.670072 0.289794 -0.18044 0.93072 0.31812
-0.437429 0.649670 0.377833 -0.15141 0.89810 0.41291
-0.510966 0.647353 0.352837 -0.17859 0.90361 0.38934
-0.445006 0.661923 0.346847 -0.15365 0.91294 0.37805
-0.481325 0.660813 0.333941 -0.16695 0.91564 0.36569
-0.962584 0.519042 0.321477 -0.38500 0.82911 0.40540
-0.875886 0.540326 0.353896 -0.33911 0.83563 0.43213
-0.957940 0.502571 0.357024 -0.38434 0.80493 0.45208
-0.922243 0.546168 0.301390 -0.36145 0.85461 0.37283
-0.712835 0.570486 0.405962 -0.26302 0.84106 0.47268
-0.792529 0.557208 0.381834 -0.29880 0.83930 0.45419
-0.745608 0.548306 0.425544 -0.27874 0.81860 0.50218
-0.942281 0.466568 0.425489 -0.37964 0.75039 0.54110
-0.870441 0.524054 0.387521 -0.33797 0.81249 0.47500
-0.951138 0.485029 0.391792 -0.38254 0.77872 0.49725
-0.897532 0.478116 0.439641 -0.35549 0.75604 0.54957
-0.913733 0.513925 0.372878 -0.36037 0.80916 0.46411
-0.840805 0.593040 0.262076 -0.31776 0.89512 0.31271
-0.837851 0.565057 0.333568 -0.31889 0.85888 0.40080
-0.881498 0.570805 0.281534 -0.33902 0.87650 0.34179
-0.879614 0.556174 0.318086 -0.33951 0.85708 0.38749
-0.810673 0.498017 0.464374 -0.31186 0.76481 0.56375
-0.827624 0.533139 0.401273 -0.31693 0.81509 0.48495
-0.778320 0.524157 0.445075 -0.29500 0.79338 0.53247
-0.853582 0.488574 0.452592 -0.33292 0.76079 0.55710
-0.786177 0.541168 0.413844 -0.29724 0.81711 0.49394
-0.862849 0.506811 0.420514 -0.33585 0.78760 0.51662
-0.578480 0.429534 0.630948 -0.21479 0.63744 0.73996
-0.611960 0.475856 0.576546 -0.22636 0.70355 0.67363
-0.619325 0.425035 0.622480 -0.23205 0.63589 0.73607
-0.553609 0.457076 0.613269 -0.20372 0.67169 0.71227
-0.664587 0.558081 0.451166 -0.24347 0.81737 0.52214
-0.640849 0.518932 0.516450 -0.23595 0.76386 0.60070
-0.695040 0.535597 0.470715 -0.25788 0.79350 0.55123
-0.704210 0.414425 0.602666 -0.26909 0.63217 0.72660
-0.653314 0.471832 0.566282 -0.24402 0.70361 0.66737
-0.661291 0.420008 0.613069 -0.25004 0.63417 0.73165
-0.722768 0.438689 0.573261 -0.27589 0.66861 0.69054
-0.636910 0.448840 0.595116 -0.23826 0.67044 0.70267
-0.502980 0.507378 0.575869 -0.18169 0.73208 0.65655
-0.584631 0.501588 0.557602 -0.21417 0.73388 0.64464
-0.528363 0.483053 0.594839 -0.19262 0.70319 0.68441
-0.569683 0.479750 0.586091 -0.20918 0.70345 0.67926
-0.755116 0.484957 0.509329 -0.28743 0.73687 0.61189
-0.668662 0.494220 0.535615 -0.24922 0.73541 0.63013
-0.725326 0.511212 0.490171 -0.27247 0.76683 0.58115
-0.739804 0.462277 0.542078 -0.28203 0.70363 0.65220
-0.682526 0.515404 0.503872 -0.25383 0.76539 0.59140
-0.695956 0.467425 0.554716 -0.26245 0.70378 0.66016
-0.681495 0.662141 0.188799 -0.24391 0.94607 0.21320
-0.685298 0.643116 0.255790 -0.24677 0.92447 0.29062
-0.647823 0.667014 0.203985 -0.22997 0.94595 0.22869
-0.720349 0.647574 0.206294 -0.26074 0.93618 0.23577
-0.678923 0.591556 0.385681 -0.24766 0.86120 0.44384
-0.684473 0.619540 0.321655 -0.24807 0.89621 0.36779
-0.646360 0.610170 0.366189 -0.23300 0.87865 0.41677
-0.717196 0.586133 0.374068 -0.26385 0.86120 0.43442
-0.582315 0.674698 0.232506 -0.20402 0.94454 0.25733
-0.650613 0.647606 0.269732 -0.23231 0.92384 0.30422
-0.614720 0.671184 0.218568 -0.21675 0.94541 0.24335
-0.583091 0.665157 0.264484 -0.20490 0.93375 0.29348
-0.649761 0.657857 0.237001 -0.23134 0.93568 0.26643
-0.799977 0.613270 0.242886 -0.29762 0.91105 0.28532
-0.722850 0.626549 0.274445 -0.26335 0.91157 0.31573
-0.759922 0.631319 0.224350 -0.27865 0.92460 0.25973
-0.800458 0.601058 0.278422 -0.29884 0.89611 0.32815
-0.722205 0.637646 0.240540 -0.26225 0.92477 0.27574
-0.582040 0.642805 0.327631 -0.20572 0.90775 0.36562
-0.650288 0.636147 0.302502 -0.23293 0.91035 0.34207
-0.614003 0.627235 0.346803 -0.21909 0.89406 0.39072
-0.582995 0.654511 0.296259 -0.20546 0.92147 0.32966
-0.648897 0.623703 0.334546 -0.23317 0.89529 0.37959
-0.616512 0.651350 0.283322 -0.21863 0.92279 0.31727
-0.796487 0.572994 0.348176 -0.29942 0.86007 0.41306
-0.722179 0.614153 0.308370 -0.26398 0.89653 0.35574
-0.756440 0.579967 0.361565 -0.28113 0.86082 0.42421
-0.799287 0.587603 0.313614 -0.29944 0.87909 0.37086
-0.720325 0.600719 0.341458 -0.26414 0.87975 0.39530
-0.760852 0.608070 0.293861 -0.28091 0.89654 0.34249
-0.400719 0.590277 0.495680 -0.14027 0.82471 0.54789
-0.474551 0.588859 0.476832 -0.16761 0.83011 0.53181
-0.410784 0.606549 0.467406 -0.14331 0.84527 0.51477
-0.426106 0.571715 0.516097 -0.15019 0.80481 0.57421
-0.632450 0.579857 0.430556 -0.22938 0.83922 0.49304
-0.551639 0.585523 0.455299 -0.19713 0.83501 0.51371
-0.601928 0.598878 0.411002 -0.21598 0.85828 0.46553
-0.622484 0.561927 0.463945 -0.22628 0.81573 0.53234
-0.429124 0.636207 0.408590 -0.14893 0.88180 0.44749
-0.484609 0.604986 0.447156 -0.17066 0.85083 0.49696
-0.420271 0.621893 0.438312 -0.14621 0.86421 0.48141
-0.465668 0.635523 0.397115 -0.16230 0.88474 0.43692
-0.447366 0.605984 0.457604 -0.15673 0.84809 0.50614
-0.477166 0.530453 0.556166 -0.17093 0.75863 0.62870
-0.501739 0.569469 0.497390 -0.17867 0.80971 0.55897
-0.451649 0.551762 0.536315 -0.16041 0.78276 0.60130
-0.516652 0.528400 0.547408 -0.18614 0.76021 0.62245
-0.463558 0.570833 0.507040 -0.16414 0.80734 0.56679
-0.541261 0.632459 0.372200 -0.19066 0.89010 0.41397
-0.523096 0.603491 0.435849 -0.18517 0.85347 0.48714
-0.571459 0.616407 0.391501 -0.20313 0.87508 0.43929
-0.503084 0.634289 0.384986 -0.17622 0.88751 0.42575
-0.562011 0.601481 0.423873 -0.20025 0.85595 0.47671
-0.494279 0.620131 0.416499 -0.17357 0.86988 0.46171
-0.598595 0.522830 0.527401 -0.21870 0.76292 0.60838
-0.541309 0.567547 0.486931 -0.19387 0.81193 0.55063
-0.611162 0.542862 0.496308 -0.22276 0.79018 0.57096
-0.557177 0.525872 0.537829 -0.20207 0.76165 0.61568
-0.581339 0.565064 0.475860 -0.20970 0.81394 0.54178
-0.529464 0.548510 0.517692 -0.19021 0.78690 0.58704
-0.433875 0.702024 -0.232753 -0.14764 0.95674 -0.25070
-0.442112 0.715353 -0.167275 -0.15002 0.97222 -0.17969
-0.462996 0.700551 -0.220283 -0.15850 0.95822 -0.23811
-0.404409 0.710833 -0.215029 -0.13719 0.96340 -0.23029
-0.450399 0.728762 -0.033660 -0.15238 0.98766 -0.03609
-0.447632 0.724283 -0.100775 -0.15160 0.98252 -0.10806
-0.522705 0.696213 -0.193832 -0.18053 0.96060 -0.21132
-0.470815 0.713184 -0.153659 -0.16079 0.97299 -0.16563
-0.492645 0.698622 -0.207305 -0.16934 0.95953 -0.22502
-0.467258 0.707435 -0.187091 -0.15973 0.96628 -0.20198
-0.346742 0.725930 -0.180253 -0.11649 0.97462 -0.19118
-0.411837 0.722852 -0.150036 -0.13933 0.97720 -0.16020
-0.375325 0.718795 -0.197501 -0.12670 0.96935 -0.21049
-0.408456 0.717386 -0.182626 -0.13837 0.97092 -0.19535
-0.433875 0.702024 0.232753 -0.14764 0.95674 0.25070
-0.442112 0.715353 0.167275 -0.15002 0.97222 0.17969
-0.462996 0.700551 0.220283 -0.15850 0.95822 0.23811
-0.404409 0.710833 0.215029 -0.13719 0.96340 0.23029
-0.450399 0.728762 0.033660 -0.15238 0.98766 0.03609
-0.447632 0.724283 0.100775 -0.15160 0.98252 0.10806
-0.522705 0.696213 0.193832 -0.18053 0.96060 0.21132
-0.470815 0.713184 0.153659 -0.16079 0.97299 0.16563
-0.492645 0.698622 0.207305 -0.16934 0.95953 0.22502
-0.467258 0.707435 0.187091 -0.15973 0.96628 0.20198
-0.346742 0.725930 0.180253 -0.11649 0.97462 0.19118
-0.411837 0.722852 0.150036 -0.13933 0.97720 0.16020
-0.375325 0.718795 0.197501 -0.12670 0.96935 0.21049
-0.408456 0.717386 0.182626 -0.13837 0.97092 0.19535
-0.648524 0.680728 -0.133904 -0.22949 0.96178 -0.14934
-0.590458 0.699066 -0.093112 -0.20588 0.97322 -0.10226
-0.616388 0.685557 -0.149803 -0.21650 0.96204 -0.16614
-0.652597 0.684802 -0.095984 -0.23070 0.96711 -0.10711
-0.478016 0.724798 -0.017673 -0.16296 0.98645 -0.01878
-0.533574 0.713575 -0.054406 -0.18377 0.98120 -0.05890
-0.477291 0.723626 -0.051760 -0.16262 0.98511 -0.05570
-0.553627 0.693230 -0.179683 -0.19214 0.96140 -0.19694
-0.560084 0.703471 -0.109123 -0.19400 0.97371 -0.11937
-0.584707 0.689713 -0.165068 -0.20411 0.96189 -0.18193
-0.526740 0.702343 -0.159315 -0.18168 0.96793 -0.17351
-0.588091 0.695021 -0.129187 -0.20509 0.96835 -0.14227
-0.656701 0.688907 -0.019374 -0.23201 0.97247 -0.02154
-0.592991 0.701647 -0.056096 -0.20654 0.97650 -0.06164
-0.655331 0.687536 -0.057726 -0.23159 0.97068 -0.06442
-0.622583 0.693734 -0.075753 -0.21841 0.97224 -0.08390
-0.473705 0.717834 -0.119692 -0.16162 0.97839 -0.12900
-0.532011 0.711076 -0.089408 -0.18321 0.97825 -0.09727
-0.475850 0.721301 -0.085823 -0.16221 0.98242 -0.09237
-0.500052 0.710535 -0.139297 -0.17149 0.97357 -0.15084
-0.504539 0.717741 -0.070358 -0.17276 0.98202 -0.07608
-0.529850 0.707307 -0.124444 -0.18257 0.97382 -0.13542
-0.235870 0.747461 -0.113043 -0.07806 0.98993 -0.11808
-0.295188 0.745327 -0.082725 -0.09815 0.99139 -0.08670
-0.262963 0.743078 -0.129504 -0.08741 0.98686 -0.13592
-0.236737 0.750681 -0.080898 -0.07842 0.99333 -0.08458
-0.418658 0.733924 -0.017466 -0.14119 0.98981 -0.01827
-0.356015 0.740922 -0.050950 -0.11910 0.99144 -0.05356
-0.417967 0.732805 -0.050646 -0.14112 0.98852 -0.05401
-0.318234 0.732388 -0.163000 -0.10653 0.97928 -0.17225
-0.323465 0.740795 -0.099161 -0.10807 0.98863 -0.10458
-0.290452 0.738058 -0.146179 -0.09685 0.98333 -0.15389
-0.349850 0.731277 -0.148135 -0.11743 0.98060 -0.15696
-0.293049 0.742212 -0.114483 -0.09762 0.98791 -0.12044
-0.237607 0.753909 -0.016341 -0.07867 0.99676 -0.01700
-0.295769 0.747577 -0.049833 -0.09845 0.99377 -0.05229
-0.237318 0.752833 -0.048600 -0.07856 0.99561 -0.05081
-0.266132 0.749403 -0.065528 -0.08832 0.99372 -0.06867
-0.414563 0.727293 -0.116818 -0.14011 0.98224 -0.12476
-0.354678 0.738764 -0.083293 -0.11881 0.98899 -0.08817
-0.416601 0.730590 -0.083835 -0.14073 0.98600 -0.08939
-0.381995 0.729591 -0.132731 -0.12863 0.98160 -0.14112
-0.386024 0.736126 -0.067205 -0.12982 0.98897 -0.07135
-0.352497 0.735564 -0.115749 -0.11821 0.98540 -0.12256
-0.648524 0.680728 0.133904 -0.22949 0.96178 0.14934
-0.590458 0.699066 0.093112 -0.20588 0.97322 0.10226
-0.616388 0.685557 0.149803 -0.21650 0.96204 0.16614
-0.652597 0.684802 0.095984 -0.23070 0.96711 0.10711
-0.478016 0.724798 0.017673 -0.16296 0.98645 0.01878
-0.533574 0.713575 0.054406 -0.18377 0.98120 0.05890
-0.477291 0.723626 0.051760 -0.16262 0.98511 0.05570
-0.506066 0.720193 0.000000 -0.17322 0.98488 -0.00000
-0.553627 0.693230 0.179683 -0.19214 0.96140 0.19694
-0.560084 0.703471 0.109123 -0.19400 0.97371 0.11937
-0.584707 0.689713 0.165068 -0.20411 0.96189 0.18193
-0.526740 0.702343 0.159315 -0.18168 0.96793 0.17351
-0.588091 0.695021 0.129187 -0.20509 0.96835 0.14227
-0.656701 0.688907 0.019374 -0.23201 0.97247 0.02154
-0.592991 0.701647 0.056096 -0.20654 0.97650 0.06164
-0.655331 0.687536 0.057726 -0.23159 0.97068 0.06442
-0.625223 0.696403 0.000000 -0.21925 0.97567 0.00000
-0.622583 0.693734 0.075753 -0.21841 0.97224 0.08390
-0.473705 0.717834 0.119692 -0.16162 0.97839 0.12900
-0.532011 0.711076 0.089408 -0.18321 0.97825 0.09727
-0.475850 0.721301 0.085823 -0.16221 0.98242 0.09237
-0.500052 0.710535 0.139297 -0.17149 0.97357 0.15084
-0.504539 0.717741 0.070358 -0.17276 0.98202 0.07608
-0.529850 0.707307 0.124444 -0.18257 0.97382 0.13542
-0.563408 0.708715 -0.036793 -0.19502 0.97997 -0.04021
-0.563408 0.708715 0.036793 -0.19502 0.97997 0.04021
-0.534576 0.714843 -0.018169 -0.18393 0.98274 -0.01973
-0.594068 0.702992 -0.018735 -0.20691 0.97814 -0.02059
-0.534576 0.714843 0.018169 -0.18393 0.98274 0.01973
-0.594068 0.702992 0.018735 -0.20691 0.97814 0.02059
-0.235870 0.747461 0.113043 -0.07806 0.98993 0.11808
-0.295188 0.745327 0.082725 -0.09815 0.99139 0.08670
-0.262963 0.743078 0.129504 -0.08741 0.98686 0.13592
-0.236737 0.750681 0.080898 -0.07842 0.99333 0.08458
-0.418658 0.733924 0.017466 -0.14119 0.98981 0.01827
-0.356015 0.740922 0.050950 -0.11910 0.99144 0.05356
-0.417967 0.732805 0.050646 -0.14112 0.98852 0.05401
-0.387403 0.738365 0.000000 -0.13021 0.99149 -0.00000
-0.318234 0.732388 0.163000 -0.10653 0.97928 0.17225
-0.323465 0.740795 0.099161 -0.10807 0.98863 0.10458
-0.290452 0.738058 0.146179 -0.09685 0.98333 0.15389
-0.349850 0.731277 0.148135 -0.11743 0.98060 0.15696
-0.293049 0.742212 0.114483 -0.09762 0.98791 0.12044
-0.237607 0.753909 0.016341 -0.07867 0.99676 0.01700
-0.295769 0.747577 0.049833 -0.09845 0.99377 0.05229
-0.237318 0.752833 0.048600 -0.07856 0.99561 0.05081
-0.266715 0.751611 0.000000 -0.08848 0.99608 0.00000
-0.266132 0.749403 0.065528 -0.08832 0.99372 0.06867
-0.414563 0.727293 0.116818 -0.14011 0.98224 0.12476
-0.354678 0.738764 0.083293 -0.11881 0.98899 0.08817
-0.416601 0.730590 0.083835 -0.14073 0.98600 0.08939
-0.381995 0.729591 0.132731 -0.12863 0.98160 0.14112
-0.386024 0.736126 0.067205 -0.12982 0.98897 0.07135
-0.352497 0.735564 0.115749 -0.11821 0.98540 0.12256
-0.326140 0.745133 -0.033537 -0.10881 0.99343 -0.03534
-0.326140 0.745133 0.033537 -0.10881 0.99343 0.03534
-0.356522 0.742090 -0.017018 -0.11939 0.99269 -0.01797
-0.296263 0.748693 -0.016646 -0.09854 0.99498 -0.01746
-0.356522 0.742090 0.017018 -0.11939 0.99269 0.01797
-0.296263 0.748693 0.016646 -0.09854 0.99498 0.01746
-1.005564 -0.574381 0.000000 -0.40128 -0.91596 -0.00000
-1.098284 -0.530233 0.000000 -0.46026 -0.88778 -0.00000
-1.018768 -0.567509 0.038395 -0.40965 -0.91094 0.04865
-1.018768 -0.567509 -0.038395 -0.40965 -0.91094 -0.04865
-1.283728 -0.413176 0.000000 -0.61415 -0.78919 0.00000
-1.192050 -0.476925 0.000000 -0.53048 -0.84769 0.00000
-1.039071 -0.549610 0.116457 -0.42327 -0.89356 0.14968
-1.111789 -0.521910 0.040473 -0.47027 -0.88087 0.05397
-1.030010 -0.559241 0.077319 -0.41690 -0.90358 0.09864
-1.065095 -0.545773 0.039429 -0.43865 -0.89720 0.05115
-1.039071 -0.549610 -0.116457 -0.42327 -0.89356 -0.14968
-1.111789 -0.521910 -0.040473 -0.47027 -0.88087 -0.05397
-1.030010 -0.559241 -0.077319 -0.41690 -0.90358 -0.09864
-1.065095 -0.545773 -0.039429 -0.43865 -0.89720 -0.05115
-1.523056 -0.052716 0.000000 -0.99059 -0.13689 0.00000
-1.494608 -0.155693 0.000000 -0.92360 -0.38336 -0.00000
-1.368751 -0.338133 0.000000 -0.71225 -0.70192 0.00000
-1.441224 -0.251837 0.000000 -0.82053 -0.57160 0.00000
-1.052057 -0.497144 0.272904 -0.43755 -0.82470 0.35836
-1.140636 -0.473355 0.205528 -0.49620 -0.82104 0.28229
-1.052509 -0.512208 0.234376 -0.43575 -0.84643 0.30606
-1.296673 -0.400964 0.044879 -0.62881 -0.77451 0.06884
-1.223826 -0.441641 0.129349 -0.56079 -0.80653 0.18713
-1.251910 -0.435164 0.043817 -0.58379 -0.80936 0.06432
-1.046036 -0.538420 0.156127 -0.42864 -0.88068 0.20166
-1.137608 -0.487620 0.164543 -0.49188 -0.84130 0.22422
-1.050472 -0.526007 0.195332 -0.43280 -0.86501 0.25387
-1.085312 -0.526201 0.119806 -0.45337 -0.87724 0.15780
-1.095630 -0.500838 0.200503 -0.46315 -0.84500 0.26734
-1.159160 -0.495399 0.041640 -0.50495 -0.86125 0.05715
-1.178312 -0.472257 0.126142 -0.52186 -0.83464 0.17617
-1.205820 -0.466649 0.042719 -0.54268 -0.83776 0.06054
-1.123229 -0.511893 0.081576 -0.47892 -0.87098 0.10966
-1.216501 -0.454856 0.085977 -0.55265 -0.82428 0.12304
-1.131907 -0.500434 0.123065 -0.48621 -0.85781 0.16664
-1.052057 -0.497144 -0.272904 -0.43755 -0.82470 -0.35836
-1.140636 -0.473355 -0.205528 -0.49620 -0.82104 -0.28229
-1.052509 -0.512208 -0.234376 -0.43575 -0.84643 -0.30606
-1.296673 -0.400964 -0.044879 -0.62881 -0.77451 -0.06884
-1.223826 -0.441641 -0.129349 -0.56079 -0.80653 -0.18713
-1.251910 -0.435164 -0.043817 -0.58379 -0.80936 -0.06432
-1.046036 -0.538420 -0.156127 -0.42864 -0.88068 -0.20166
-1.137608 -0.487620 -0.164543 -0.49188 -0.84130 -0.22422
-1.050472 -0.526007 -0.195332 -0.43280 -0.86501 -0.25387
-1.085312 -0.526201 -0.119806 -0.45337 -0.87724 -0.15780
-1.095630 -0.500838 -0.200503 -0.46315 -0.84500 -0.26734
-1.159160 -0.495399 -0.041640 -0.50495 -0.86125 -0.05715
-1.178312 -0.472257 -0.126142 -0.52186 -0.83464 -0.17617
-1.205820 -0.466649 -0.042719 -0.54268 -0.83776 -0.06054
-1.123229 -0.511893 -0.081576 -0.47892 -0.87098 -0.10966
-1.216501 -0.454856 -0.085977 -0.55265 -0.82428 -0.12304
-1.131907 -0.500434 -0.123065 -0.48621 -0.85781 -0.16664
-1.005564 0.574381 0.000000 -0.40128 0.91596 0.00000
-1.098284 0.530233 0.000000 -0.46026 0.88778 -0.00000
-1.018768 0.567509 0.038395 -0.40965 0.91094 0.04865
-1.018768 0.567509 -0.038395 -0.40965 0.91094 -0.04865
-1.283728 0.413176 0.000000 -0.61415 0.78919 0.00000
-1.192050 0.476925 0.000000 -0.53048 0.84769 -0.00000
-1.039071 0.549610 0.116457 -0.42327 0.89356 0.14968
-1.111789 0.521910 0.040473 -0.47027 0.88087 0.05397
-1.030010 0.559241 0.077319 -0.41690 0.90358 0.09864
-1.065095 0.545773 0.039429 -0.43865 0.89720 0.05115
-1.039071 0.549610 -0.116457 -0.42327 0.89356 -0.14968
-1.111789 0.521910 -0.040473 -0.47027 0.88087 -0.05397
-1.030010 0.559241 -0.077319 -0.41690 0.90358 -0.09864
-1.065095 0.545773 -0.039429 -0.43865 0.89720 -0.05115
-1.523056 0.052716 0.000000 -0.99059 0.13689 0.00000
-1.494608 0.155693 0.000000 -0.92360 0.38336 0.00000
-1.368751 0.338133 0.000000 -0.71225 0.70192 -0.00000
-1.441224 0.251837 0.000000 -0.82053 0.57160 0.00000
-1.052057 0.497144 0.272904 -0.43755 0.82470 0.35836
-1.140636 0.473355 0.205528 -0.49620 0.82104 0.28229
-1.052509 0.512208 0.234376 -0.43575 0.84643 0.30606
-1.296673 0.400964 0.044879 -0.62881 0.77451 0.06884
-1.223826 0.441641 0.129349 -0.56079 0.80653 0.18713
-1.251910 0.435164 0.043817 -0.58379 0.80936 0.06432
-1.046036 0.538420 0.156127 -0.42864 0.88068 0.20166
-1.137608 0.487620 0.164543 -0.49188 0.84130 0.22422
-1.050472 0.526007 0.195332 -0.43280 0.86501 0.25387
-1.085312 0.526201 0.119806 -0.45337 0.87724 0.15780
-1.095630 0.500838 0.200503 -0.46315 0.84500 0.26734
-1.159160 0.495399 0.041640 -0.50495 0.86125 0.05715
-1.178312 0.472257 0.126142 -0.52186 0.83464 0.17617
-1.205820 0.466649 0.042719 -0.54268 0.83776 0.06054
-1.123229 0.511893 0.081576 -0.47892 0.87098 0.10966
-1.216501 0.454856 0.085977 -0.55265 0.82428 0.12304
-1.131907 0.500434 0.123065 -0.48621 0.85781 0.16664
-1.052057 0.497144 -0.272904 -0.43755 0.82470 -0.35836
-1.140636 0.473355 -0.205528 -0.49620 0.82104 -0.28229
-1.052509 0.512208 -0.234376 -0.43575 0.84643 -0.30606
-1.296673 0.400964 -0.044879 -0.62881 0.77451 -0.06884
-1.223826 0.441641 -0.129349 -0.56079 0.80653 -0.18713
-1.251910 0.435164 -0.043817 -0.58379 0.80936 -0.06432
-1.046036 0.538420 -0.156127 -0.42864 0.88068 -0.20166
-1.137608 0.487620 -0.164543 -0.49188 0.84130 -0.22422
-1.050472 0.526007 -0.195332 -0.43280 0.86501 -0.25387
-1.085312 0.526201 -0.119806 -0.45337 0.87724 -0.15780
-1.095630 0.500838 -0.200503 -0.46315 0.84500 -0.26734
-1.159160 0.495399 -0.041640 -0.50495 0.86125 -0.05715
-1.178312 0.472257 -0.126142 -0.52186 0.83464 -0.17617
-1.205820 0.466649 -0.042719 -0.54268 0.83776 -0.06054
-1.123229 0.511893 -0.081576 -0.47892 0.87098 -0.10966
-1.216501 0.454856 -0.085977 -0.55265 0.82428 -0.12304
-1.131907 0.500434 -0.123065 -0.48621 0.85781 -0.16664
-0.962756 -0.338199 0.547218 -0.40221 -0.56205 0.72272
-1.062672 -0.312876 0.506243 -0.46436 -0.54343 0.69932
-0.981338 -0.360491 0.517981 -0.41090 -0.60245 0.68426
-0.987748 -0.298796 0.561952 -0.41973 -0.50653 0.75316
-1.262759 -0.244915 0.396281 -0.62315 -0.47910 0.61818
-1.163759 -0.282055 0.456374 -0.53741 -0.51711 0.66618
-1.012820 -0.403499 0.454814 -0.42508 -0.67588 0.60207
-1.081477 -0.335571 0.474235 -0.47431 -0.58718 0.65593
-0.998095 -0.382334 0.487108 -0.41855 -0.63988 0.64449
-1.031207 -0.348664 0.497156 -0.44133 -0.59551 0.67126
-1.029716 -0.213729 0.586669 -0.45121 -0.37335 0.81057
-1.088366 -0.270248 0.519861 -0.48521 -0.48031 0.73067
-1.010242 -0.257179 0.575199 -0.43618 -0.44302 0.78325
-1.037901 -0.285180 0.541949 -0.45112 -0.49448 0.74295
-1.522719 -0.031453 0.050893 -0.99134 -0.07681 0.10648
-1.491667 -0.092818 0.150183 -0.92818 -0.22536 0.29614
-1.514787 -0.083838 0.050688 -0.97150 -0.21386 0.10227
-1.354811 -0.200880 0.325031 -0.72202 -0.42310 0.54742
-1.433519 -0.149909 0.242559 -0.82882 -0.34116 0.44347
-1.478426 -0.185233 0.049758 -0.89084 -0.44440 0.09440
-1.475861 -0.143630 0.148963 -0.89403 -0.34640 0.28410
-1.499844 -0.135358 0.050297 -0.93661 -0.33615 0.09882
-1.498862 -0.114292 0.100587 -0.93802 -0.28447 0.19799
-1.049256 -0.479894 0.312522 -0.43802 -0.79952 0.41098
-1.132534 -0.419553 0.329955 -0.49836 -0.73655 0.45731
-1.043736 -0.462373 0.349600 -0.43674 -0.77217 0.46152
-1.095518 -0.469215 0.281254 -0.46745 -0.79889 0.37850
-1.280425 -0.267955 0.357587 -0.63643 -0.53082 0.55963
-1.211086 -0.348959 0.345375 -0.56552 -0.64977 0.50792
-1.232204 -0.287289 0.390664 -0.59094 -0.54940 0.59072
-1.025480 -0.424177 0.420750 -0.43031 -0.71027 0.55709
-1.123781 -0.400063 0.367881 -0.49490 -0.70278 0.51105
-1.035783 -0.443735 0.385781 -0.43421 -0.74242 0.51017
-1.062473 -0.392157 0.430897 -0.45617 -0.67183 0.58357
-1.084256 -0.432417 0.358973 -0.46505 -0.74016 0.48569
-1.185919 -0.442290 0.211914 -0.53230 -0.79169 0.29982
-1.180637 -0.405673 0.296917 -0.53407 -0.73177 0.42342
-1.141289 -0.456719 0.247696 -0.49890 -0.79655 0.34149
-1.138589 -0.438715 0.289317 -0.49965 -0.76815 0.40037
-1.132359 -0.320961 0.448772 -0.51018 -0.57701 0.63779
-1.162262 -0.364794 0.376356 -0.52620 -0.65899 0.53744
-1.182593 -0.304947 0.421056 -0.54898 -0.56459 0.61633
-1.098294 -0.357707 0.440315 -0.48294 -0.62758 0.61067
-1.198458 -0.327341 0.383948 -0.55840 -0.60824 0.56412
-1.112467 -0.379289 0.404762 -0.48985 -0.66633 0.56218
-1.071352 -0.025496 0.611140 -0.48568 -0.04523 0.87297
-1.154533 -0.079392 0.554756 -0.54514 -0.14851 0.82509
-1.067005 -0.073744 0.608583 -0.48164 -0.13281 0.86625
-1.287446 -0.194709 0.406268 -0.65264 -0.39224 0.64823
-1.228249 -0.136325 0.486451 -0.60308 -0.26585 0.75208
-1.239422 -0.216007 0.438610 -0.60562 -0.42061 0.67550
-1.046062 -0.168019 0.596263 -0.46417 -0.29756 0.83427
-1.144531 -0.129042 0.549484 -0.53510 -0.24071 0.80977
-1.058493 -0.121461 0.603580 -0.47444 -0.21709 0.85310
-1.079872 -0.196456 0.565393 -0.48498 -0.35185 0.80063
-1.106869 -0.101052 0.580441 -0.50854 -0.18514 0.84090
-1.139568 -0.253622 0.495161 -0.52233 -0.46356 0.71574
-1.179896 -0.157939 0.515196 -0.56074 -0.29922 0.77204
-1.189842 -0.235659 0.468245 -0.56238 -0.44394 0.69760
-1.111247 -0.225106 0.531631 -0.50457 -0.40753 0.76114
-1.211567 -0.186879 0.478365 -0.58455 -0.35940 0.72742
-1.130156 -0.177843 0.541594 -0.52152 -0.32726 0.78798
-1.341471 -0.362110 0.046302 -0.67852 -0.73085 0.07396
-1.356053 -0.327918 0.139853 -0.70069 -0.67607 0.22795
-1.381614 -0.322060 0.047281 -0.73047 -0.67840 0.07869
-1.307664 -0.385635 0.090655 -0.64157 -0.75415 0.14013
-1.328263 -0.246058 0.320356 -0.68602 -0.50711 0.52175
-1.351585 -0.288815 0.232182 -0.70354 -0.59981 0.38113
-1.371564 -0.223096 0.281553 -0.73761 -0.47794 0.47698
-1.295953 -0.289784 0.315914 -0.64760 -0.57717 0.49748
-1.450823 -0.233633 0.049004 -0.83861 -0.53737 0.08922
-1.392779 -0.285805 0.142574 -0.75125 -0.61392 0.24233
-1.418396 -0.279117 0.048199 -0.78427 -0.61472 0.08387
-1.455108 -0.213850 0.098314 -0.84898 -0.49661 0.18058
-1.389710 -0.304548 0.094999 -0.74359 -0.64920 0.16001
-1.229287 -0.425598 0.173497 -0.56755 -0.78362 0.25263
-1.316550 -0.350798 0.182510 -0.65672 -0.69737 0.28703
-1.269963 -0.406804 0.133172 -0.60412 -0.77149 0.19960
-1.230583 -0.408243 0.217732 -0.57156 -0.75609 0.31881
-1.314361 -0.368848 0.136716 -0.65115 -0.72835 0.21335
-1.446194 -0.171880 0.195800 -0.84357 -0.39904 0.35938
-1.390775 -0.265648 0.190159 -0.75289 -0.57284 0.32405
-1.411227 -0.198314 0.239931 -0.79058 -0.44244 0.42335
-1.453562 -0.193162 0.147464 -0.85071 -0.45000 0.27164
-1.383642 -0.244791 0.236424 -0.74820 -0.52723 0.40276
-1.425576 -0.240741 0.145298 -0.80193 -0.53916 0.25733
-1.221631 -0.369514 0.304100 -0.57061 -0.68844 0.44772
-1.314215 -0.331278 0.228263 -0.65809 -0.66128 0.36004
-1.260126 -0.331037 0.310424 -0.60863 -0.63737 0.47257
-1.228031 -0.389471 0.261429 -0.57263 -0.72419 0.38425
-1.307291 -0.310993 0.272645 -0.65500 -0.62099 0.43052
-1.273647 -0.371192 0.223238 -0.61369 -0.71306 0.33902
-0.962756 -0.338199 -0.547218 -0.40221 -0.56205 -0.72272
-1.062672 -0.312876 -0.506243 -0.46436 -0.54343 -0.69932
-0.981338 -0.360491 -0.517981 -0.41090 -0.60245 -0.68426
-0.987748 -0.298796 -0.561952 -0.41973 -0.50653 -0.75316
-1.262759 -0.244915 -0.396281 -0.62315 -0.47910 -0.61818
-1.163759 -0.282055 -0.456374 -0.53741 -0.51711 -0.66618
-1.012820 -0.403499 -0.454814 -0.42508 -0.67588 -0.60207
-1.081477 -0.335571 -0.474235 -0.47431 -0.58718 -0.65593
-0.998095 -0.382334 -0.487108 -0.41855 -0.63988 -0.64449
-1.031207 -0.348664 -0.497156 -0.44133 -0.59551 -0.67126
-1.029716 -0.213729 -0.586669 -0.45121 -0.37335 -0.81057
-1.088366 -0.270248 -0.519861 -0.48521 -0.48031 -0.73067
-1.010242 -0.257179 -0.575199 -0.43618 -0.44302 -0.78325
-1.037901 -0.285180 -0.541949 -0.45112 -0.49448 -0.74295
-1.522719 -0.031453 -0.050893 -0.99134 -0.07681 -0.10648
-1.491667 -0.092818 -0.150183 -0.92818 -0.22536 -0.29614
-1.514787 -0.083838 -0.050688 -0.97150 -0.21386 -0.10227
-1.354811 -0.200880 -0.325031 -0.72202 -0.42310 -0.54742
-1.433519 -0.149909 -0.242559 -0.82882 -0.34116 -0.44347
-1.478426 -0.185233 -0.049758 -0.89084 -0.44440 -0.09440
-1.475861 -0.143630 -0.148963 -0.89403 -0.34640 -0.28410
-1.499844 -0.135358 -0.050297 -0.93661 -0.33615 -0.09882
-1.498862 -0.114292 -0.100587 -0.93802 -0.28447 -0.19799
-1.049256 -0.479894 -0.312522 -0.43802 -0.79952 -0.41098
-1.132534 -0.419553 -0.329955 -0.49836 -0.73655 -0.45731
-1.043736 -0.462373 -0.349600 -0.43674 -0.77217 -0.46152
-1.095518 -0.469215 -0.281254 -0.46745 -0.79889 -0.37850
-1.280425 -0.267955 -0.357587 -0.63643 -0.53082 -0.55963
-1.211086 -0.348959 -0.345375 -0.56552 -0.64977 -0.50792
-1.232204 -0.287289 -0.390664 -0.59094 -0.54940 -0.59072
-1.025480 -0.424177 -0.420750 -0.43031 -0.71027 -0.55709
-1.123781 -0.400063 -0.367881 -0.49490 -0.70278 -0.51105
-1.035783 -0.443735 -0.385781 -0.43421 -0.74242 -0.51017
-1.062473 -0.392157 -0.430897 -0.45617 -0.67183 -0.58357
-1.084256 -0.432417 -0.358973 -0.46505 -0.74016 -0.48569
-1.185919 -0.442290 -0.211914 -0.53230 -0.79169 -0.29982
-1.180637 -0.405673 -0.296917 -0.53407 -0.73177 -0.42342
-1.141289 -0.456719 -0.247696 -0.49890 -0.79655 -0.34149
-1.138589 -0.438715 -0.289317 -0.49965 -0.76815 -0.40037
-1.132359 -0.320961 -0.448772 -0.51018 -0.57701 -0.63779
-1.162262 -0.364794 -0.376356 -0.52620 -0.65899 -0.53744
-1.182593 -0.304947 -0.421056 -0.54898 -0.56459 -0.61633
-1.098294 -0.357707 -0.440315 -0.48294 -0.62758 -0.61067
-1.198458 -0.327341 -0.383948 -0.55840 -0.60824 -0.56412
-1.112467 -0.379289 -0.404762 -0.48985 -0.66633 -0.56218
-1.071352 -0.025496 -0.611140 -0.48568 -0.04523 -0.87297
-1.154533 -0.079392 -0.554756 -0.54514 -0.14851 -0.82509
-1.067005 -0.073744 -0.608583 -0.48164 -0.13281 -0.86625
-1.287446 -0.194709 -0.406268 -0.65264 -0.39224 -0.64823
-1.228249 -0.136325 -0.486451 -0.60308 -0.26585 -0.75208
-1.239422 -0.216007 -0.438610 -0.60562 -0.42061 -0.67550
-1.046062 -0.168019 -0.596263 -0.46417 -0.29756 -0.83427
-1.144531 -0.129042 -0.549484 -0.53510 -0.24071 -0.80977
-1.058493 -0.121461 -0.603580 -0.47444 -0.21709 -0.85310
-1.079872 -0.196456 -0.565393 -0.48498 -0.35185 -0.80063
-1.106869 -0.101052 -0.580441 -0.50854 -0.18514 -0.84090
-1.139568 -0.253622 -0.495161 -0.52233 -0.46356 -0.71574
-1.179896 -0.157939 -0.515196 -0.56074 -0.29922 -0.77204
-1.189842 -0.235659 -0.468245 -0.56238 -0.44394 -0.69760
-1.111247 -0.225106 -0.531631 -0.50457 -0.40753 -0.76114
-1.211567 -0.186879 -0.478365 -0.58455 -0.35940 -0.72742
-1.130156 -0.177843 -0.541594 -0.52152 -0.32726 -0.78798
-1.341471 -0.362110 -0.046302 -0.67852 -0.73085 -0.07396
-1.356053 -0.327918 -0.139853 -0.70069 -0.67607 -0.22795
-1.381614 -0.322060 -0.047281 -0.73047 -0.67840 -0.07869
-1.307664 -0.385635 -0.090655 -0.64157 -0.75415 -0.14013
-1.328263 -0.246058 -0.320356 -0.68602 -0.50711 -0.52175
-1.351585 -0.288815 -0.232182 -0.70354 -0.59981 -0.38113
-1.371564 -0.223096 -0.281553 -0.73761 -0.47794 -0.47698
-1.295953 -0.289784 -0.315914 -0.64760 -0.57717 -0.49748
-1.450823 -0.233633 -0.049004 -0.83861 -0.53737 -0.08922
-1.392779 -0.285805 -0.142574 -0.75125 -0.61392 -0.24233
-1.418396 -0.279117 -0.048199 -0.78427 -0.61472 -0.08387
-1.455108 -0.213850 -0.098314 -0.84898 -0.49661 -0.18058
-1.389710 -0.304548 -0.094999 -0.74359 -0.64920 -0.16001
-1.229287 -0.425598 -0.173497 -0.56755 -0.78362 -0.25263
-1.316550 -0.350798 -0.182510 -0.65672 -0.69737 -0.28703
-1.269963 -0.406804 -0.133172 -0.60412 -0.77149 -0.19960
-1.230583 -0.408243 -0.217732 -0.57156 -0.75609 -0.31881
-1.314361 -0.368848 -0.136716 -0.65115 -0.72835 -0.21335
-1.446194 -0.171880 -0.195800 -0.84357 -0.39904 -0.35938
-1.390775 -0.265648 -0.190159 -0.75289 -0.57284 -0.32405
-1.411227 -0.198314 -0.239931 -0.79058 -0.44244 -0.42335
-1.453562 -0.193162 -0.147464 -0.85071 -0.45000 -0.27164
-1.383642 -0.244791 -0.236424 -0.74820 -0.52723 -0.40276
-1.425576 -0.240741 -0.145298 -0.80193 -0.53916 -0.25733
-1.221631 -0.369514 -0.304100 -0.57061 -0.68844 -0.44772
-1.314215 -0.331278 -0.228263 -0.65809 -0.66128 -0.36004
-1.260126 -0.331037 -0.310424 -0.60863 -0.63737 -0.47257
-1.228031 -0.389471 -0.261429 -0.57263 -0.72419 -0.38425
-1.307291 -0.310993 -0.272645 -0.65500 -0.62099 -0.43052
-1.273647 -0.371192 -0.223238 -0.61369 -0.71306 -0.33902
-0.962756 0.338199 0.547218 -0.40221 0.56205 0.72272
-1.062672 0.312876 0.506243 -0.46436 0.54343 0.69932
-0.981338 0.360491 0.517981 -0.41090 0.60245 0.68426
-0.987748 0.298796 0.561952 -0.41973 0.50653 0.75316
-1.262759 0.244915 0.396281 -0.62315 0.47910 0.61818
-1.163759 0.282055 0.456374 -0.53741 0.51711 0.66618
-1.012820 0.403499 0.454814 -0.42508 0.67588 0.60207
-1.081477 0.335571 0.474235 -0.47431 0.58718 0.65593
-0.998095 0.382334 0.487108 -0.41855 0.63988 0.64449
-1.031207 0.348664 0.497156 -0.44133 0.59551 0.67126
-1.029716 0.213729 0.586669 -0.45121 0.37335 0.81057
-1.088366 0.270248 0.519861 -0.48521 0.48031 0.73067
-1.010242 0.257179 0.575199 -0.43618 0.44302 0.78325
-1.037901 0.285180 0.541949 -0.45112 0.49448 0.74295
-1.522719 0.031453 0.050893 -0.99134 0.07681 0.10648
-1.491667 0.092818 0.150183 -0.92818 0.22536 0.29614
-1.514787 0.083838 0.050688 -0.97150 0.21386 0.10227
-1.516001 0.000000 0.101493 -0.97854 0.00000 0.20606
-1.354811 0.200880 0.325031 -0.72202 0.42310 0.54742
-1.433519 0.149909 0.242559 -0.82882 0.34116 0.44347
-1.478426 0.185233 0.049758 -0.89084 0.44440 0.09440
-1.475861 0.143630 0.148963 -0.89403 0.34640 0.28410
-1.499844 0.135358 0.050297 -0.93661 0.33615 0.09882
-1.498862 0.114292 0.100587 -0.93802 0.28447 0.19799
-1.479878 -0.061508 0.199384 -0.91016 -0.15031 0.38603
-1.479878 0.061508 0.199384 -0.91016 0.15031 0.38603
-1.501539 -0.031156 0.151263 -0.95040 -0.07823 0.30105
-1.501539 0.031156 0.151263 -0.95040 0.07823 0.30105
-1.049256 0.479894 0.312522 -0.43802 0.79952 0.41098
-1.132534 0.419553 0.329955 -0.49836 0.73655 0.45731
-1.043736 0.462373 0.349600 -0.43674 0.77217 0.46152
-1.095518 0.469215 0.281254 -0.46745 0.79889 0.37850
-1.280425 0.267955 0.357587 -0.63643 0.53082 0.55963
-1.211086 0.348959 0.345375 -0.56552 0.64977 0.50792
-1.232204 0.287289 0.390664 -0.59094 0.54940 0.59072
-1.025480 0.424177 0.420750 -0.43031 0.71027 0.55709
-1.123781 0.400063 0.367881 -0.49490 0.70278 0.51105
-1.035783 0.443735 0.385781 -0.43421 0.74242 0.51017
-1.062473 0.392157 0.430897 -0.45617 0.67183 0.58357
-1.084256 0.432417 0.358973 -0.46505 0.74016 0.48569
-1.185919 0.442290 0.211914 -0.53230 0.79169 0.29982
-1.180637 0.405673 0.296917 -0.53407 0.73177 0.42342
-1.141289 0.456719 0.247696 -0.49890 0.79655 0.34149
-1.138589 0.438715 0.289317 -0.49965 0.76815 0.40037
-1.132359 0.320961 0.448772 -0.51018 0.57701 0.63779
-1.162262 0.364794 0.376356 -0.52620 0.65899 0.53744
-1.182593 0.304947 0.421056 -0.54898 0.56459 0.61633
-1.098294 0.357707 0.440315 -0.48294 0.62758 0.61067
-1.198458 0.327341 0.383948 -0.55840 0.60824 0.56412
-1.112467 0.379289 0.404762 -0.48985 0.66633 0.56218
-1.071352 0.025496 0.611140 -0.48568 0.04523 0.87297
-1.154533 0.079392 0.554756 -0.54514 0.14851 0.82509
-1.067005 0.073744 0.608583 -0.48164 0.13281 0.86625
-1.116422 0.000000 0.585761 -0.51738 -0.00000 0.85575
-1.287446 0.194709 0.406268 -0.65264 0.39224 0.64823
-1.228249 0.136325 0.486451 -0.60308 0.26585 0.75208
-1.239422 0.216007 0.438610 -0.60562 0.42061 0.67550
-1.046062 0.168019 0.596263 -0.46417 0.29756 0.83427
-1.144531 0.129042 0.549484 -0.53510 0.24071 0.80977
-1.058493 0.121461 0.603580 -0.47444 0.21709 0.85310
-1.079872 0.196456 0.565393 -0.48498 0.35185 0.80063
-1.106869 0.101052 0.580441 -0.50854 0.18514 0.84090
-1.201874 -0.054094 0.526053 -0.58384 -0.10469 0.80509
-1.201874 0.054094 0.526053 -0.58384 0.10469 0.80509
-1.160198 -0.026607 0.557393 -0.55032 -0.05024 0.83344
-1.160198 0.026607 0.557393 -0.55032 0.05024 0.83344
-1.139568 0.253622 0.495161 -0.52233 0.46356 0.71574
-1.179896 0.157939 0.515196 -0.56074 0.29922 0.77204
-1.189842 0.235659 0.468245 -0.56238 0.44394 0.69760
-1.111247 0.225106 0.531631 -0.50457 0.40753 0.76114
-1.211567 0.186879 0.478365 -0.58455 0.35940 0.72742
-1.130156 0.177843 0.541594 -0.52152 0.32726 0.78798
-1.341471 0.362110 0.046302 -0.67852 0.73085 0.07396
-1.356053 0.327918 0.139853 -0.70069 0.67607 0.22795
-1.381614 0.322060 0.047281 -0.73047 0.67840 0.07869
-1.307664 0.385635 0.090655 -0.64157 0.75415 0.14013
-1.328263 0.246058 0.320356 -0.68602 0.50711 0.52175
-1.351585 0.288815 0.232182 -0.70354 0.59981 0.38113
-1.371564 0.223096 0.281553 -0.73761 0.47794 0.47698
-1.295953 0.289784 0.315914 -0.64760 0.57717 0.49748
-1.450823 0.233633 0.049004 -0.83861 0.53737 0.08922
-1.392779 0.285805 0.142574 -0.75125 0.61392 0.24233
-1.418396 0.279117 0.048199 -0.78427 0.61472 0.08387
-1.455108 0.213850 0.098314 -0.84898 0.49661 0.18058
-1.389710 0.304548 0.094999 -0.74359 0.64920 0.16001
-1.229287 0.425598 0.173497 -0.56755 0.78362 0.25263
-1.316550 0.350798 0.182510 -0.65672 0.69737 0.28703
-1.269963 0.406804 0.133172 -0.60412 0.77149 0.19960
-1.230583 0.408243 0.217732 -0.57156 0.75609 0.31881
-1.314361 0.368848 0.136716 -0.65115 0.72835 0.21335
-1.446194 0.171880 0.195800 -0.84357 0.39904 0.35938
-1.390775 0.265648 0.190159 -0.75289 0.57284 0.32405
-1.411227 0.198314 0.239931 -0.79058 0.44244 0.42335
-1.453562 0.193162 0.147464 -0.85071 0.45000 0.27164
-1.383642 0.244791 0.236424 -0.74820 0.52723 0.40276
-1.425576 0.240741 0.145298 -0.80193 0.53916 0.25733
-1.221631 0.369514 0.304100 -0.57061 0.68844 0.44772
-1.314215 0.331278 0.228263 -0.65809 0.66128 0.36004
-1.260126 0.331037 0.310424 -0.60863 0.63737 0.47257
-1.228031 0.389471 0.261429 -0.57263 0.72419 0.38425
-1.307291 0.310993 0.272645 -0.65500 0.62099 0.43052
-1.273647 0.371192 0.223238 -0.61369 0.71306 0.33902
-1.335628 -0.170445 0.369159 -0.70388 -0.35771 0.61367
-1.366280 -0.057860 0.377631 -0.74780 -0.12607 0.65185
-1.378357 -0.145628 0.330929 -0.75632 -0.31790 0.57176
-1.308761 -0.141040 0.412735 -0.67872 -0.29113 0.67423
-1.335628 0.170445 0.369159 -0.70388 0.35771 0.61367
-1.366280 0.057860 0.377631 -0.74780 0.12607 0.65185
-1.378357 0.145628 0.330929 -0.75632 0.31790 0.57176
-1.308761 0.141040 0.412735 -0.67872 0.29113 0.67423
-1.451281 -0.091136 0.246074 -0.86175 -0.21483 0.45960
-1.402915 -0.029789 0.337076 -0.79583 -0.06692 0.60181
-1.417278 -0.119108 0.289778 -0.80949 -0.27057 0.52108
-1.460605 -0.030586 0.247568 -0.87999 -0.07315 0.46933
-1.394620 -0.088266 0.335000 -0.78198 -0.19695 0.59137
-1.241393 -0.082750 0.491140 -0.61721 -0.16366 0.76959
-1.330935 -0.028849 0.419467 -0.70836 -0.06081 0.70323
-1.277063 -0.111666 0.453518 -0.64921 -0.22604 0.72625
-1.247853 -0.027743 0.493784 -0.62475 -0.05526 0.77887
-1.323453 -0.085437 0.417195 -0.69812 -0.17945 0.69313
-1.451281 0.091136 0.246074 -0.86175 0.21483 0.45960
-1.402915 0.029789 0.337076 -0.79583 0.06692 0.60181
-1.417278 0.119108 0.289778 -0.80949 0.27057 0.52108
-1.460605 0.030586 0.247568 -0.87999 0.07315 0.46933
-1.394620 0.088266 0.335000 -0.78198 0.19695 0.59137
-1.434659 0.000000 0.293670 -0.84069 -0.00000 0.54151
-1.241393 0.082750 0.491140 -0.61721 0.16366 0.76959
-1.330935 0.028849 0.419467 -0.70836 0.06081 0.70323
-1.277063 0.111666 0.453518 -0.64921 0.22604 0.72625
-1.247853 0.027743 0.493784 -0.62475 0.05526 0.77887
-1.323453 0.085437 0.417195 -0.69812 0.17945 0.69313
-1.291229 0.000000 0.458202 -0.66672 0.00000 0.74531
-0.962756 0.338199 -0.547218 -0.40221 0.56205 -0.72272
-1.062672 0.312876 -0.506243 -0.46436 0.54343 -0.69932
-0.981338 0.360491 -0.517981 -0.41090 0.60245 -0.68426
-0.987748 0.298796 -0.561952 -0.41973 0.50653 -0.75316
-1.262759 0.244915 -0.396281 -0.62315 0.47910 -0.61818
-1.163759 0.282055 -0.456374 -0.53741 0.51711 -0.66618
-1.012820 0.403499 -0.454814 -0.42508 0.67588 -0.60207
-1.081477 0.335571 -0.474235 -0.47431 0.58718 -0.65593
-0.998095 0.382334 -0.487108 -0.41855 0.63988 -0.64449
-1.031207 0.348664 -0.497156 -0.44133 0.59551 -0.67126
-1.029716 0.213729 -0.586669 -0.45121 0.37335 -0.81057
-1.088366 0.270248 -0.519861 -0.48521 0.48031 -0.73067
-1.010242 0.257179 -0.575199 -0.43618 0.44302 -0.78325
-1.037901 0.285180 -0.541949 -0.45112 0.49448 -0.74295
-1.522719 0.031453 -0.050893 -0.99134 0.07681 -0.10648
-1.491667 0.092818 -0.150183 -0.92818 0.22536 -0.29614
-1.514787 0.083838 -0.050688 -0.97150 0.21386 -0.10227
-1.516001 0.000000 -0.101493 -0.97854 0.00000 -0.20606
-1.354811 0.200880 -0.325031 -0.72202 0.42310 -0.54742
-1.433519 0.149909 -0.242559 -0.82882 0.34116 -0.44347
-1.478426 0.185233 -0.049758 -0.89084 0.44440 -0.09440
-1.475861 0.143630 -0.148963 -0.89403 0.34640 -0.28410
-1.499844 0.135358 -0.050297 -0.93661 0.33615 -0.09882
-1.498862 0.114292 -0.100587 -0.93802 0.28447 -0.19799
-1.479878 -0.061508 -0.199384 -0.91016 -0.15031 -0.38603
-1.479878 0.061508 -0.199384 -0.91016 0.15031 -0.38603
-1.501539 -0.031156 -0.151263 -0.95040 -0.07823 -0.30105
-1.501539 0.031156 -0.151263 -0.95040 0.07823 -0.30105
-1.049256 0.479894 -0.312522 -0.43802 0.79952 -0.41098
-1.132534 0.419553 -0.329955 -0.49836 0.73655 -0.45731
-1.043736 0.462373 -0.349600 -0.43674 0.77217 -0.46152
-1.095518 0.469215 -0.281254 -0.46745 0.79889 -0.37850
-1.280425 0.267955 -0.357587 -0.63643 0.53082 -0.55963
-1.211086 0.348959 -0.345375 -0.56552 0.64977 -0.50792
-1.232204 0.287289 -0.390664 -0.59094 0.54940 -0.59072
-1.025480 0.424177 -0.420750 -0.43031 0.71027 -0.55709
-1.123781 0.400063 -0.367881 -0.49490 0.70278 -0.51105
-1.035783 0.443735 -0.385781 -0.43421 0.74242 -0.51017
-1.062473 0.392157 -0.430897 -0.45617 0.67183 -0.58357
-1.084256 0.432417 -0.358973 -0.46505 0.74016 -0.48569
-1.185919 0.442290 -0.211914 -0.53230 0.79169 -0.29982
-1.180637 0.405673 -0.296917 -0.53407 0.73177 -0.42342
-1.141289 0.456719 -0.247696 -0.49890 0.79655 -0.34149
-1.138589 0.438715 -0.289317 -0.49965 0.76815 -0.40037
-1.132359 0.320961 -0.448772 -0.51018 0.57701 -0.63779
-1.162262 0.364794 -0.376356 -0.52620 0.65899 -0.53744
-1.182593 0.304947 -0.421056 -0.54898 0.56459 -0.61633
-1.098294 0.357707 -0.440315 -0.48294 0.62758 -0.61067
-1.198458 0.327341 -0.383948 -0.55840 0.60824 -0.56412
-1.112467 0.379289 -0.404762 -0.48985 0.66633 -0.56218
-1.071352 0.025496 -0.611140 -0.48568 0.04523 -0.87297
-1.154533 0.079392 -0.554756 -0.54514 0.14851 -0.82509
-1.067005 0.073744 -0.608583 -0.48164 0.13281 -0.86625
-1.116422 0.000000 -0.585761 -0.51738 0.00000 -0.85575
-1.287446 0.194709 -0.406268 -0.65264 0.39224 -0.64823
-1.228249 0.136325 -0.486451 -0.60308 0.26585 -0.75208
-1.239422 0.216007 -0.438610 -0.60562 0.42061 -0.67550
-1.046062 0.168019 -0.596263 -0.46417 0.29756 -0.83427
-1.144531 0.129042 -0.549484 -0.53510 0.24071 -0.80977
-1.058493 0.121461 -0.603580 -0.47444 0.21709 -0.85310
-1.079872 0.196456 -0.565393 -0.48498 0.35185 -0.80063
-1.106869 0.101052 -0.580441 -0.50854 0.18514 -0.84090
-1.201874 -0.054094 -0.526053 -0.58384 -0.10469 -0.80509
-1.201874 0.054094 -0.526053 -0.58384 0.10469 -0.80509
-1.160198 -0.026607 -0.557393 -0.55032 -0.05024 -0.83344
-1.160198 0.026607 -0.557393 -0.55032 0.05024 -0.83344
-1.139568 0.253622 -0.495161 -0.52233 0.46356 -0.71574
-1.179896 0.157939 -0.515196 -0.56074 0.29922 -0.77204
-1.189842 0.235659 -0.468245 -0.56238 0.44394 -0.69760
-1.111247 0.225106 -0.531631 -0.50457 0.40753 -0.76114
-1.211567 0.186879 -0.478365 -0.58455 0.35940 -0.72742
-1.130156 0.177843 -0.541594 -0.52152 0.32726 -0.78798
-1.341471 0.362110 -0.046302 -0.67852 0.73085 -0.07396
-1.356053 0.327918 -0.139853 -0.70069 0.67607 -0.22795
-1.381614 0.322060 -0.047281 -0.73047 0.67840 -0.07869
-1.307664 0.385635 -0.090655 -0.64157 0.75415 -0.14013
-1.328263 0.246058 -0.320356 -0.68602 0.50711 -0.52175
-1.351585 0.288815 -0.232182 -0.70354 0.59981 -0.38113
-1.371564 0.223096 -0.281553 -0.73761 0.47794 -0.47698
-1.295953 0.289784 -0.315914 -0.64760 0.57717 -0.49748
-1.450823 0.233633 -0.049004 -0.83861 0.53737 -0.08922
-1.392779 0.285805 -0.142574 -0.75125 0.61392 -0.24233
-1.418396 0.279117 -0.048199 -0.78427 0.61472 -0.08387
-1.455108 0.213850 -0.098314 -0.84898 0.49661 -0.18058
-1.389710 0.304548 -0.094999 -0.74359 0.64920 -0.16001
-1.229287 0.425598 -0.173497 -0.56755 0.78362 -0.25263
-1.316550 0.350798 -0.182510 -0.65672 0.69737 -0.28703
-1.269963 0.406804 -0.133172 -0.60412 0.77149 -0.19960
-1.230583 0.408243 -0.217732 -0.57156 0.75609 -0.31881
-1.314361 0.368848 -0.136716 -0.65115 0.72835 -0.21335
-1.446194 0.171880 -0.195800 -0.84357 0.39904 -0.35938
-1.390775 0.265648 -0.190159 -0.75289 0.57284 -0.32405
-1.411227 0.198314 -0.239931 -0.79058 0.44244 -0.42335
-1.453562 0.193162 -0.147464 -0.85071 0.45000 -0.27164
-1.383642 0.244791 -0.236424 -0.74820 0.52723 -0.40276
-1.425576 0.240741 -0.145298 -0.80193 0.53916 -0.25733
-1.221631 0.369514 -0.304100 -0.57061 0.68844 -0.44772
-1.314215 0.331278 -0.228263 -0.65809 0.66128 -0.36004
-1.260126 0.331037 -0.310424 -0.60863 0.63737 -0.47257
-1.228031 0.389471 -0.261429 -0.57263 0.72419 -0.38425
-1.307291 0.310993 -0.272645 -0.65500 0.62099 -0.43052
-1.273647 0.371192 -0.223238 -0.61369 0.71306 -0.33902
-1.335628 -0.170445 -0.369159 -0.70388 -0.35771 -0.61367
-1.366280 -0.057860 -0.377631 -0.74780 -0.12607 -0.65185
-1.378357 -0.145628 -0.330929 -0.75632 -0.31790 -0.57176
-1.308761 -0.141040 -0.412735 -0.67872 -0.29113 -0.67423
-1.335628 0.170445 -0.369159 -0.70388 0.35771 -0.61367
-1.366280 0.057860 -0.377631 -0.74780 0.12607 -0.65185
-1.378357 0.145628 -0.330929 -0.75632 0.31790 -0.57176
-1.308761 0.141040 -0.412735 -0.67872 0.29113 -0.67423
-1.451281 -0.091136 -0.246074 -0.86175 -0.21483 -0.45960
-1.402915 -0.029789 -0.337076 -0.79583 -0.06692 -0.60181
-1.417278 -0.119108 -0.289778 -0.80949 -0.27057 -0.52108
-1.460605 -0.030586 -0.247568 -0.87999 -0.07315 -0.46933
-1.394620 -0.088266 -0.335000 -0.78198 -0.19695 -0.59137
-1.241393 -0.082750 -0.491140 -0.61721 -0.16366 -0.76959
-1.330935 -0.028849 -0.419467 -0.70836 -0.06081 -0.70323
-1.277063 -0.111666 -0.453518 -0.64921 -0.22604 -0.72625
-1.247853 -0.027743 -0.493784 -0.62475 -0.05526 -0.77887
-1.323453 -0.085437 -0.417195 -0.69812 -0.17945 -0.69313
-1.451281 0.091136 -0.246074 -0.86175 0.21483 -0.45960
-1.402915 0.029789 -0.337076 -0.79583 0.06692 -0.60181
-1.417278 0.119108 -0.289778 -0.80949 0.27057 -0.52108
-1.460605 0.030586 -0.247568 -0.87999 0.07315 -0.46933
-1.394620 0.088266 -0.335000 -0.78198 0.19695 -0.59137
-1.434659 0.000000 -0.293670 -0.84069 0.00000 -0.54151
-1.241393 0.082750 -0.491140 -0.61721 0.16366 -0.76959
-1.330935 0.028849 -0.419467 -0.70836 0.06081 -0.70323
-1.277063 0.111666 -0.453518 -0.64921 0.22604 -0.72625
-1.247853 0.027743 -0.493784 -0.62475 0.05526 -0.77887
-1.323453 0.085437 -0.417195 -0.69812 0.17945 -0.69313
-1.291229 0.000000 -0.458202 -0.66672 0.00000 -0.74531
0 2986 8362
8362 8364 2102
2986 758 8364
8362 2986 8364
2102 8371 8363
8363 8369 532
8371 2104 8369
8363 8371 8369
758 2987 8370
8370 8368 2104
2987 196 8368
8370 2987 8368
2102 8364 8371
8371 8370 2104
8364 758 8370
8371 8364 8370
532 8391 8367
8367 8393 2103
8391 2111 8393
8367 8391 8393
2103 8385 8366
8366 8383 137
8385 2109 8383
8366 8385 8383
2111 8392 8395
8395 8384 2109
8392 534 8384
8395 8392 8384
2103 8393 8385
8385 8395 2109
8393 2111 8395
8385 8393 8395
196 2990 8386
8386 8388 2110
2990 759 8388
8386 2990 8388
2110 8390 8387
8387 8381 534
8390 2108 8381
8387 8390 8381
759 2989 8382
8382 8380 2108
2989 53 8380
8382 2989 8380
2110 8388 8390
8390 8382 2108
8388 759 8382
8390 8388 8382
532 8369 8391
8391 8394 2111
8369 2104 8394
8391 8369 8394
2111 8396 8392
8392 8387 534
8396 2110 8387
8392 8396 8387
2104 8368 8389
8389 8386 2110
8368 196 8386
8389 8368 8386
2111 8394 8396
8396 8389 2110
8394 2104 8389
8396 8394 8389
137 8462 8378
8378 8464 2107
8462 2131 8464
8378 8462 8464
2107 8472 8379
8379 8470 533
8472 2133 8470
8379 8472 8470
2131 8463 8474
8474 8471 2133
8463 541 8471
8474 8463 8471
2107 8464 8472
8472 8474 2133
8464 2131 8474
8472 8464 8474
533 8436 8377
8377 8438 2106
8436 2125 8438
8377 8436 8438
2106 8433 8376
8376 8431 37
8433 2123 8431
8376 8433 8431
2125 8437 8439
8439 8432 2123
8437 539 8432
8439 8437 8432
2106 8438 8433
8433 8439 2123
8438 2125 8439
8433 8438 8439
541 8467 8481
8481 8484 2135
8467 2132 8484
8481 8467 8484
2135 8482 8480
8480 8435 539
8482 2124 8435
8480 8482 8435
2132 8466 8468
8468 8434 2124
8466 139 8434
8468 8466 8434
2135 8484 8482
8482 8468 2124
8484 2132 8468
8482 8484 8468
533 8470 8436
8436 8473 2125
8470 2133 8473
8436 8470 8473
2125 8483 8437
8437 8480 539
8483 2135 8480
8437 8483 8480
2133 8471 8485
8485 8481 2135
8471 541 8481
8485 8471 8481
2125 8473 8483
8483 8485 2135
8473 2133 8485
8483 8473 8485
53 2997 8440
8440 8442 2126
2997 762 8442
8440 2997 8442
2126 8451 8441
8441 8448 540
8451 2128 8448
8441 8451 8448
762 2998 8449
8449 8447 2128
2998 197 8447
8449 2998 8447
2126 8442 8451
8451 8449 2128
8442 762 8449
8451 8442 8449
540 8457 8445
8445 8460 2127
8457 2130 8460
8445 8457 8460
2127 8446 8444
8444 8425 139
8446 2121 8425
8444 8446 8425
2130 8456 8458
8458 8426 2121
8456 538 8426
8458 8456 8426
2127 8460 8446
8446 8458 2121
8460 2130 8458
8446 8460 8458
197 2996 8427
8427 8429 2122
2996 761 8429
8427 2996 8429
2122 8430 8428
8428 8423 538
8430 2120 8423
8428 8430 8423
761 2995 8424
8424 8422 2120
2995 16 8422
8424 2995 8422
2122 8429 8430
8430 8424 2120
8429 761 8424
8430 8429 8424
540 8448 8457
8457 8461 2130
8448 2128 8461
8457 8448 8461
2130 8459 8456
8456 8428 538
8459 2122 8428
8456 8459 8428
2128 8447 8450
8450 8427 2122
8447 197 8427
8450 8447 8427
2130 8461 8459
8459 8450 2122
8461 2128 8450
8459 8461 8450
137 8383 8462
8462 8465 2131
8383 2109 8465
8462 8383 8465
2131 8479 8463
8463 8476 541
8479 2134 8476
8463 8479 8476
2109 8384 8477
8477 8475 2134
8384 534 8475
8477 8384 8475
2131 8465 8479
8479 8477 2134
8465 2109 8477
8479 8465 8477
541 8487 8467
8467 8490 2132
8487 2136 8490
8467 8487 8490
2132 8469 8466
8466 8444 139
8469 2127 8444
8466 8469 8444
2136 8486 8488
8488 8445 2127
8486 540 8445
8488 8486 8445
2132 8490 8469
8469 8488 2127
8490 2136 8488
8469 8490 8488
534 8381 8452
8452 8454 2129
8381 2108 8454
8452 8381 8454
2129 8455 8453
8453 8441 540
8455 2126 8441
8453 8455 8441
2108 8380 8443
8443 8440 2126
8380 53 8440
8443 8380 8440
2129 8454 8455
8455 8443 2126
8454 2108 8443
8455 8454 8443
541 8476 8487
8487 8491 2136
8476 2134 8491
8487 8476 8491
2136 8489 8486
8486 8453 540
8489 2129 8453
8486 8489 8453
2134 8475 8478
8478 8452 2129
8475 534 8452
8478 8475 8452
2136 8491 8489
8489 8478 2129
8491 2134 8478
8489 8491 8478
37 9426 8418
8418 9428 2118
9426 2370 9428
8418 9426 9428
2118 9434 8419
8419 9432 537
9434 2372 9432
8419 9434 9432
2370 9427 9435
9435 9433 2372
9427 600 9433
9435 9427 9433
2118 9428 9434
9434 9435 2372
9428 2370 9435
9434 9428 9435
537 9461 8421
8421 9463 2119
9461 2380 9463
8421 9461 9463
2119 9456 8420
8420 9454 138
9456 2378 9454
8420 9456 9454
2380 9462 9465
9465 9455 2378
9462 602 9455
9465 9462 9455
2119 9463 9456
9456 9465 2378
9463 2380 9465
9456 9463 9465
600 9431 9470
9470 9472 2382
9431 2371 9472
9470 9431 9472
2382 9474 9471
9471 9459 602
9474 2379 9459
9471 9474 9459
2371 9430 9460
9460 9458 2379
9430 154 9458
9460 9430 9458
2382 9472 9474
9474 9460 2379
9472 2371 9460
9474 9472 9460
537 9432 9461
9461 9464 2380
9432 2372 9464
9461 9432 9464
2380 9475 9462
9462 9471 602
9475 2382 9471
9462 9475 9471
2372 9433 9473
9473 9470 2382
9433 600 9470
9473 9433 9470
2380 9464 9475
9475 9473 2382
9464 2372 9473
9475 9464 9473
138 9208 8416
8416 9210 2117
9208 2318 9210
8416 9208 9210
2117 9216 8417
8417 9214 536
9216 2320 9214
8417 9216 9214
2318 9209 9218
9218 9215 2320
9209 588 9215
9218 9209 9215
2117 9210 9216
9216 9218 2320
9210 2318 9218
9216 9210 9218
536 9196 8415
8415 9198 2116
9196 2314 9198
8415 9196 9198
2116 9192 8414
8414 9190 11
9192 2312 9190
8414 9192 9190
2314 9197 9199
9199 9191 2312
9197 586 9191
9199 9197 9191
2116 9198 9192
9192 9199 2312
9198 2314 9199
9192 9198 9199
588 9212 9220
9220 9223 2321
9212 2319 9223
9220 9212 9223
2321 9221 9219
9219 9195 586
9221 2313 9195
9219 9221 9195
2319 9211 9213
9213 9194 2313
9211 151 9194
9213 9211 9194
2321 9223 9221
9221 9213 2313
9223 2319 9213
9221 9223 9213
536 9214 9196
9196 9217 2314
9214 2320 9217
9196 9214 9217
2314 9222 9197
9197 9219 586
9222 2321 9219
9197 9222 9219
2320 9215 9224
9224 9220 2321
9215 588 9220
9224 9215 9220
2314 9217 9222
9222 9224 2321
9217 2320 9224
9222 9217 9224
154 9444 9502
9502 9504 2389
9444 2375 9504
9502 9444 9504
2389 9520 9503
9503 9517 604
9520 2392 9517
9503 9520 9517
2375 9445 9518
9518 9516 2392
9445 601 9516
9518 9445 9516
2389 9504 9520
9520 9518 2392
9504 2375 9518
9520 9504 9518
604 9507 9499
9499 9510 2388
9507 2390 9510
9499 9507 9510
2388 9500 9498
9498 9206 151
9500 2317 9206
9498 9500 9206
2390 9506 9508
9508 9207 2317
9506 587 9207
9508 9506 9207
2388 9510 9500
9500 9508 2317
9510 2390 9508
9500 9510 9508
601 9441 9447
9447 9449 2376
9441 2374 9449
9447 9441 9449
2376 9448 9446
9446 9205 587
9448 2316 9205
9446 9448 9205
2374 9440 9442
9442 9204 2316
9440 40 9204
9442 9440 9204
2376 9449 9448
9448 9442 2316
9449 2374 9442
9448 9449 9442
604 9517 9507
9507 9521 2390
9517 2392 9521
9507 9517 9521
2390 9509 9506
9506 9446 587
9509 2376 9446
9506 9509 9446
2392 9516 9519
9519 9447 2376
9516 601 9447
9519 9516 9447
2390 9521 9509
9509 9519 2376
9521 2392 9519
9509 9521 9519
138 9454 9208
9208 9457 2318
9454 2378 9457
9208 9454 9457
2318 9468 9209
9209 9466 588
9468 2381 9466
9209 9468 9466
2378 9455 9469
9469 9467 2381
9455 602 9467
9469 9455 9467
2318 9457 9468
9468 9469 2381
9457 2378 9469
9468 9457 9469
588 9511 9212
9212 9513 2319
9511 2391 9513
9212 9511 9513
2319 9501 9211
9211 9498 151
9501 2388 9498
9211 9501 9498
2391 9512 9515
9515 9499 2388
9512 604 9499
9515 9512 9499
2319 9513 9501
9501 9515 2388
9513 2391 9515
9501 9513 9515
602 9459 9522
9522 9524 2393
9459 2379 9524
9522 9459 9524
2393 9526 9523
9523 9503 604
9526 2389 9503
9523 9526 9503
2379 9458 9505
9505 9502 2389
9458 154 9502
9505 9458 9502
2393 9524 9526
9526 9505 2389
9524 2379 9505
9526 9524 9505
588 9466 9511
9511 9514 2391
9466 2381 9514
9511 9466 9514
2391 9527 9512
9512 9523 604
9527 2393 9523
9512 9527 9523
2381 9467 9525
9525 9522 2393
9467 602 9522
9525 9467 9522
2391 9514 9527
9527 9525 2393
9514 2381 9525
9527 9514 9525
16 3020 9242
9242 9244 2326
3020 769 9244
9242 3020 9244
2326 9251 9243
9243 9249 590
9251 2328 9249
9243 9251 9249
769 3021 9250
9250 9248 2328
3021 200 9248
9250 3021 9248
2326 9244 9251
9251 9250 2328
9244 769 9250
9251 9244 9250
590 9281 9247
9247 9283 2327
9281 2337 9283
9247 9281 9283
2327 9271 9246
9246 9269 152
9271 2334 9269
9246 9271 9269
2337 9282 9285
9285 9270 2334
9282 592 9270
9285 9282 9270
2327 9283 9271
9271 9285 2334
9283 2337 9285
9271 9283 9285
200 3023 9272
9272 9274 2335
3023 770 9274
9272 3023 9274
2335 9276 9273
9273 9266 592
9276 2333 9266
9273 9276 9266
770 3022 9267
9267 9265 2333
3022 54 9265
9267 3022 9265
2335 9274 9276
9276 9267 2333
9274 770 9267
9276 9274 9267
590 9249 9281
9281 9284 2337
9249 2328 9284
9281 9249 9284
2337 9286 9282
9282 9273 592
9286 2335 9273
9282 9286 9273
2328 9248 9275
9275 9272 2335
9248 200 9272
9275 9248 9272
2337 9284 9286
9286 9275 2335
9284 2328 9275
9286 9284 9275
152 9308 9259
9259 9310 2331
9308 2343 9310
9259 9308 9310
2331 9324 9260
9260 9322 591
9324 2346 9322
9260 9324 9322
2343 9309 9326
9326 9323 2346
9309 594 9323
9326 9309 9323
2331 9310 9324
9324 9326 2346
9310 2343 9326
9324 9310 9326
591 9262 9257
9257 9264 2330
9262 2332 9264
9257 9262 9264
2330 9258 9256
9256 9152 40
9258 2302 9152
9256 9258 9152
2332 9261 9263
9263 9153 2302
9261 583 9153
9263 9261 9153
2330 9264 9258
9258 9263 2302
9264 2332 9263
9258 9264 9263
594 9305 9313
9313 9316 2344
9305 2342 9316
9313 9305 9316
2344 9314 9312
9312 9155 583
9314 2303 9155
9312 9314 9155
2342 9304 9306
9306 9154 2303
9304 150 9154
9306 9304 9154
2344 9316 9314
9314 9306 2303
9316 2342 9306
9314 9316 9306
591 9322 9262
9262 9325 2332
9322 2346 9325
9262 9322 9325
2332 9315 9261
9261 9312 583
9315 2344 9312
9261 9315 9312
2346 9323 9327
9327 9313 2344
9323 594 9313
9327 9323 9313
2332 9325 9315
9315 9327 2344
9325 2346 9327
9315 9325 9327
54 3018 9156
9156 9158 2304
3018 768 9158
9156 3018 9158
2304 9166 9157
9157 9163 584
9166 2306 9163
9157 9166 9163
768 3019 9164
9164 9162 2306
3019 199 9162
9164 3019 9162
2304 9158 9166
9166 9164 2306
9158 768 9164
9166 9158 9164
584 9168 9160
9160 9171 2305
9168 2307 9171
9160 9168 9171
2305 9161 9159
9159 9142 150
9161 2299 9142
9159 9161 9142
2307 9167 9169
9169 9143 2299
9167 582 9143
9169 9167 9143
2305 9171 9161
9161 9169 2299
9171 2307 9169
9161 9171 9169
199 3017 9144
9144 9146 2300
3017 767 9146
9144 3017 9146
2300 9147 9145
9145 9139 582
9147 2298 9139
9145 9147 9139
767 3016 9140
9140 9138 2298
3016 5 9138
9140 3016 9138
2300 9146 9147
9147 9140 2298
9146 767 9140
9147 9146 9140
584 9163 9168
9168 9172 2307
9163 2306 9172
9168 9163 9172
2307 9170 9167
9167 9145 582
9170 2300 9145
9167 9170 9145
2306 9162 9165
9165 9144 2300
9162 199 9144
9165 9162 9144
2307 9172 9170
9170 9165 2300
9172 2306 9165
9170 9172 9165
152 9269 9308
9308 9311 2343
9269 2334 9311
9308 9269 9311
2343 9332 9309
9309 9329 594
9332 2347 9329
9309 9332 9329
2334 9270 9330
9330 9328 2347
9270 592 9328
9330 9270 9328
2343 9311 9332
9332 9330 2347
9311 2334 9330
9332 9311 9330
594 9318 9305
9305 9321 2342
9318 2345 9321
9305 9318 9321
2342 9307 9304
9304 9159 150
9307 2305 9159
9304 9307 9159
2345 9317 9319
9319 9160 2305
9317 584 9160
9319 9317 9160
2342 9321 9307
9307 9319 2305
9321 2345 9319
9307 9321 9319
592 9266 9278
9278 9280 2336
9266 2333 9280
9278 9266 9280
2336 9279 9277
9277 9157 584
9279 2304 9157
9277 9279 9157
2333 9265 9268
9268 9156 2304
9265 54 9156
9268 9265 9156
2336 9280 9279
9279 9268 2304
9280 2333 9268
9279 9280 9268
594 9329 9318
9318 9333 2345
9329 2347 9333
9318 9329 9333
2345 9320 9317
9317 9277 584
9320 2336 9277
9317 9320 9277
2347 9328 9331
9331 9278 2336
9328 592 9278
9331 9328 9278
2345 9333 9320
9320 9331 2336
9333 2347 9331
9320 9333 9331
37 8431 9426
9426 9429 2370
8431 2123 9429
9426 8431 9429
2370 9439 9427
9427 9437 600
9439 2373 9437
9427 9439 9437
2123 8432 9438
9438 9436 2373
8432 539 9436
9438 8432 9436
2370 9429 9439
9439 9438 2373
9429 2123 9438
9439 9429 9438
600 9492 9431
9431 9494 2371
9492 2387 9494
9431 9492 9494
2371 9482 9430
9430 9480 154
9482 2384 9480
9430 9482 9480
2387 9493 9496
9496 9481 2384
9493 603 9481
9496 9493 9481
2371 9494 9482
9482 9496 2384
9494 2387 9496
9482 9494 9496
539 8435 9483
9483 9485 2385
8435 2124 9485
9483 8435 9485
2385 9487 9484
9484 9477 603
9487 2383 9477
9484 9487 9477
2124 8434 9478
9478 9476 2383
8434 139 9476
9478 8434 9476
2385 9485 9487
9487 9478 2383
9485 2124 9478
9487 9485 9478
600 9437 9492
9492 9495 2387
9437 2373 9495
9492 9437 9495
2387 9497 9493
9493 9484 603
9497 2385 9484
9493 9497 9484
2373 9436 9486
9486 9483 2385
9436 539 9483
9486 9436 9483
2387 9495 9497
9497 9486 2385
9495 2373 9486
9497 9495 9486
154 9532 9444
9444 9534 2375
9532 2395 9534
9444 9532 9534
2375 9548 9445
9445 9546 601
9548 2398 9546
9445 9548 9546
2395 9533 9550
9550 9547 2398
9533 605 9547
9550 9533 9547
2375 9534 9548
9548 9550 2398
9534 2395 9550
9548 9534 9550
601 9451 9441
9441 9453 2374
9451 2377 9453
9441 9451 9453
2374 9443 9440
9440 9256 40
9443 2330 9256
9440 9443 9256
2377 9450 9452
9452 9257 2330
9450 591 9257
9452 9450 9257
2374 9453 9443
9443 9452 2330
9453 2377 9452
9443 9453 9452
605 9529 9537
9537 9540 2396
9529 2394 9540
9537 9529 9540
2396 9538 9536
9536 9260 591
9538 2331 9260
9536 9538 9260
2394 9528 9530
9530 9259 2331
9528 152 9259
9530 9528 9259
2396 9540 9538
9538 9530 2331
9540 2394 9530
9538 9540 9530
601 9546 9451
9451 9549 2377
9546 2398 9549
9451 9546 9549
2377 9539 9450
9450 9536 591
9539 2396 9536
9450 9539 9536
2398 9547 9551
9551 9537 2396
9547 605 9537
9551 9547 9537
2377 9549 9539
9539 9551 2396
9549 2398 9551
9539 9549 9551
139 8425 9287
9287 9289 2338
8425 2121 9289
9287 8425 9289
2338 9297 9288
9288 9294 593
9297 2340 9294
9288 9297 9294
2121 8426 9295
9295 9293 2340
8426 538 9293
9295 8426 9293
2338 9289 9297
9297 9295 2340
9289 2121 9295
9297 9289 9295
593 9299 9291
9291 9302 2339
9299 2341 9302
9291 9299 9302
2339 9292 9290
9290 9246 152
9292 2327 9246
9290 9292 9246
2341 9298 9300
9300 9247 2327
9298 590 9247
9300 9298 9247
2339 9302 9292
9292 9300 2327
9302 2341 9300
9292 9302 9300
538 8423 9252
9252 9254 2329
8423 2120 9254
9252 8423 9254
2329 9255 9253
9253 9243 590
9255 2326 9243
9253 9255 9243
2120 8422 9245
9245 9242 2326
8422 16 9242
9245 8422 9242
2329 9254 9255
9255 9245 2326
9254 2120 9245
9255 9254 9245
593 9294 9299
9299 9303 2341
9294 2340 9303
9299 9294 9303
2341 9301 9298
9298 9253 590
9301 2329 9253
9298 9301 9253
2340 9293 9296
9296 9252 2329
9293 538 9252
9296 9293 9252
2341 9303 9301
9301 9296 2329
9303 2340 9296
9301 9303 9296
154 9480 9532
9532 9535 2395
9480 2384 9535
9532 9480 9535
2395 9556 9533
9533 9553 605
9556 2399 9553
9533 9556 9553
2384 9481 9554
9554 9552 2399
9481 603 9552
9554 9481 9552
2395 9535 9556
9556 9554 2399
9535 2384 9554
9556 9535 9554
605 9542 9529
9529 9545 2394
9542 2397 9545
9529 9542 9545
2394 9531 9528
9528 9290 152
9531 2339 9290
9528 9531 9290
2397 9541 9543
9543 9291 2339
9541 593 9291
9543 9541 9291
2394 9545 9531
9531 9543 2339
9545 2397 9543
9531 9545 9543
603 9477 9489
9489 9491 2386
9477 2383 9491
9489 9477 9491
2386 9490 9488
9488 9288 593
9490 2338 9288
9488 9490 9288
2383 9476 9479
9479 9287 2338
9476 139 9287
9479 9476 9287
2386 9491 9490
9490 9479 2338
9491 2383 9479
9490 9491 9479
605 9553 9542
9542 9557 2397
9553 2399 9557
9542 9553 9557
2397 9544 9541
9541 9488 593
9544 2386 9488
9541 9544 9488
2399 9552 9555
9555 9489 2386
9552 603 9489
9555 9552 9489
2397 9557 9544
9544 9555 2386
9557 2399 9555
9544 9557 9555
0 2562 2986
2986 2988 758
2562 642 2988
2986 2562 2988
758 2994 2987
2987 2992 196
2994 760 2992
2987 2994 2992
642 2563 2993
2993 2991 760
2563 162 2991
2993 2563 2991
758 2988 2994
2994 2993 760
2988 642 2993
2994 2988 2993
196 3010 2990
2990 3012 759
3010 766 3012
2990 3010 3012
759 3004 2989
2989 3002 53
3004 764 3002
2989 3004 3002
766 3011 3014
3014 3003 764
3011 198 3003
3014 3011 3003
759 3012 3004
3004 3014 764
3012 766 3014
3004 3012 3014
162 2565 3005
3005 3007 765
2565 643 3007
3005 2565 3007
765 3009 3006
3006 3000 198
3009 763 3000
3006 3009 3000
643 2564 3001
3001 2999 763
2564 42 2999
3001 2564 2999
765 3007 3009
3009 3001 763
3007 643 3001
3009 3007 3001
196 2992 3010
3010 3013 766
2992 760 3013
3010 2992 3013
766 3015 3011
3011 3006 198
3015 765 3006
3011 3015 3006
760 2991 3008
3008 3005 765
2991 162 3005
3008 2991 3005
766 3013 3015
3015 3008 765
3013 760 3008
3015 3013 3008
53 3064 2997
2997 3066 762
3064 782 3066
2997 3064 3066
762 3074 2998
2998 3072 197
3074 784 3072
2998 3074 3072
782 3065 3076
3076 3073 784
3065 204 3073
3076 3065 3073
762 3066 3074
3074 3076 784
3066 782 3076
3074 3066 3076
197 3038 2996
2996 3040 761
3038 776 3040
2996 3038 3040
761 3035 2995
2995 3033 16
3035 774 3033
2995 3035 3033
776 3039 3041
3041 3034 774
3039 202 3034
3041 3039 3034
761 3040 3035
3035 3041 774
3040 776 3041
3035 3040 3041
204 3069 3083
3083 3086 786
3069 783 3086
3083 3069 3086
786 3084 3082
3082 3037 202
3084 775 3037
3082 3084 3037
783 3068 3070
3070 3036 775
3068 55 3036
3070 3068 3036
786 3086 3084
3084 3070 775
3086 783 3070
3084 3086 3070
197 3072 3038
3038 3075 776
3072 784 3075
3038 3072 3075
776 3085 3039
3039 3082 202
3085 786 3082
3039 3085 3082
784 3073 3087
3087 3083 786
3073 204 3083
3087 3073 3083
776 3075 3085
3085 3087 786
3075 784 3087
3085 3075 3087
42 2568 3042
3042 3044 777
2568 645 3044
3042 2568 3044
777 3053 3043
3043 3050 203
3053 779 3050
3043 3053 3050
645 2569 3051
3051 3049 779
2569 163 3049
3051 2569 3049
777 3044 3053
3053 3051 779
3044 645 3051
3053 3044 3051
203 3059 3047
3047 3062 778
3059 781 3062
3047 3059 3062
778 3048 3046
3046 3027 55
3048 772 3027
3046 3048 3027
781 3058 3060
3060 3028 772
3058 201 3028
3060 3058 3028
778 3062 3048
3048 3060 772
3062 781 3060
3048 3062 3060
163 2567 3029
3029 3031 773
2567 644 3031
3029 2567 3031
773 3032 3030
3030 3025 201
3032 771 3025
3030 3032 3025
644 2566 3026
3026 3024 771
2566 12 3024
3026 2566 3024
773 3031 3032
3032 3026 771
3031 644 3026
3032 3031 3026
203 3050 3059
3059 3063 781
3050 779 3063
3059 3050 3063
781 3061 3058
3058 3030 201
3061 773 3030
3058 3061 3030
779 3049 3052
3052 3029 773
3049 163 3029
3052 3049 3029
781 3063 3061
3061 3052 773
3063 779 3052
3061 3063 3052
53 3002 3064
3064 3067 782
3002 764 3067
3064 3002 3067
782 3081 3065
3065 3078 204
3081 785 3078
3065 3081 3078
764 3003 3079
3079 3077 785
3003 198 3077
3079 3003 3077
782 3067 3081
3081 3079 785
3067 764 3079
3081 3067 3079
204 3089 3069
3069 3092 783
3089 787 3092
3069 3089 3092
783 3071 3068
3068 3046 55
3071 778 3046
3068 3071 3046
787 3088 3090
3090 3047 778
3088 203 3047
3090 3088 3047
783 3092 3071
3071 3090 778
3092 787 3090
3071 3092 3090
198 3000 3054
3054 3056 780
3000 763 3056
3054 3000 3056
780 3057 3055
3055 3043 203
3057 777 3043
3055 3057 3043
763 2999 3045
3045 3042 777
2999 42 3042
3045 2999 3042
780 3056 3057
3057 3045 777
3056 763 3045
3057 3056 3045
204 3078 3089
3089 3093 787
3078 785 3093
3089 3078 3093
787 3091 3088
3088 3055 203
3091 780 3055
3088 3091 3055
785 3077 3080
3080 3054 780
3077 198 3054
3080 3077 3054
787 3093 3091
3091 3080 780
3093 785 3080
3091 3093 3080
16 3246 3020
3020 3248 769
3246 828 3248
3020 3246 3248
769 3254 3021
3021 3252 200
3254 830 3252
3021 3254 3252
828 3247 3255
3255 3253 830
3247 216 3253
3255 3247 3253
769 3248 3254
3254 3255 830
3248 828 3255
3254 3248 3255
200 3281 3023
3023 3283 770
3281 838 3283
3023 3281 3283
770 3276 3022
3022 3274 54
3276 836 3274
3022 3276 3274
838 3282 3285
3285 3275 836
3282 218 3275
3285 3282 3275
770 3283 3276
3276 3285 836
3283 838 3285
3276 3283 3285
216 3251 3290
3290 3292 840
3251 829 3292
3290 3251 3292
840 3294 3291
3291 3279 218
3294 837 3279
3291 3294 3279
829 3250 3280
3280 3278 837
3250 59 3278
3280 3250 3278
840 3292 3294
3294 3280 837
3292 829 3280
3294 3292 3280
200 3252 3281
3281 3284 838
3252 830 3284
3281 3252 3284
838 3295 3282
3282 3291 218
3295 840 3291
3282 3295 3291
830 3253 3293
3293 3290 840
3253 216 3290
3293 3253 3290
838 3284 3295
3295 3293 840
3284 830 3293
3295 3284 3293
54 3137 3018
3018 3139 768
3137 802 3139
3018 3137 3139
768 3145 3019
3019 3143 199
3145 804 3143
3019 3145 3143
802 3138 3147
3147 3144 804
3138 210 3144
3147 3138 3144
768 3139 3145
3145 3147 804
3139 802 3147
3145 3139 3147
199 3129 3017
3017 3131 767
3129 799 3131
3017 3129 3131
767 3126 3016
3016 3124 5
3126 797 3124
3016 3126 3124
799 3130 3132
3132 3125 797
3130 208 3125
3132 3130 3125
767 3131 3126
3126 3132 797
3131 799 3132
3126 3131 3132
210 3141 3149
3149 3152 805
3141 803 3152
3149 3141 3152
805 3150 3148
3148 3128 208
3150 798 3128
3148 3150 3128
803 3140 3142
3142 3127 798
3140 57 3127
3142 3140 3127
805 3152 3150
3150 3142 798
3152 803 3142
3150 3152 3142
199 3143 3129
3129 3146 799
3143 804 3146
3129 3143 3146
799 3151 3130
3130 3148 208
3151 805 3148
3130 3151 3148
804 3144 3153
3153 3149 805
3144 210 3149
3153 3144 3149
799 3146 3151
3151 3153 805
3146 804 3153
3151 3146 3153
59 3264 3322
3322 3324 847
3264 833 3324
3322 3264 3324
847 3340 3323
3323 3337 220
3340 850 3337
3323 3340 3337
833 3265 3338
3338 3336 850
3265 217 3336
3338 3265 3336
847 3324 3340
3340 3338 850
3324 833 3338
3340 3324 3338
220 3327 3319
3319 3330 846
3327 848 3330
3319 3327 3330
846 3320 3318
3318 3135 57
3320 801 3135
3318 3320 3135
848 3326 3328
3328 3136 801
3326 209 3136
3328 3326 3136
846 3330 3320
3320 3328 801
3330 848 3328
3320 3330 3328
217 3261 3267
3267 3269 834
3261 832 3269
3267 3261 3269
834 3268 3266
3266 3134 209
3268 800 3134
3266 3268 3134
832 3260 3262
3262 3133 800
3260 17 3133
3262 3260 3133
834 3269 3268
3268 3262 800
3269 832 3262
3268 3269 3262
220 3337 3327
3327 3341 848
3337 850 3341
3327 3337 3341
848 3329 3326
3326 3266 209
3329 834 3266
3326 3329 3266
850 3336 3339
3339 3267 834
3336 217 3267
3339 3336 3267
848 3341 3329
3329 3339 834
3341 850 3339
3329 3341 3339
54 3274 3137
3137 3277 802
3274 836 3277
3137 3274 3277
802 3288 3138
3138 3286 210
3288 839 3286
3138 3288 3286
836 3275 3289
3289 3287 839
3275 218 3287
3289 3275 3287
802 3277 3288
3288 3289 839
3277 836 3289
3288 3277 3289
210 3331 3141
3141 3333 803
3331 849 3333
3141 3331 3333
803 3321 3140
3140 3318 57
3321 846 3318
3140 3321 3318
849 3332 3335
3335 3319 846
3332 220 3319
3335 3332 3319
803 3333 3321
3321 3335 846
3333 849 3335
3321 3333 3335
218 3279 3342
3342 3344 851
3279 837 3344
3342 3279 3344
851 3346 3343
3343 3323 220
3346 847 3323
3343 3346 3323
837 3278 3325
3325 3322 847
3278 59 3322
3325 3278 3322
851 3344 3346
3346 3325 847
3344 837 3325
3346 3344 3325
210 3286 3331
3331 3334 849
3286 839 3334
3331 3286 3334
849 3347 3332
3332 3343 220
3347 851 3343
3332 3347 3343
839 3287 3345
3345 3342 851
3287 218 3342
3345 3287 3342
849 3334 3347
3347 3345 851
3334 839 3345
3347 3334 3345
12 2574 3154
3154 3156 806
2574 648 3156
3154 2574 3156
806 3163 3155
3155 3161 211
3163 808 3161
3155 3163 3161
648 2575 3162
3162 3160 808
2575 165 3160
3162 2575 3160
806 3156 3163
3163 3162 808
3156 648 3162
3163 3156 3162
211 3193 3159
3159 3195 807
3193 817 3195
3159 3193 3195
807 3183 3158
3158 3181 58
3183 814 3181
3158 3183 3181
817 3194 3197
3197 3182 814
3194 213 3182
3197 3194 3182
807 3195 3183
3183 3197 814
3195 817 3197
3183 3195 3197
165 2577 3184
3184 3186 815
2577 649 3186
3184 2577 3186
815 3188 3185
3185 3178 213
3188 813 3178
3185 3188 3178
649 2576 3179
3179 3177 813
2576 43 3177
3179 2576 3177
815 3186 3188
3188 3179 813
3186 649 3179
3188 3186 3179
211 3161 3193
3193 3196 817
3161 808 3196
3193 3161 3196
817 3198 3194
3194 3185 213
3198 815 3185
3194 3198 3185
808 3160 3187
3187 3184 815
3160 165 3184
3187 3160 3184
817 3196 3198
3198 3187 815
3196 808 3187
3198 3196 3187
58 3220 3171
3171 3222 811
3220 823 3222
3171 3220 3222
811 3236 3172
3172 3234 212
3236 826 3234
3172 3236 3234
823 3221 3238
3238 3235 826
3221 215 3235
3238 3221 3235
811 3222 3236
3236 3238 826
3222 823 3238
3236 3222 3238
212 3174 3169
3169 3176 810
3174 812 3176
3169 3174 3176
810 3170 3168
3168 3103 17
3170 791 3103
3168 3170 3103
812 3173 3175
3175 3104 791
3173 206 3104
3175 3173 3104
810 3176 3170
3170 3175 791
3176 812 3175
3170 3176 3175
215 3217 3225
3225 3228 824
3217 822 3228
3225 3217 3228
824 3226 3224
3224 3106 206
3226 792 3106
3224 3226 3106
822 3216 3218
3218 3105 792
3216 56 3105
3218 3216 3105
824 3228 3226
3226 3218 792
3228 822 3218
3226 3228 3218
212 3234 3174
3174 3237 812
3234 826 3237
3174 3234 3237
812 3227 3173
3173 3224 206
3227 824 3224
3173 3227 3224
826 3235 3239
3239 3225 824
3235 215 3225
3239 3235 3225
812 3237 3227
3227 3239 824
3237 826 3239
3227 3237 3239
43 2572 3107
3107 3109 793
2572 647 3109
3107 2572 3109
793 3117 3108
3108 3114 207
3117 795 3114
3108 3117 3114
647 2573 3115
3115 3113 795
2573 164 3113
3115 2573 3113
793 3109 3117
3117 3115 795
3109 647 3115
3117 3109 3115
207 3119 3111
3111 3122 794
3119 796 3122
3111 3119 3122
794 3112 3110
3110 3097 56
3112 789 3097
3110 3112 3097
796 3118 3120
3120 3098 789
3118 205 3098
3120 3118 3098
794 3122 3112
3112 3120 789
3122 796 3120
3112 3122 3120
164 2571 3099
3099 3101 790
2571 646 3101
3099 2571 3101
790 3102 3100
3100 3095 205
3102 788 3095
3100 3102 3095
646 2570 3096
3096 3094 788
2570 1 3094
3096 2570 3094
790 3101 3102
3102 3096 788
3101 646 3096
3102 3101 3096
207 3114 3119
3119 3123 796
3114 795 3123
3119 3114 3123
796 3121 3118
3118 3100 205
3121 790 3100
3118 3121 3100
795 3113 3116
3116 3099 790
3113 164 3099
3116 3113 3099
796 3123 3121
3121 3116 790
3123 795 3116
3121 3123 3116
58 3181 3220
3220 3223 823
3181 814 3223
3220 3181 3223
823 3244 3221
3221 3241 215
3244 827 3241
3221 3244 3241
814 3182 3242
3242 3240 827
3182 213 3240
3242 3182 3240
823 3223 3244
3244 3242 827
3223 814 3242
3244 3223 3242
215 3230 3217
3217 3233 822
3230 825 3233
3217 3230 3233
822 3219 3216
3216 3110 56
3219 794 3110
3216 3219 3110
825 3229 3231
3231 3111 794
3229 207 3111
3231 3229 3111
822 3233 3219
3219 3231 794
3233 825 3231
3219 3233 3231
213 3178 3190
3190 3192 816
3178 813 3192
3190 3178 3192
816 3191 3189
3189 3108 207
3191 793 3108
3189 3191 3108
813 3177 3180
3180 3107 793
3177 43 3107
3180 3177 3107
816 3192 3191
3191 3180 793
3192 813 3180
3191 3192 3180
215 3241 3230
3230 3245 825
3241 827 3245
3230 3241 3245
825 3232 3229
3229 3189 207
3232 816 3189
3229 3232 3189
827 3240 3243
3243 3190 816
3240 213 3190
3243 3240 3190
825 3245 3232
3232 3243 816
3245 827 3243
3232 3245 3243
16 3033 3246
3246 3249 828
3033 774 3249
3246 3033 3249
828 3259 3247
3247 3257 216
3259 831 3257
3247 3259 3257
774 3034 3258
3258 3256 831
3034 202 3256
3258 3034 3256
828 3249 3259
3259 3258 831
3249 774 3258
3259 3249 3258
216 3312 3251
3251 3314 829
3312 845 3314
3251 3312 3314
829 3302 3250
3250 3300 59
3302 842 3300
3250 3302 3300
845 3313 3316
3316 3301 842
3313 219 3301
3316 3313 3301
829 3314 3302
3302 3316 842
3314 845 3316
3302 3314 3316
202 3037 3303
3303 3305 843
3037 775 3305
3303 3037 3305
843 3307 3304
3304 3297 219
3307 841 3297
3304 3307 3297
775 3036 3298
3298 3296 841
3036 55 3296
3298 3036 3296
843 3305 3307
3307 3298 841
3305 775 3298
3307 3305 3298
216 3257 3312
3312 3315 845
3257 831 3315
3312 3257 3315
845 3317 3313
3313 3304 219
3317 843 3304
3313 3317 3304
831 3256 3306
3306 3303 843
3256 202 3303
3306 3256 3303
845 3315 3317
3317 3306 843
3315 831 3306
3317 3315 3306
59 3352 3264
3264 3354 833
3352 853 3354
3264 3352 3354
833 3368 3265
3265 3366 217
3368 856 3366
3265 3368 3366
853 3353 3370
3370 3367 856
3353 221 3367
3370 3353 3367
833 3354 3368
3368 3370 856
3354 853 3370
3368 3354 3370
217 3271 3261
3261 3273 832
3271 835 3273
3261 3271 3273
832 3263 3260
3260 3168 17
3263 810 3168
3260 3263 3168
835 3270 3272
3272 3169 810
3270 212 3169
3272 3270 3169
832 3273 3263
3263 3272 810
3273 835 3272
3263 3273 3272
221 3349 3357
3357 3360 854
3349 852 3360
3357 3349 3360
854 3358 3356
3356 3172 212
3358 811 3172
3356 3358 3172
852 3348 3350
3350 3171 811
3348 58 3171
3350 3348 3171
854 3360 3358
3358 3350 811
3360 852 3350
3358 3360 3350
217 3366 3271
3271 3369 835
3366 856 3369
3271 3366 3369
835 3359 3270
3270 3356 212
3359 854 3356
3270 3359 3356
856 3367 3371
3371 3357 854
3367 221 3357
3371 3367 3357
835 3369 3359
3359 3371 854
3369 856 3371
3359 3369 3371
55 3027 3199
3199 3201 818
3027 772 3201
3199 3027 3201
818 3209 3200
3200 3206 214
3209 820 3206
3200 3209 3206
772 3028 3207
3207 3205 820
3028 201 3205
3207 3028 3205
818 3201 3209
3209 3207 820
3201 772 3207
3209 3201 3207
214 3211 3203
3203 3214 819
3211 821 3214
3203 3211 3214
819 3204 3202
3202 3158 58
3204 807 3158
3202 3204 3158
821 3210 3212
3212 3159 807
3210 211 3159
3212 3210 3159
819 3214 3204
3204 3212 807
3214 821 3212
3204 3214 3212
201 3025 3164
3164 3166 809
3025 771 3166
3164 3025 3166
809 3167 3165
3165 3155 211
3167 806 3155
3165 3167 3155
771 3024 3157
3157 3154 806
3024 12 3154
3157 3024 3154
809 3166 3167
3167 3157 806
3166 771 3157
3167 3166 3157
214 3206 3211
3211 3215 821
3206 820 3215
3211 3206 3215
821 3213 3210
3210 3165 211
3213 809 3165
3210 3213 3165
820 3205 3208
3208 3164 809
3205 201 3164
3208 3205 3164
821 3215 3213
3213 3208 809
3215 820 3208
3213 3215 3208
59 3300 3352
3352 3355 853
3300 842 3355
3352 3300 3355
853 3376 3353
3353 3373 221
3376 857 3373
3353 3376 3373
842 3301 3374
3374 3372 857
3301 219 3372
3374 3301 3372
853 3355 3376
3376 3374 857
3355 842 3374
3376 3355 3374
221 3362 3349
3349 3365 852
3362 855 3365
3349 3362 3365
852 3351 3348
3348 3202 58
3351 819 3202
3348 3351 3202
855 3361 3363
3363 3203 819
3361 214 3203
3363 3361 3203
852 3365 3351
3351 3363 819
3365 855 3363
3351 3365 3363
219 3297 3309
3309 3311 844
3297 841 3311
3309 3297 3311
844 3310 3308
3308 3200 214
3310 818 3200
3308 3310 3200
841 3296 3299
3299 3199 818
3296 55 3199
3299 3296 3199
844 3311 3310
3310 3299 818
3311 841 3299
3310 3311 3299
221 3373 3362
3362 3377 855
3373 857 3377
3362 3373 3377
855 3364 3361
3361 3308 214
3364 844 3308
3361 3364 3308
857 3372 3375
3375 3309 844
3372 219 3309
3375 3372 3309
855 3377 3364
3364 3375 844
3377 857 3375
3364 3377 3375
0 3786 2562
2562 3788 642
3786 966 3788
2562 3786 3788
642 3793 2563
2563 3791 162
3793 968 3791
2563 3793 3791
966 3787 3794
3794 3792 968
3787 252 3792
3794 3787 3792
642 3788 3793
3793 3794 968
3788 966 3794
3793 3788 3794
162 3805 2565
2565 3807 643
3805 973 3807
2565 3805 3807
643 3801 2564
2564 3799 42
3801 971 3799
2564 3801 3799
973 3806 3809
3809 3800 971
3806 254 3800
3809 3806 3800
643 3807 3801
3801 3809 971
3807 973 3809
3801 3807 3809
252 3790 3810
3810 3812 974
3790 967 3812
3810 3790 3812
974 3814 3811
3811 3803 254
3814 972 3803
3811 3814 3803
967 3789 3804
3804 3802 972
3789 69 3802
3804 3789 3802
974 3812 3814
3814 3804 972
3812 967 3804
3814 3812 3804
162 3791 3805
3805 3808 973
3791 968 3808
3805 3791 3808
973 3815 3806
3806 3811 254
3815 974 3811
3806 3815 3811
968 3792 3813
3813 3810 974
3792 252 3810
3813 3792 3810
973 3808 3815
3815 3813 974
3808 968 3813
3815 3808 3813
42 3842 2568
2568 3844 645
3842 985 3844
2568 3842 3844
645 3851 2569
2569 3849 163
3851 987 3849
2569 3851 3849
985 3843 3853
3853 3850 987
3843 259 3850
3853 3843 3850
645 3844 3851
3851 3853 987
3844 985 3853
3851 3844 3853
163 3829 2567
2567 3831 644
3829 981 3831
2567 3829 3831
644 3826 2566
2566 3824 12
3826 979 3824
2566 3826 3824
981 3830 3832
3832 3825 979
3830 257 3825
3832 3830 3825
644 3831 3826
3826 3832 979
3831 981 3832
3826 3831 3832
259 3847 3859
3859 3862 989
3847 986 3862
3859 3847 3862
989 3860 3858
3858 3828 257
3860 980 3828
3858 3860 3828
986 3846 3848
3848 3827 980
3846 71 3827
3848 3846 3827
989 3862 3860
3860 3848 980
3862 986 3848
3860 3862 3848
163 3849 3829
3829 3852 981
3849 987 3852
3829 3849 3852
981 3861 3830
3830 3858 257
3861 989 3858
3830 3861 3858
987 3850 3863
3863 3859 989
3850 259 3859
3863 3850 3859
981 3852 3861
3861 3863 989
3852 987 3863
3861 3852 3863
69 3797 3864
3864 3866 990
3797 970 3866
3864 3797 3866
990 3876 3865
3865 3873 260
3876 992 3873
3865 3876 3873
970 3798 3874
3874 3872 992
3798 253 3872
3874 3798 3872
990 3866 3876
3876 3874 992
3866 970 3874
3876 3866 3874
260 3883 3869
3869 3886 991
3883 994 3886
3869 3883 3886
991 3870 3868
3868 3836 71
3870 983 3836
3868 3870 3836
994 3882 3884
3884 3837 983
3882 258 3837
3884 3882 3837
991 3886 3870
3870 3884 983
3886 994 3884
3870 3886 3884
253 3796 3838
3838 3840 984
3796 969 3840
3838 3796 3840
984 3841 3839
3839 3834 258
3841 982 3834
3839 3841 3834
969 3795 3835
3835 3833 982
3795 21 3833
3835 3795 3833
984 3840 3841
3841 3835 982
3840 969 3835
3841 3840 3835
260 3873 3883
3883 3887 994
3873 992 3887
3883 3873 3887
994 3885 3882
3882 3839 258
3885 984 3839
3882 3885 3839
992 3872 3875
3875 3838 984
3872 253 3838
3875 3872 3838
994 3887 3885
3885 3875 984
3887 992 3875
3885 3887 3875
42 3799 3842
3842 3845 985
3799 971 3845
3842 3799 3845
985 3857 3843
3843 3855 259
3857 988 3855
3843 3857 3855
971 3800 3856
3856 3854 988
3800 254 3854
3856 3800 3854
985 3845 3857
3857 3856 988
3845 971 3856
3857 3845 3856
259 3888 3847
3847 3890 986
3888 995 3890
3847 3888 3890
986 3871 3846
3846 3868 71
3871 991 3868
3846 3871 3868
995 3889 3892
3892 3869 991
3889 260 3869
3892 3889 3869
986 3890 3871
3871 3892 991
3890 995 3892
3871 3890 3892
254 3803 3877
3877 3879 993
3803 972 3879
3877 3803 3879
993 3881 3878
3878 3865 260
3881 990 3865
3878 3881 3865
972 3802 3867
3867 3864 990
3802 69 3864
3867 3802 3864
993 3879 3881
3881 3867 990
3879 972 3867
3881 3879 3867
259 3855 3888
3888 3891 995
3855 988 3891
3888 3855 3891
995 3893 3889
3889 3878 260
3893 993 3878
3889 3893 3878
988 3854 3880
3880 3877 993
3854 254 3877
3880 3854 3877
995 3891 3893
3893 3880 993
3891 988 3880
3893 3891 3880
12 3954 2574
2574 3956 648
3954 1014 3956
2574 3954 3956
648 3962 2575
2575 3960 165
3962 1016 3960
2575 3962 3960
1014 3955 3963
3963 3961 1016
3955 267 3961
3963 3955 3961
648 3956 3962
3962 3963 1016
3956 1014 3963
3962 3956 3963
165 3984 2577
2577 3986 649
3984 1023 3986
2577 3984 3986
649 3979 2576
2576 3977 43
3979 1021 3977
2576 3979 3977
1023 3985 3988
3988 3978 1021
3985 269 3978
3988 3985 3978
649 3986 3979
3979 3988 1021
3986 1023 3988
3979 3986 3988
267 3959 3993
3993 3995 1025
3959 1015 3995
3993 3959 3995
1025 3997 3994
3994 3982 269
3997 1022 3982
3994 3997 3982
1015 3958 3983
3983 3981 1022
3958 74 3981
3983 3958 3981
1025 3995 3997
3997 3983 1022
3995 1015 3983
3997 3995 3983
165 3960 3984
3984 3987 1023
3960 1016 3987
3984 3960 3987
1023 3998 3985
3985 3994 269
3998 1025 3994
3985 3998 3994
1016 3961 3996
3996 3993 1025
3961 267 3993
3996 3961 3993
1023 3987 3998
3998 3996 1025
3987 1016 3996
3998 3987 3996
43 3907 2572
2572 3909 647
3907 1001 3909
2572 3907 3909
647 3915 2573
2573 3913 164
3915 1003 3913
2573 3915 3913
1001 3908 3917
3917 3914 1003
3908 263 3914
3917 3908 3914
647 3909 3915
3915 3917 1003
3909 1001 3917
3915 3909 3917
164 3899 2571
2571 3901 646
3899 998 3901
2571 3899 3901
646 3896 2570
2570 3894 1
3896 996 3894
2570 3896 3894
998 3900 3902
3902 3895 996
3900 261 3895
3902 3900 3895
646 3901 3896
3896 3902 996
3901 998 3902
3896 3901 3902
263 3911 3919
3919 3922 1004
3911 1002 3922
3919 3911 3922
1004 3920 3918
3918 3898 261
3920 997 3898
3918 3920 3898
1002 3910 3912
3912 3897 997
3910 72 3897
3912 3910 3897
1004 3922 3920
3920 3912 997
3922 1002 3912
3920 3922 3912
164 3913 3899
3899 3916 998
3913 1003 3916
3899 3913 3916
998 3921 3900
3900 3918 261
3921 1004 3918
3900 3921 3918
1003 3914 3923
3923 3919 1004
3914 263 3919
3923 3914 3919
998 3916 3921
3921 3923 1004
3916 1003 3923
3921 3916 3923
74 3971 4020
4020 4022 1031
3971 1019 4022
4020 3971 4022
1031 4038 4021
4021 4035 271
4038 1034 4035
4021 4038 4035
1019 3972 4036
4036 4034 1034
3972 268 4034
4036 3972 4034
1031 4022 4038
4038 4036 1034
4022 1019 4036
4038 4022 4036
271 4025 4017
4017 4028 1030
4025 1032 4028
4017 4025 4028
1030 4018 4016
4016 3905 72
4018 1000 3905
4016 4018 3905
1032 4024 4026
4026 3906 1000
4024 262 3906
4026 4024 3906
1030 4028 4018
4018 4026 1000
4028 1032 4026
4018 4028 4026
268 3969 3974
3974 3976 1020
3969 1018 3976
3974 3969 3976
1020 3975 3973
3973 3904 262
3975 999 3904
3973 3975 3904
1018 3968 3970
3970 3903 999
3968 22 3903
3970 3968 3903
1020 3976 3975
3975 3970 999
3976 1018 3970
3975 3976 3970
271 4035 4025
4025 4039 1032
4035 1034 4039
4025 4035 4039
1032 4027 4024
4024 3973 262
4027 1020 3973
4024 4027 3973
1034 4034 4037
4037 3974 1020
4034 268 3974
4037 4034 3974
1032 4039 4027
4027 4037 1020
4039 1034 4037
4027 4039 4037
43 3977 3907
3907 3980 1001
3977 1021 3980
3907 3977 3980
1001 3991 3908
3908 3989 263
3991 1024 3989
3908 3991 3989
1021 3978 3992
3992 3990 1024
3978 269 3990
3992 3978 3990
1001 3980 3991
3991 3992 1024
3980 1021 3992
3991 3980 3992
263 4029 3911
3911 4031 1002
4029 1033 4031
3911 4029 4031
1002 4019 3910
3910 4016 72
4019 1030 4016
3910 4019 4016
1033 4030 4033
4033 4017 1030
4030 271 4017
4033 4030 4017
1002 4031 4019
4019 4033 1030
4031 1033 4033
4019 4031 4033
269 3982 4040
4040 4042 1035
3982 1022 4042
4040 3982 4042
1035 4044 4041
4041 4021 271
4044 1031 4021
4041 4044 4021
1022 3981 4023
4023 4020 1031
3981 74 4020
4023 3981 4020
1035 4042 4044
4044 4023 1031
4042 1022 4023
4044 4042 4023
263 3989 4029
4029 4032 1033
3989 1024 4032
4029 3989 4032
1033 4045 4030
4030 4041 271
4045 1035 4041
4030 4045 4041
1024 3990 4043
4043 4040 1035
3990 269 4040
4043 3990 4040
1033 4032 4045
4045 4043 1035
4032 1024 4043
4045 4032 4043
21 3820 4046
4046 4048 1036
3820 977 4048
4046 3820 4048
1036 4055 4047
4047 4053 272
4055 1038 4053
4047 4055 4053
977 3821 4054
4054 4052 1038
3821 256 4052
4054 3821 4052
1036 4048 4055
4055 4054 1038
4048 977 4054
4055 4048 4054
272 4090 4051
4051 4092 1037
4090 1048 4092
4051 4090 4092
1037 4080 4050
4050 4078 75
4080 1045 4078
4050 4080 4078
1048 4091 4094
4094 4079 1045
4091 274 4079
4094 4091 4079
1037 4092 4080
4080 4094 1045
4092 1048 4094
4080 4092 4094
256 3823 4081
4081 4083 1046
3823 978 4083
4081 3823 4083
1046 4085 4082
4082 4075 274
4085 1044 4075
4082 4085 4075
978 3822 4076
4076 4074 1044
3822 70 4074
4076 3822 4074
1046 4083 4085
4085 4076 1044
4083 978 4076
4085 4083 4076
272 4053 4090
4090 4093 1048
4053 1038 4093
4090 4053 4093
1048 4095 4091
4091 4082 274
4095 1046 4082
4091 4095 4082
1038 4052 4084
4084 4081 1046
4052 256 4081
4084 4052 4081
1048 4093 4095
4095 4084 1046
4093 1038 4084
4095 4093 4084
75 4122 4064
4064 4124 1041
4122 1055 4124
4064 4122 4124
1041 4138 4065
4065 4136 273
4138 1058 4136
4065 4138 4136
1055 4123 4140
4140 4137 1058
4123 276 4137
4140 4123 4137
1041 4124 4138
4138 4140 1058
4124 1055 4140
4138 4124 4140
273 4067 4061
4061 4069 1040
4067 1042 4069
4061 4067 4069
1040 4062 4060
4060 3933 22
4062 1008 3933
4060 4062 3933
1042 4066 4068
4068 3934 1008
4066 265 3934
4068 4066 3934
1040 4069 4062
4062 4068 1008
4069 1042 4068
4062 4069 4068
276 4119 4127
4127 4130 1056
4119 1054 4130
4127 4119 4130
1056 4128 4126
4126 3936 265
4128 1009 3936
4126 4128 3936
1054 4118 4120
4120 3935 1009
4118 73 3935
4120 4118 3935
1056 4130 4128
4128 4120 1009
4130 1054 4120
4128 4130 4120
273 4136 4067
4067 4139 1042
4136 1058 4139
4067 4136 4139
1042 4129 4066
4066 4126 265
4129 1056 4126
4066 4129 4126
1058 4137 4141
4141 4127 1056
4137 276 4127
4141 4137 4127
1042 4139 4129
4129 4141 1056
4139 1058 4141
4129 4139 4141
70 3818 3937
3937 3939 1010
3818 976 3939
3937 3818 3939
1010 3947 3938
3938 3944 266
3947 1012 3944
3938 3947 3944
976 3819 3945
3945 3943 1012
3819 255 3943
3945 3819 3943
1010 3939 3947
3947 3945 1012
3939 976 3945
3947 3939 3945
266 3949 3941
3941 3952 1011
3949 1013 3952
3941 3949 3952
1011 3942 3940
3940 3927 73
3942 1006 3927
3940 3942 3927
1013 3948 3950
3950 3928 1006
3948 264 3928
3950 3948 3928
1011 3952 3942
3942 3950 1006
3952 1013 3950
3942 3952 3950
255 3817 3929
3929 3931 1007
3817 975 3931
3929 3817 3931
1007 3932 3930
3930 3925 264
3932 1005 3925
3930 3932 3925
975 3816 3926
3926 3924 1005
3816 7 3924
3926 3816 3924
1007 3931 3932
3932 3926 1005
3931 975 3926
3932 3931 3926
266 3944 3949
3949 3953 1013
3944 1012 3953
3949 3944 3953
1013 3951 3948
3948 3930 264
3951 1007 3930
3948 3951 3930
1012 3943 3946
3946 3929 1007
3943 255 3929
3946 3943 3929
1013 3953 3951
3951 3946 1007
3953 1012 3946
3951 3953 3946
75 4078 4122
4122 4125 1055
4078 1045 4125
4122 4078 4125
1055 4146 4123
4123 4143 276
4146 1059 4143
4123 4146 4143
1045 4079 4144
4144 4142 1059
4079 274 4142
4144 4079 4142
1055 4125 4146
4146 4144 1059
4125 1045 4144
4146 4125 4144
276 4132 4119
4119 4135 1054
4132 1057 4135
4119 4132 4135
1054 4121 4118
4118 3940 73
4121 1011 3940
4118 4121 3940
1057 4131 4133
4133 3941 1011
4131 266 3941
4133 4131 3941
1054 4135 4121
4121 4133 1011
4135 1057 4133
4121 4135 4133
274 4075 4087
4087 4089 1047
4075 1044 4089
4087 4075 4089
1047 4088 4086
4086 3938 266
4088 1010 3938
4086 4088 3938
1044 4074 4077
4077 3937 1010
4074 70 3937
4077 4074 3937
1047 4089 4088
4088 4077 1010
4089 1044 4077
4088 4089 4077
276 4143 4132
4132 4147 1057
4143 1059 4147
4132 4143 4147
1057 4134 4131
4131 4086 266
4134 1047 4086
4131 4134 4086
1059 4142 4145
4145 4087 1047
4142 274 4087
4145 4142 4087
1057 4147 4134
4134 4145 1047
4147 1059 4145
4134 4147 4145
12 3824 3954
3954 3957 1014
3824 979 3957
3954 3824 3957
1014 3967 3955
3955 3965 267
3967 1017 3965
3955 3967 3965
979 3825 3966
3966 3964 1017
3825 257 3964
3966 3825 3964
1014 3957 3967
3967 3966 1017
3957 979 3966
3967 3957 3966
267 4010 3959
3959 4012 1015
4010 1029 4012
3959 4010 4012
1015 4004 3958
3958 4002 74
4004 1027 4002
3958 4004 4002
1029 4011 4014
4014 4003 1027
4011 270 4003
4014 4011 4003
1015 4012 4004
4004 4014 1027
4012 1029 4014
4004 4012 4014
257 3828 4005
4005 4007 1028
3828 980 4007
4005 3828 4007
1028 4009 4006
4006 4000 270
4009 1026 4000
4006 4009 4000
980 3827 4001
4001 3999 1026
3827 71 3999
4001 3827 3999
1028 4007 4009
4009 4001 1026
4007 980 4001
4009 4007 4001
267 3965 4010
4010 4013 1029
3965 1017 4013
4010 3965 4013
1029 4015 4011
4011 4006 270
4015 1028 4006
4011 4015 4006
1017 3964 4008
4008 4005 1028
3964 257 4005
4008 3964 4005
1029 4013 4015
4015 4008 1028
4013 1017 4008
4015 4013 4008
74 4148 3971
3971 4150 1019
4148 1060 4150
3971 4148 4150
1019 4158 3972
3972 4156 268
4158 1062 4156
3972 4158 4156
1060 4149 4160
4160 4157 1062
4149 277 4157
4160 4149 4157
1019 4150 4158
4158 4160 1062
4150 1060 4160
4158 4150 4160
268 4070 3969
3969 4072 1018
4070 1043 4072
3969 4070 4072
1018 4063 3968
3968 4060 22
4063 1040 4060
3968 4063 4060
1043 4071 4073
4073 4061 1040
4071 273 4061
4073 4071 4061
1018 4072 4063
4063 4073 1040
4072 1043 4073
4063 4072 4073
277 4153 4167
4167 4170 1064
4153 1061 4170
4167 4153 4170
1064 4168 4166
4166 4065 273
4168 1041 4065
4166 4168 4065
1061 4152 4154
4154 4064 1041
4152 75 4064
4154 4152 4064
1064 4170 4168
4168 4154 1041
4170 1061 4154
4168 4170 4154
268 4156 4070
4070 4159 1043
4156 1062 4159
4070 4156 4159
1043 4169 4071
4071 4166 273
4169 1064 4166
4071 4169 4166
1062 4157 4171
4171 4167 1064
4157 277 4167
4171 4157 4167
1043 4159 4169
4169 4171 1064
4159 1062 4171
4169 4159 4171
71 3836 4096
4096 4098 1049
3836 983 4098
4096 3836 4098
1049 4107 4097
4097 4104 275
4107 1051 4104
4097 4107 4104
983 3837 4105
4105 4103 1051
3837 258 4103
4105 3837 4103
1049 4098 4107
4107 4105 1051
4098 983 4105
4107 4098 4105
275 4113 4101
4101 4116 1050
4113 1053 4116
4101 4113 4116
1050 4102 4100
4100 4050 75
4102 1037 4050
4100 4102 4050
1053 4112 4114
4114 4051 1037
4112 272 4051
4114 4112 4051
1050 4116 4102
4102 4114 1037
4116 1053 4114
4102 4116 4114
258 3834 4056
4056 4058 1039
3834 982 4058
4056 3834 4058
1039 4059 4057
4057 4047 272
4059 1036 4047
4057 4059 4047
982 3833 4049
4049 4046 1036
3833 21 4046
4049 3833 4046
1039 4058 4059
4059 4049 1036
4058 982 4049
4059 4058 4049
275 4104 4113
4113 4117 1053
4104 1051 4117
4113 4104 4117
1053 4115 4112
4112 4057 272
4115 1039 4057
4112 4115 4057
1051 4103 4106
4106 4056 1039
4103 258 4056
4106 4103 4056
1053 4117 4115
4115 4106 1039
4117 1051 4106
4115 4117 4106
74 4002 4148
4148 4151 1060
4002 1027 4151
4148 4002 4151
1060 4165 4149
4149 4162 277
4165 1063 4162
4149 4165 4162
1027 4003 4163
4163 4161 1063
4003 270 4161
4163 4003 4161
1060 4151 4165
4165 4163 1063
4151 1027 4163
4165 4151 4163
277 4173 4153
4153 4176 1061
4173 1065 4176
4153 4173 4176
1061 4155 4152
4152 4100 75
4155 1050 4100
4152 4155 4100
1065 4172 4174
4174 4101 1050
4172 275 4101
4174 4172 4101
1061 4176 4155
4155 4174 1050
4176 1065 4174
4155 4176 4174
270 4000 4108
4108 4110 1052
4000 1026 4110
4108 4000 4110
1052 4111 4109
4109 4097 275
4111 1049 4097
4109 4111 4097
1026 3999 4099
4099 4096 1049
3999 71 4096
4099 3999 4096
1052 4110 4111
4111 4099 1049
4110 1026 4099
4111 4110 4099
277 4162 4173
4173 4177 1065
4162 1063 4177
4173 4162 4177
1065 4175 4172
4172 4109 275
4175 1052 4109
4172 4175 4109
1063 4161 4164
4164 4108 1052
4161 270 4108
4164 4161 4108
1065 4177 4175
4175 4164 1052
4177 1063 4164
4175 4177 4164
0 7218 3786
3786 7220 966
7218 1818 7220
3786 7218 7220
966 7225 3787
3787 7223 252
7225 1820 7223
3787 7225 7223
1818 7219 7226
7226 7224 1820
7219 462 7224
7226 7219 7224
966 7220 7225
7225 7226 1820
7220 1818 7226
7225 7220 7226
252 7237 3790
3790 7239 967
7237 1825 7239
3790 7237 7239
967 7233 3789
3789 7231 69
7233 1823 7231
3789 7233 7231
1825 7238 7241
7241 7232 1823
7238 464 7232
7241 7238 7232
967 7239 7233
7233 7241 1823
7239 1825 7241
7233 7239 7241
462 7222 7242
7242 7244 1826
7222 1819 7244
7242 7222 7244
1826 7246 7243
7243 7235 464
7246 1824 7235
7243 7246 7235
1819 7221 7236
7236 7234 1824
7221 120 7234
7236 7221 7234
1826 7244 7246
7246 7236 1824
7244 1819 7236
7246 7244 7236
252 7223 7237
7237 7240 1825
7223 1820 7240
7237 7223 7240
1825 7247 7238
7238 7243 464
7247 1826 7243
7238 7247 7243
1820 7224 7245
7245 7242 1826
7224 462 7242
7245 7224 7242
1825 7240 7247
7247 7245 1826
7240 1820 7245
7247 7240 7245
69 7274 3797
3797 7276 970
7274 1837 7276
3797 7274 7276
970 7283 3798
3798 7281 253
7283 1839 7281
3798 7283 7281
1837 7275 7285
7285 7282 1839
7275 469 7282
7285 7275 7282
970 7276 7283
7283 7285 1839
7276 1837 7285
7283 7276 7285
253 7261 3796
3796 7263 969
7261 1833 7263
3796 7261 7263
969 7258 3795
3795 7256 21
7258 1831 7256
3795 7258 7256
1833 7262 7264
7264 7257 1831
7262 467 7257
7264 7262 7257
969 7263 7258
7258 7264 1831
7263 1833 7264
7258 7263 7264
469 7279 7291
7291 7294 1841
7279 1838 7294
7291 7279 7294
1841 7292 7290
7290 7260 467
7292 1832 7260
7290 7292 7260
1838 7278 7280
7280 7259 1832
7278 122 7259
7280 7278 7259
1841 7294 7292
7292 7280 1832
7294 1838 7280
7292 7294 7280
253 7281 7261
7261 7284 1833
7281 1839 7284
7261 7281 7284
1833 7293 7262
7262 7290 467
7293 1841 7290
7262 7293 7290
1839 7282 7295
7295 7291 1841
7282 469 7291
7295 7282 7291
1833 7284 7293
7293 7295 1841
7284 1839 7295
7293 7284 7295
120 7229 7296
7296 7298 1842
7229 1822 7298
7296 7229 7298
1842 7308 7297
7297 7305 470
7308 1844 7305
7297 7308 7305
1822 7230 7306
7306 7304 1844
7230 463 7304
7306 7230 7304
1842 7298 7308
7308 7306 1844
7298 1822 7306
7308 7298 7306
470 7315 7301
7301 7318 1843
7315 1846 7318
7301 7315 7318
1843 7302 7300
7300 7268 122
7302 1835 7268
7300 7302 7268
1846 7314 7316
7316 7269 1835
7314 468 7269
7316 7314 7269
1843 7318 7302
7302 7316 1835
7318 1846 7316
7302 7318 7316
463 7228 7270
7270 7272 1836
7228 1821 7272
7270 7228 7272
1836 7273 7271
7271 7266 468
7273 1834 7266
7271 7273 7266
1821 7227 7267
7267 7265 1834
7227 33 7265
7267 7227 7265
1836 7272 7273
7273 7267 1834
7272 1821 7267
7273 7272 7267
470 7305 7315
7315 7319 1846
7305 1844 7319
7315 7305 7319
1846 7317 7314
7314 7271 468
7317 1836 7271
7314 7317 7271
1844 7304 7307
7307 7270 1836
7304 463 7270
7307 7304 7270
1846 7319 7317
7317 7307 1836
7319 1844 7307
7317 7319 7307
69 7231 7274
7274 7277 1837
7231 1823 7277
7274 7231 7277
1837 7289 7275
7275 7287 469
7289 1840 7287
7275 7289 7287
1823 7232 7288
7288 7286 1840
7232 464 7286
7288 7232 7286
1837 7277 7289
7289 7288 1840
7277 1823 7288
7289 7277 7288
469 7320 7279
7279 7322 1838
7320 1847 7322
7279 7320 7322
1838 7303 7278
7278 7300 122
7303 1843 7300
7278 7303 7300
1847 7321 7324
7324 7301 1843
7321 470 7301
7324 7321 7301
1838 7322 7303
7303 7324 1843
7322 1847 7324
7303 7322 7324
464 7235 7309
7309 7311 1845
7235 1824 7311
7309 7235 7311
1845 7313 7310
7310 7297 470
7313 1842 7297
7310 7313 7297
1824 7234 7299
7299 7296 1842
7234 120 7296
7299 7234 7296
1845 7311 7313
7313 7299 1842
7311 1824 7299
7313 7311 7299
469 7287 7320
7320 7323 1847
7287 1840 7323
7320 7287 7323
1847 7325 7321
7321 7310 470
7325 1845 7310
7321 7325 7310
1840 7286 7312
7312 7309 1845
7286 464 7309
7312 7286 7309
1847 7323 7325
7325 7312 1845
7323 1840 7312
7325 7323 7312
21 7914 3820
3820 7916 977
7914 1998 7916
3820 7914 7916
977 7922 3821
3821 7920 256
7922 2000 7920
3821 7922 7920
1998 7915 7923
7923 7921 2000
7915 510 7921
7923 7915 7921
977 7916 7922
7922 7923 2000
7916 1998 7923
7922 7916 7923
256 7944 3823
3823 7946 978
7944 2007 7946
3823 7944 7946
978 7939 3822
3822 7937 70
7939 2005 7937
3822 7939 7937
2007 7945 7948
7948 7938 2005
7945 512 7938
7948 7945 7938
978 7946 7939
7939 7948 2005
7946 2007 7948
7939 7946 7948
510 7919 7953
7953 7955 2009
7919 1999 7955
7953 7919 7955
2009 7957 7954
7954 7942 512
7957 2006 7942
7954 7957 7942
1999 7918 7943
7943 7941 2006
7918 133 7941
7943 7918 7941
2009 7955 7957
7957 7943 2006
7955 1999 7943
7957 7955 7943
256 7920 7944
7944 7947 2007
7920 2000 7947
7944 7920 7947
2007 7958 7945
7945 7954 512
7958 2009 7954
7945 7958 7954
2000 7921 7956
7956 7953 2009
7921 510 7953
7956 7921 7953
2007 7947 7958
7958 7956 2009
7947 2000 7956
7958 7947 7956
70 7828 3818
3818 7830 976
7828 1976 7830
3818 7828 7830
976 7836 3819
3819 7834 255
7836 1978 7834
3819 7836 7834
1976 7829 7838
7838 7835 1978
7829 504 7835
7838 7829 7835
976 7830 7836
7836 7838 1978
7830 1976 7838
7836 7830 7838
255 7816 3817
3817 7818 975
7816 1972 7818
3817 7816 7818
975 7812 3816
3816 7810 7
7812 1970 7810
3816 7812 7810
1972 7817 7819
7819 7811 1970
7817 502 7811
7819 7817 7811
975 7818 7812
7812 7819 1970
7818 1972 7819
7812 7818 7819
504 7832 7840
7840 7843 1979
7832 1977 7843
7840 7832 7843
1979 7841 7839
7839 7815 502
7841 1971 7815
7839 7841 7815
1977 7831 7833
7833 7814 1971
7831 131 7814
7833 7831 7814
1979 7843 7841
7841 7833 1971
7843 1977 7833
7841 7843 7833
255 7834 7816
7816 7837 1972
7834 1978 7837
7816 7834 7837
1972 7842 7817
7817 7839 502
7842 1979 7839
7817 7842 7839
1978 7835 7844
7844 7840 1979
7835 504 7840
7844 7835 7840
1972 7837 7842
7842 7844 1979
7837 1978 7844
7842 7837 7844
133 7931 7980
7980 7982 2015
7931 2003 7982
7980 7931 7982
2015 7998 7981
7981 7995 514
7998 2018 7995
7981 7998 7995
2003 7932 7996
7996 7994 2018
7932 511 7994
7996 7932 7994
2015 7982 7998
7998 7996 2018
7982 2003 7996
7998 7982 7996
514 7985 7977
7977 7988 2014
7985 2016 7988
7977 7985 7988
2014 7978 7976
7976 7826 131
7978 1975 7826
7976 7978 7826
2016 7984 7986
7986 7827 1975
7984 503 7827
7986 7984 7827
2014 7988 7978
7978 7986 1975
7988 2016 7986
7978 7988 7986
511 7929 7934
7934 7936 2004
7929 2002 7936
7934 7929 7936
2004 7935 7933
7933 7825 503
7935 1974 7825
7933 7935 7825
2002 7928 7930
7930 7824 1974
7928 36 7824
7930 7928 7824
2004 7936 7935
7935 7930 1974
7936 2002 7930
7935 7936 7930
514 7995 7985
7985 7999 2016
7995 2018 7999
7985 7995 7999
2016 7987 7984
7984 7933 503
7987 2004 7933
7984 7987 7933
2018 7994 7997
7997 7934 2004
7994 511 7934
7997 7994 7934
2016 7999 7987
7987 7997 2004
7999 2018 7997
7987 7999 7997
70 7937 7828
7828 7940 1976
7937 2005 7940
7828 7937 7940
1976 7951 7829
7829 7949 504
7951 2008 7949
7829 7951 7949
2005 7938 7952
7952 7950 2008
7938 512 7950
7952 7938 7950
1976 7940 7951
7951 7952 2008
7940 2005 7952
7951 7940 7952
504 7989 7832
7832 7991 1977
7989 2017 7991
7832 7989 7991
1977 7979 7831
7831 7976 131
7979 2014 7976
7831 7979 7976
2017 7990 7993
7993 7977 2014
7990 514 7977
7993 7990 7977
1977 7991 7979
7979 7993 2014
7991 2017 7993
7979 7991 7993
512 7942 8000
8000 8002 2019
7942 2006 8002
8000 7942 8002
2019 8004 8001
8001 7981 514
8004 2015 7981
8001 8004 7981
2006 7941 7983
7983 7980 2015
7941 133 7980
7983 7941 7980
2019 8002 8004
8004 7983 2015
8002 2006 7983
8004 8002 7983
504 7949 7989
7989 7992 2017
7949 2008 7992
7989 7949 7992
2017 8005 7990
7990 8001 514
8005 2019 8001
7990 8005 8001
2008 7950 8003
8003 8000 2019
7950 512 8000
8003 7950 8000
2017 7992 8005
8005 8003 2019
7992 2008 8003
8005 7992 8003
33 7252 8098
8098 8100 2042
7252 1829 8100
8098 7252 8100
2042 8107 8099
8099 8105 520
8107 2044 8105
8099 8107 8105
1829 7253 8106
8106 8104 2044
7253 466 8104
8106 7253 8104
2042 8100 8107
8107 8106 2044
8100 1829 8106
8107 8100 8106
520 8142 8103
8103 8144 2043
8142 2054 8144
8103 8142 8144
2043 8132 8102
8102 8130 135
8132 2051 8130
8102 8132 8130
2054 8143 8146
8146 8131 2051
8143 522 8131
8146 8143 8131
2043 8144 8132
8132 8146 2051
8144 2054 8146
8132 8144 8146
466 7255 8133
8133 8135 2052
7255 1830 8135
8133 7255 8135
2052 8137 8134
8134 8127 522
8137 2050 8127
8134 8137 8127
1830 7254 8128
8128 8126 2050
7254 121 8126
8128 7254 8126
2052 8135 8137
8137 8128 2050
8135 1830 8128
8137 8135 8128
520 8105 8142
8142 8145 2054
8105 2044 8145
8142 8105 8145
2054 8147 8143
8143 8134 522
8147 2052 8134
8143 8147 8134
2044 8104 8136
8136 8133 2052
8104 466 8133
8136 8104 8133
2054 8145 8147
8147 8136 2052
8145 2044 8136
8147 8145 8136
135 8174 8116
8116 8176 2047
8174 2061 8176
8116 8174 8176
2047 8190 8117
8117 8188 521
8190 2064 8188
8117 8190 8188
2061 8175 8192
8192 8189 2064
8175 524 8189
8192 8175 8189
2047 8176 8190
8190 8192 2064
8176 2061 8192
8190 8176 8192
521 8119 8113
8113 8121 2046
8119 2048 8121
8113 8119 8121
2046 8114 8112
8112 7876 36
8114 1988 7876
8112 8114 7876
2048 8118 8120
8120 7877 1988
8118 507 7877
8120 8118 7877
2046 8121 8114
8114 8120 1988
8121 2048 8120
8114 8121 8120
524 8171 8179
8179 8182 2062
8171 2060 8182
8179 8171 8182
2062 8180 8178
8178 7879 507
8180 1989 7879
8178 8180 7879
2060 8170 8172
8172 7878 1989
8170 132 7878
8172 8170 7878
2062 8182 8180
8180 8172 1989
8182 2060 8172
8180 8182 8172
521 8188 8119
8119 8191 2048
8188 2064 8191
8119 8188 8191
2048 8181 8118
8118 8178 507
8181 2062 8178
8118 8181 8178
2064 8189 8193
8193 8179 2062
8189 524 8179
8193 8189 8179
2048 8191 8181
8181 8193 2062
8191 2064 8193
8181 8191 8193
121 7250 7880
7880 7882 1990
7250 1828 7882
7880 7250 7882
1990 7890 7881
7881 7887 508
7890 1992 7887
7881 7890 7887
1828 7251 7888
7888 7886 1992
7251 465 7886
7888 7251 7886
1990 7882 7890
7890 7888 1992
7882 1828 7888
7890 7882 7888
508 7892 7884
7884 7895 1991
7892 1993 7895
7884 7892 7895
1991 7885 7883
7883 7866 132
7885 1985 7866
7883 7885 7866
1993 7891 7893
7893 7867 1985
7891 506 7867
7893 7891 7867
1991 7895 7885
7885 7893 1985
7895 1993 7893
7885 7895 7893
465 7249 7868
7868 7870 1986
7249 1827 7870
7868 7249 7870
1986 7871 7869
7869 7863 506
7871 1984 7863
7869 7871 7863
1827 7248 7864
7864 7862 1984
7248 10 7862
7864 7248 7862
1986 7870 7871
7871 7864 1984
7870 1827 7864
7871 7870 7864
508 7887 7892
7892 7896 1993
7887 1992 7896
7892 7887 7896
1993 7894 7891
7891 7869 506
7894 1986 7869
7891 7894 7869
1992 7886 7889
7889 7868 1986
7886 465 7868
7889 7886 7868
1993 7896 7894
7894 7889 1986
7896 1992 7889
7894 7896 7889
135 8130 8174
8174 8177 2061
8130 2051 8177
8174 8130 8177
2061 8198 8175
8175 8195 524
8198 2065 8195
8175 8198 8195
2051 8131 8196
8196 8194 2065
8131 522 8194
8196 8131 8194
2061 8177 8198
8198 8196 2065
8177 2051 8196
8198 8177 8196
524 8184 8171
8171 8187 2060
8184 2063 8187
8171 8184 8187
2060 8173 8170
8170 7883 132
8173 1991 7883
8170 8173 7883
2063 8183 8185
8185 7884 1991
8183 508 7884
8185 8183 7884
2060 8187 8173
8173 8185 1991
8187 2063 8185
8173 8187 8185
522 8127 8139
8139 8141 2053
8127 2050 8141
8139 8127 8141
2053 8140 8138
8138 7881 508
8140 1990 7881
8138 8140 7881
2050 8126 8129
8129 7880 1990
8126 121 7880
8129 8126 7880
2053 8141 8140
8140 8129 1990
8141 2050 8129
8140 8141 8129
524 8195 8184
8184 8199 2063
8195 2065 8199
8184 8195 8199
2063 8186 8183
8183 8138 508
8186 2053 8138
8183 8186 8138
2065 8194 8197
8197 8139 2053
8194 522 8139
8197 8194 8139
2063 8199 8186
8186 8197 2053
8199 2065 8197
8186 8199 8197
21 7256 7914
7914 7917 1998
7256 1831 7917
7914 7256 7917
1998 7927 7915
7915 7925 510
7927 2001 7925
7915 7927 7925
1831 7257 7926
7926 7924 2001
7257 467 7924
7926 7257 7924
1998 7917 7927
7927 7926 2001
7917 1831 7926
7927 7917 7926
510 7970 7919
7919 7972 1999
7970 2013 7972
7919 7970 7972
1999 7964 7918
7918 7962 133
7964 2011 7962
7918 7964 7962
2013 7971 7974
7974 7963 2011
7971 513 7963
7974 7971 7963
1999 7972 7964
7964 7974 2011
7972 2013 7974
7964 7972 7974
467 7260 7965
7965 7967 2012
7260 1832 7967
7965 7260 7967
2012 7969 7966
7966 7960 513
7969 2010 7960
7966 7969 7960
1832 7259 7961
7961 7959 2010
7259 122 7959
7961 7259 7959
2012 7967 7969
7969 7961 2010
7967 1832 7961
7969 7967 7961
510 7925 7970
7970 7973 2013
7925 2001 7973
7970 7925 7973
2013 7975 7971
7971 7966 513
7975 2012 7966
7971 7975 7966
2001 7924 7968
7968 7965 2012
7924 467 7965
7968 7924 7965
2013 7973 7975
7975 7968 2012
7973 2001 7968
7975 7973 7968
133 8200 7931
7931 8202 2003
8200 2066 8202
7931 8200 8202
2003 8210 7932
7932 8208 511
8210 2068 8208
7932 8210 8208
2066 8201 8212
8212 8209 2068
8201 525 8209
8212 8201 8209
2003 8202 8210
8210 8212 2068
8202 2066 8212
8210 8202 8212
511 8122 7929
7929 8124 2002
8122 2049 8124
7929 8122 8124
2002 8115 7928
7928 8112 36
8115 2046 8112
7928 8115 8112
2049 8123 8125
8125 8113 2046
8123 521 8113
8125 8123 8113
2002 8124 8115
8115 8125 2046
8124 2049 8125
8115 8124 8125
525 8205 8219
8219 8222 2070
8205 2067 8222
8219 8205 8222
2070 8220 8218
8218 8117 521
8220 2047 8117
8218 8220 8117
2067 8204 8206
8206 8116 2047
8204 135 8116
8206 8204 8116
2070 8222 8220
8220 8206 2047
8222 2067 8206
8220 8222 8206
511 8208 8122
8122 8211 2049
8208 2068 8211
8122 8208 8211
2049 8221 8123
8123 8218 521
8221 2070 8218
8123 8221 8218
2068 8209 8223
8223 8219 2070
8209 525 8219
8223 8209 8219
2049 8211 8221
8221 8223 2070
8211 2068 8223
8221 8211 8223
122 7268 8148
8148 8150 2055
7268 1835 8150
8148 7268 8150
2055 8159 8149
8149 8156 523
8159 2057 8156
8149 8159 8156
1835 7269 8157
8157 8155 2057
7269 468 8155
8157 7269 8155
2055 8150 8159
8159 8157 2057
8150 1835 8157
8159 8150 8157
523 8165 8153
8153 8168 2056
8165 2059 8168
8153 8165 8168
2056 8154 8152
8152 8102 135
8154 2043 8102
8152 8154 8102
2059 8164 8166
8166 8103 2043
8164 520 8103
8166 8164 8103
2056 8168 8154
8154 8166 2043
8168 2059 8166
8154 8168 8166
468 7266 8108
8108 8110 2045
7266 1834 8110
8108 7266 8110
2045 8111 8109
8109 8099 520
8111 2042 8099
8109 8111 8099
1834 7265 8101
8101 8098 2042
7265 33 8098
8101 7265 8098
2045 8110 8111
8111 8101 2042
8110 1834 8101
8111 8110 8101
523 8156 8165
8165 8169 2059
8156 2057 8169
8165 8156 8169
2059 8167 8164
8164 8109 520
8167 2045 8109
8164 8167 8109
2057 8155 8158
8158 8108 2045
8155 468 8108
8158 8155 8108
2059 8169 8167
8167 8158 2045
8169 2057 8158
8167 8169 8158
133 7962 8200
8200 8203 2066
7962 2011 8203
8200 7962 8203
2066 8217 8201
8201 8214 525
8217 2069 8214
8201 8217 8214
2011 7963 8215
8215 8213 2069
7963 513 8213
8215 7963 8213
2066 8203 8217
8217 8215 2069
8203 2011 8215
8217 8203 8215
525 8225 8205
8205 8228 2067
8225 2071 8228
8205 8225 8228
2067 8207 8204
8204 8152 135
8207 2056 8152
8204 8207 8152
2071 8224 8226
8226 8153 2056
8224 523 8153
8226 8224 8153
2067 8228 8207
8207 8226 2056
8228 2071 8226
8207 8228 8226
513 7960 8160
8160 8162 2058
7960 2010 8162
8160 7960 8162
2058 8163 8161
8161 8149 523
8163 2055 8149
8161 8163 8149
2010 7959 8151
8151 8148 2055
7959 122 8148
8151 7959 8148
2058 8162 8163
8163 8151 2055
8162 2010 8151
8163 8162 8151
525 8214 8225
8225 8229 2071
8214 2069 8229
8225 8214 8229
2071 8227 8224
8224 8161 523
8227 2058 8161
8224 8227 8161
2069 8213 8216
8216 8160 2058
8213 513 8160
8216 8213 8160
2071 8229 8227
8227 8216 2058
8229 2069 8216
8227 8229 8216
0 8362 7218
7218 8365 1818
8362 2102 8365
7218 8362 8365
1818 8374 7219
7219 8372 462
8374 2105 8372
7219 8374 8372
2102 8363 8375
8375 8373 2105
8363 532 8373
8375 8363 8373
1818 8365 8374
8374 8375 2105
8365 2102 8375
8374 8365 8375
462 8403 7222
7222 8405 1819
8403 2114 8405
7222 8403 8405
1819 8399 7221
7221 8397 120
8399 2112 8397
7221 8399 8397
2114 8404 8407
8407 8398 2112
8404 535 8398
8407 8404 8398
1819 8405 8399
8399 8407 2112
8405 2114 8407
8399 8405 8407
532 8367 8408
8408 8410 2115
8367 2103 8410
8408 8367 8410
2115 8412 8409
8409 8401 535
8412 2113 8401
8409 8412 8401
2103 8366 8402
8402 8400 2113
8366 137 8400
8402 8366 8400
2115 8410 8412
8412 8402 2113
8410 2103 8402
8412 8410 8402
462 8372 8403
8403 8406 2114
8372 2105 8406
8403 8372 8406
2114 8413 8404
8404 8409 535
8413 2115 8409
8404 8413 8409
2105 8373 8411
8411 8408 2115
8373 532 8408
8411 8373 8408
2114 8406 8413
8413 8411 2115
8406 2105 8411
8413 8406 8411
120 8510 7229
7229 8512 1822
8510 2143 8512
7229 8510 8512
1822 8519 7230
7230 8517 463
8519 2145 8517
7230 8519 8517
2143 8511 8521
8521 8518 2145
8511 544 8518
8521 8511 8518
1822 8512 8519
8519 8521 2145
8512 2143 8521
8519 8512 8521
463 8497 7228
7228 8499 1821
8497 2139 8499
7228 8497 8499
1821 8494 7227
7227 8492 33
8494 2137 8492
7227 8494 8492
2139 8498 8500
8500 8493 2137
8498 542 8493
8500 8498 8493
1821 8499 8494
8494 8500 2137
8499 2139 8500
8494 8499 8500
544 8515 8527
8527 8530 2147
8515 2144 8530
8527 8515 8530
2147 8528 8526
8526 8496 542
8528 2138 8496
8526 8528 8496
2144 8514 8516
8516 8495 2138
8514 140 8495
8516 8514 8495
2147 8530 8528
8528 8516 2138
8530 2144 8516
8528 8530 8516
463 8517 8497
8497 8520 2139
8517 2145 8520
8497 8517 8520
2139 8529 8498
8498 8526 542
8529 2147 8526
8498 8529 8526
2145 8518 8531
8531 8527 2147
8518 544 8527
8531 8518 8527
2139 8520 8529
8529 8531 2147
8520 2145 8531
8529 8520 8531
137 8378 8532
8532 8534 2148
8378 2107 8534
8532 8378 8534
2148 8544 8533
8533 8541 545
8544 2150 8541
8533 8544 8541
2107 8379 8542
8542 8540 2150
8379 533 8540
8542 8379 8540
2148 8534 8544
8544 8542 2150
8534 2107 8542
8544 8534 8542
545 8551 8537
8537 8554 2149
8551 2152 8554
8537 8551 8554
2149 8538 8536
8536 8504 140
8538 2141 8504
8536 8538 8504
2152 8550 8552
8552 8505 2141
8550 543 8505
8552 8550 8505
2149 8554 8538
8538 8552 2141
8554 2152 8552
8538 8554 8552
533 8377 8506
8506 8508 2142
8377 2106 8508
8506 8377 8508
2142 8509 8507
8507 8502 543
8509 2140 8502
8507 8509 8502
2106 8376 8503
8503 8501 2140
8376 37 8501
8503 8376 8501
2142 8508 8509
8509 8503 2140
8508 2106 8503
8509 8508 8503
545 8541 8551
8551 8555 2152
8541 2150 8555
8551 8541 8555
2152 8553 8550
8550 8507 543
8553 2142 8507
8550 8553 8507
2150 8540 8543
8543 8506 2142
8540 533 8506
8543 8540 8506
2152 8555 8553
8553 8543 2142
8555 2150 8543
8553 8555 8543
120 8397 8510
8510 8513 2143
8397 2112 8513
8510 8397 8513
2143 8525 8511
8511 8523 544
8525 2146 8523
8511 8525 8523
2112 8398 8524
8524 8522 2146
8398 535 8522
8524 8398 8522
2143 8513 8525
8525 8524 2146
8513 2112 8524
8525 8513 8524
544 8556 8515
8515 8558 2144
8556 2153 8558
8515 8556 8558
2144 8539 8514
8514 8536 140
8539 2149 8536
8514 8539 8536
2153 8557 8560
8560 8537 2149
8557 545 8537
8560 8557 8537
2144 8558 8539
8539 8560 2149
8558 2153 8560
8539 8558 8560
535 8401 8545
8545 8547 2151
8401 2113 8547
8545 8401 8547
2151 8549 8546
8546 8533 545
8549 2148 8533
8546 8549 8533
2113 8400 8535
8535 8532 2148
8400 137 8532
8535 8400 8532
2151 8547 8549
8549 8535 2148
8547 2113 8535
8549 8547 8535
544 8523 8556
8556 8559 2153
8523 2146 8559
8556 8523 8559
2153 8561 8557
8557 8546 545
8561 2151 8546
8557 8561 8546
2146 8522 8548
8548 8545 2151
8522 535 8545
8548 8522 8545
2153 8559 8561
8561 8548 2151
8559 2146 8548
8561 8559 8548
33 9794 7252
7252 9796 1829
9794 2458 9796
7252 9794 9796
1829 9802 7253
7253 9800 466
9802 2460 9800
7253 9802 9800
2458 9795 9803
9803 9801 2460
9795 620 9801
9803 9795 9801
1829 9796 9802
9802 9803 2460
9796 2458 9803
9802 9796 9803
466 9824 7255
7255 9826 1830
9824 2467 9826
7255 9824 9826
1830 9819 7254
7254 9817 121
9819 2465 9817
7254 9819 9817
2467 9825 9828
9828 9818 2465
9825 622 9818
9828 9825 9818
1830 9826 9819
9819 9828 2465
9826 2467 9828
9819 9826 9828
620 9799 9833
9833 9835 2469
9799 2459 9835
9833 9799 9835
2469 9837 9834
9834 9822 622
9837 2466 9822
9834 9837 9822
2459 9798 9823
9823 9821 2466
9798 158 9821
9823 9798 9821
2469 9835 9837
9837 9823 2466
9835 2459 9823
9837 9835 9823
466 9800 9824
9824 9827 2467
9800 2460 9827
9824 9800 9827
2467 9838 9825
9825 9834 622
9838 2469 9834
9825 9838 9834
2460 9801 9836
9836 9833 2469
9801 620 9833
9836 9801 9833
2467 9827 9838
9838 9836 2469
9827 2460 9836
9838 9827 9836
121 9708 7250
7250 9710 1828
9708 2436 9710
7250 9708 9710
1828 9716 7251
7251 9714 465
9716 2438 9714
7251 9716 9714
2436 9709 9718
9718 9715 2438
9709 614 9715
9718 9709 9715
1828 9710 9716
9716 9718 2438
9710 2436 9718
9716 9710 9718
465 9696 7249
7249 9698 1827
9696 2432 9698
7249 9696 9698
1827 9692 7248
7248 9690 10
9692 2430 9690
7248 9692 9690
2432 9697 9699
9699 9691 2430
9697 612 9691
9699 9697 9691
1827 9698 9692
9692 9699 2430
9698 2432 9699
9692 9698 9699
614 9712 9720
9720 9723 2439
9712 2437 9723
9720 9712 9723
2439 9721 9719
9719 9695 612
9721 2431 9695
9719 9721 9695
2437 9711 9713
9713 9694 2431
9711 156 9694
9713 9711 9694
2439 9723 9721
9721 9713 2431
9723 2437 9713
9721 9723 9713
465 9714 9696
9696 9717 2432
9714 2438 9717
9696 9714 9717
2432 9722 9697
9697 9719 612
9722 2439 9719
9697 9722 9719
2438 9715 9724
9724 9720 2439
9715 614 9720
9724 9715 9720
2432 9717 9722
9722 9724 2439
9717 2438 9724
9722 9717 9724
158 9811 9860
9860 9862 2475
9811 2463 9862
9860 9811 9862
2475 9878 9861
9861 9875 624
9878 2478 9875
9861 9878 9875
2463 9812 9876
9876 9874 2478
9812 621 9874
9876 9812 9874
2475 9862 9878
9878 9876 2478
9862 2463 9876
9878 9862 9876
624 9865 9857
9857 9868 2474
9865 2476 9868
9857 9865 9868
2474 9858 9856
9856 9706 156
9858 2435 9706
9856 9858 9706
2476 9864 9866
9866 9707 2435
9864 613 9707
9866 9864 9707
2474 9868 9858
9858 9866 2435
9868 2476 9866
9858 9868 9866
621 9809 9814
9814 9816 2464
9809 2462 9816
9814 9809 9816
2464 9815 9813
9813 9705 613
9815 2434 9705
9813 9815 9705
2462 9808 9810
9810 9704 2434
9808 41 9704
9810 9808 9704
2464 9816 9815
9815 9810 2434
9816 2462 9810
9815 9816 9810
624 9875 9865
9865 9879 2476
9875 2478 9879
9865 9875 9879
2476 9867 9864
9864 9813 613
9867 2464 9813
9864 9867 9813
2478 9874 9877
9877 9814 2464
9874 621 9814
9877 9874 9814
2476 9879 9867
9867 9877 2464
9879 2478 9877
9867 9879 9877
121 9817 9708
9708 9820 2436
9817 2465 9820
9708 9817 9820
2436 9831 9709
9709 9829 614
9831 2468 9829
9709 9831 9829
2465 9818 9832
9832 9830 2468
9818 622 9830
9832 9818 9830
2436 9820 9831
9831 9832 2468
9820 2465 9832
9831 9820 9832
614 9869 9712
9712 9871 2437
9869 2477 9871
9712 9869 9871
2437 9859 9711
9711 9856 156
9859 2474 9856
9711 9859 9856
2477 9870 9873
9873 9857 2474
9870 624 9857
9873 9870 9857
2437 9871 9859
9859 9873 2474
9871 2477 9873
9859 9871 9873
622 9822 9880
9880 9882 2479
9822 2466 9882
9880 9822 9882
2479 9884 9881
9881 9861 624
9884 2475 9861
9881 9884 9861
2466 9821 9863
9863 9860 2475
9821 158 9860
9863 9821 9860
2479 9882 9884
9884 9863 2475
9882 2466 9863
9884 9882 9863
614 9829 9869
9869 9872 2477
9829 2468 9872
9869 9829 9872
2477 9885 9870
9870 9881 624
9885 2479 9881
9870 9885 9881
2468 9830 9883
9883 9880 2479
9830 622 9880
9883 9830 9880
2477 9872 9885
9885 9883 2479
9872 2468 9883
9885 9872 9883
37 8418 9978
9978 9980 2502
8418 2118 9980
9978 8418 9980
2502 9987 9979
9979 9985 630
9987 2504 9985
9979 9987 9985
2118 8419 9986
9986 9984 2504
8419 537 9984
9986 8419 9984
2502 9980 9987
9987 9986 2504
9980 2118 9986
9987 9980 9986
630 10022 9983
9983 10024 2503
10022 2514 10024
9983 10022 10024
2503 10012 9982
9982 10010 160
10012 2511 10010
9982 10012 10010
2514 10023 10026
10026 10011 2511
10023 632 10011
10026 10023 10011
2503 10024 10012
10012 10026 2511
10024 2514 10026
10012 10024 10026
537 8421 10013
10013 10015 2512
8421 2119 10015
10013 8421 10015
2512 10017 10014
10014 10007 632
10017 2510 10007
10014 10017 10007
2119 8420 10008
10008 10006 2510
8420 138 10006
10008 8420 10006
2512 10015 10017
10017 10008 2510
10015 2119 10008
10017 10015 10008
630 9985 10022
10022 10025 2514
9985 2504 10025
10022 9985 10025
2514 10027 10023
10023 10014 632
10027 2512 10014
10023 10027 10014
2504 9984 10016
10016 10013 2512
9984 537 10013
10016 9984 10013
2514 10025 10027
10027 10016 2512
10025 2504 10016
10027 10025 10016
160 10054 9996
9996 10056 2507
10054 2521 10056
9996 10054 10056
2507 10070 9997
9997 10068 631
10070 2524 10068
9997 10070 10068
2521 10055 10072
10072 10069 2524
10055 634 10069
10072 10055 10069
2507 10056 10070
10070 10072 2524
10056 2521 10072
10070 10056 10072
631 9999 9993
9993 10001 2506
9999 2508 10001
9993 9999 10001
2506 9994 9992
9992 9756 41
9994 2448 9756
9992 9994 9756
2508 9998 10000
10000 9757 2448
9998 617 9757
10000 9998 9757
2506 10001 9994
9994 10000 2448
10001 2508 10000
9994 10001 10000
634 10051 10059
10059 10062 2522
10051 2520 10062
10059 10051 10062
2522 10060 10058
10058 9759 617
10060 2449 9759
10058 10060 9759
2520 10050 10052
10052 9758 2449
10050 157 9758
10052 10050 9758
2522 10062 10060
10060 10052 2449
10062 2520 10052
10060 10062 10052
631 10068 9999
9999 10071 2508
10068 2524 10071
9999 10068 10071
2508 10061 9998
9998 10058 617
10061 2522 10058
9998 10061 10058
2524 10069 10073
10073 10059 2522
10069 634 10059
10073 10069 10059
2508 10071 10061
10061 10073 2522
10071 2524 10073
10061 10071 10073
138 8416 9760
9760 9762 2450
8416 2117 9762
9760 8416 9762
2450 9770 9761
9761 9767 618
9770 2452 9767
9761 9770 9767
2117 8417 9768
9768 9766 2452
8417 536 9766
9768 8417 9766
2450 9762 9770
9770 9768 2452
9762 2117 9768
9770 9762 9768
618 9772 9764
9764 9775 2451
9772 2453 9775
9764 9772 9775
2451 9765 9763
9763 9746 157
9765 2445 9746
9763 9765 9746
2453 9771 9773
9773 9747 2445
9771 616 9747
9773 9771 9747
2451 9775 9765
9765 9773 2445
9775 2453 9773
9765 9775 9773
536 8415 9748
9748 9750 2446
8415 2116 9750
9748 8415 9750
2446 9751 9749
9749 9743 616
9751 2444 9743
9749 9751 9743
2116 8414 9744
9744 9742 2444
8414 11 9742
9744 8414 9742
2446 9750 9751
9751 9744 2444
9750 2116 9744
9751 9750 9744
618 9767 9772
9772 9776 2453
9767 2452 9776
9772 9767 9776
2453 9774 9771
9771 9749 616
9774 2446 9749
9771 9774 9749
2452 9766 9769
9769 9748 2446
9766 536 9748
9769 9766 9748
2453 9776 9774
9774 9769 2446
9776 2452 9769
9774 9776 9769
160 10010 10054
10054 10057 2521
10010 2511 10057
10054 10010 10057
2521 10078 10055
10055 10075 634
10078 2525 10075
10055 10078 10075
2511 10011 10076
10076 10074 2525
10011 632 10074
10076 10011 10074
2521 10057 10078
10078 10076 2525
10057 2511 10076
10078 10057 10076
634 10064 10051
10051 10067 2520
10064 2523 10067
10051 10064 10067
2520 10053 10050
10050 9763 157
10053 2451 9763
10050 10053 9763
2523 10063 10065
10065 9764 2451
10063 618 9764
10065 10063 9764
2520 10067 10053
10053 10065 2451
10067 2523 10065
10053 10067 10065
632 10007 10019
10019 10021 2513
10007 2510 10021
10019 10007 10021
2513 10020 10018
10018 9761 618
10020 2450 9761
10018 10020 9761
2510 10006 10009
10009 9760 2450
10006 138 9760
10009 10006 9760
2513 10021 10020
10020 10009 2450
10021 2510 10009
10020 10021 10009
634 10075 10064
10064 10079 2523
10075 2525 10079
10064 10075 10079
2523 10066 10063
10063 10018 618
10066 2513 10018
10063 10066 10018
2525 10074 10077
10077 10019 2513
10074 632 10019
10077 10074 10019
2523 10079 10066
10066 10077 2513
10079 2525 10077
10066 10079 10077
33 8492 9794
9794 9797 2458
8492 2137 9797
9794 8492 9797
2458 9807 9795
9795 9805 620
9807 2461 9805
9795 9807 9805
2137 8493 9806
9806 9804 2461
8493 542 9804
9806 8493 9804
2458 9797 9807
9807 9806 2461
9797 2137 9806
9807 9797 9806
620 9850 9799
9799 9852 2459
9850 2473 9852
9799 9850 9852
2459 9844 9798
9798 9842 158
9844 2471 9842
9798 9844 9842
2473 9851 9854
9854 9843 2471
9851 623 9843
9854 9851 9843
2459 9852 9844
9844 9854 2471
9852 2473 9854
9844 9852 9854
542 8496 9845
9845 9847 2472
8496 2138 9847
9845 8496 9847
2472 9849 9846
9846 9840 623
9849 2470 9840
9846 9849 9840
2138 8495 9841
9841 9839 2470
8495 140 9839
9841 8495 9839
2472 9847 9849
9849 9841 2470
9847 2138 9841
9849 9847 9841
620 9805 9850
9850 9853 2473
9805 2461 9853
9850 9805 9853
2473 9855 9851
9851 9846 623
9855 2472 9846
9851 9855 9846
2461 9804 9848
9848 9845 2472
9804 542 9845
9848 9804 9845
2473 9853 9855
9855 9848 2472
9853 2461 9848
9855 9853 9848
158 10080 9811
9811 10082 2463
10080 2526 10082
9811 10080 10082
2463 10090 9812
9812 10088 621
10090 2528 10088
9812 10090 10088
2526 10081 10092
10092 10089 2528
10081 635 10089
10092 10081 10089
2463 10082 10090
10090 10092 2528
10082 2526 10092
10090 10082 10092
621 10002 9809
9809 10004 2462
10002 2509 10004
9809 10002 10004
2462 9995 9808
9808 9992 41
9995 2506 9992
9808 9995 9992
2509 10003 10005
10005 9993 2506
10003 631 9993
10005 10003 9993
2462 10004 9995
9995 10005 2506
10004 2509 10005
9995 10004 10005
635 10085 10099
10099 10102 2530
10085 2527 10102
10099 10085 10102
2530 10100 10098
10098 9997 631
10100 2507 9997
10098 10100 9997
2527 10084 10086
10086 9996 2507
10084 160 9996
10086 10084 9996
2530 10102 10100
10100 10086 2507
10102 2527 10086
10100 10102 10086
621 10088 10002
10002 10091 2509
10088 2528 10091
10002 10088 10091
2509 10101 10003
10003 10098 631
10101 2530 10098
10003 10101 10098
2528 10089 10103
10103 10099 2530
10089 635 10099
10103 10089 10099
2509 10091 10101
10101 10103 2530
10091 2528 10103
10101 10091 10103
140 8504 10028
10028 10030 2515
8504 2141 10030
10028 8504 10030
2515 10039 10029
10029 10036 633
10039 2517 10036
10029 10039 10036
2141 8505 10037
10037 10035 2517
8505 543 10035
10037 8505 10035
2515 10030 10039
10039 10037 2517
10030 2141 10037
10039 10030 10037
633 10045 10033
10033 10048 2516
10045 2519 10048
10033 10045 10048
2516 10034 10032
10032 9982 160
10034 2503 9982
10032 10034 9982
2519 10044 10046
10046 9983 2503
10044 630 9983
10046 10044 9983
2516 10048 10034
10034 10046 2503
10048 2519 10046
10034 10048 10046
543 8502 9988
9988 9990 2505
8502 2140 9990
9988 8502 9990
2505 9991 9989
9989 9979 630
9991 2502 9979
9989 9991 9979
2140 8501 9981
9981 9978 2502
8501 37 9978
9981 8501 9978
2505 9990 9991
9991 9981 2502
9990 2140 9981
9991 9990 9981
633 10036 10045
10045 10049 2519
10036 2517 10049
10045 10036 10049
2519 10047 10044
10044 9989 630
10047 2505 9989
10044 10047 9989
2517 10035 10038
10038 9988 2505
10035 543 9988
10038 10035 9988
2519 10049 10047
10047 10038 2505
10049 2517 10038
10047 10049 10038
158 9842 10080
10080 10083 2526
9842 2471 10083
10080 9842 10083
2526 10097 10081
10081 10094 635
10097 2529 10094
10081 10097 10094
2471 9843 10095
10095 10093 2529
9843 623 10093
10095 9843 10093
2526 10083 10097
10097 10095 2529
10083 2471 10095
10097 10083 10095
635 10105 10085
10085 10108 2527
10105 2531 10108
10085 10105 10108
2527 10087 10084
10084 10032 160
10087 2516 10032
10084 10087 10032
2531 10104 10106
10106 10033 2516
10104 633 10033
10106 10104 10033
2527 10108 10087
10087 10106 2516
10108 2531 10106
10087 10108 10106
623 9840 10040
10040 10042 2518
9840 2470 10042
10040 9840 10042
2518 10043 10041
10041 10029 633
10043 2515 10029
10041 10043 10029
2470 9839 10031
10031 10028 2515
9839 140 10028
10031 9839 10028
2518 10042 10043
10043 10031 2515
10042 2470 10031
10043 10042 10031
635 10094 10105
10105 10109 2531
10094 2529 10109
10105 10094 10109
2531 10107 10104
10104 10041 633
10107 2518 10041
10104 10107 10041
2529 10093 10096
10096 10040 2518
10093 623 10040
10096 10093 10040
2531 10109 10107
10107 10096 2518
10109 2529 10096
10107 10109 10096
1 5338 3094
3094 5340 788
5338 1358 5340
3094 5338 5340
788 5346 3095
3095 5344 205
5346 1360 5344
3095 5346 5344
1358 5339 5347
5347 5345 1360
5339 352 5345
5347 5339 5345
788 5340 5346
5346 5347 1360
5340 1358 5347
5346 5340 5347
205 5362 3098
3098 5364 789
5362 1366 5364
3098 5362 5364
789 5358 3097
3097 5356 56
5358 1364 5356
3097 5358 5356
1366 5363 5366
5366 5357 1364
5363 354 5357
5366 5363 5357
789 5364 5358
5358 5366 1364
5364 1366 5366
5358 5364 5366
352 5343 5367
5367 5369 1367
5343 1359 5369
5367 5343 5369
1367 5371 5368
5368 5360 354
5371 1365 5360
5368 5371 5360
1359 5342 5361
5361 5359 1365
5342 95 5359
5361 5342 5359
1367 5369 5371
5371 5361 1365
5369 1359 5361
5371 5369 5361
205 5344 5362
5362 5365 1366
5344 1360 5365
5362 5344 5365
1366 5372 5363
5363 5368 354
5372 1367 5368
5363 5372 5368
1360 5345 5370
5370 5367 1367
5345 352 5367
5370 5345 5367
1366 5365 5372
5372 5370 1367
5365 1360 5370
5372 5365 5370
56 5416 3105
3105 5418 792
5416 1382 5418
3105 5416 5418
792 5425 3106
3106 5423 206
5425 1384 5423
3106 5425 5423
1382 5417 5427
5427 5424 1384
5417 360 5424
5427 5417 5424
792 5418 5425
5425 5427 1384
5418 1382 5427
5425 5418 5427
206 5403 3104
3104 5405 791
5403 1378 5405
3104 5403 5405
791 5400 3103
3103 5398 17
5400 1376 5398
3103 5400 5398
1378 5404 5406
5406 5399 1376
5404 358 5399
5406 5404 5399
791 5405 5400
5400 5406 1376
5405 1378 5406
5400 5405 5406
360 5421 5433
5433 5436 1386
5421 1383 5436
5433 5421 5436
1386 5434 5432
5432 5402 358
5434 1377 5402
5432 5434 5402
1383 5420 5422
5422 5401 1377
5420 97 5401
5422 5420 5401
1386 5436 5434
5434 5422 1377
5436 1383 5422
5434 5436 5422
206 5423 5403
5403 5426 1378
5423 1384 5426
5403 5423 5426
1378 5435 5404
5404 5432 358
5435 1386 5432
5404 5435 5432
1384 5424 5437
5437 5433 1386
5424 360 5433
5437 5424 5433
1378 5426 5435
5435 5437 1386
5426 1384 5437
5435 5426 5437
95 5354 5438
5438 5440 1387
5354 1363 5440
5438 5354 5440
1387 5450 5439
5439 5447 361
5450 1389 5447
5439 5450 5447
1363 5355 5448
5448 5446 1389
5355 353 5446
5448 5355 5446
1387 5440 5450
5450 5448 1389
5440 1363 5448
5450 5440 5448
361 5457 5443
5443 5460 1388
5457 1391 5460
5443 5457 5460
1388 5444 5442
5442 5410 97
5444 1380 5410
5442 5444 5410
1391 5456 5458
5458 5411 1380
5456 359 5411
5458 5456 5411
1388 5460 5444
5444 5458 1380
5460 1391 5458
5444 5460 5458
353 5353 5412
5412 5414 1381
5353 1362 5414
5412 5353 5414
1381 5415 5413
5413 5408 359
5415 1379 5408
5413 5415 5408
1362 5352 5409
5409 5407 1379
5352 28 5407
5409 5352 5407
1381 5414 5415
5415 5409 1379
5414 1362 5409
5415 5414 5409
361 5447 5457
5457 5461 1391
5447 1389 5461
5457 5447 5461
1391 5459 5456
5456 5413 359
5459 1381 5413
5456 5459 5413
1389 5446 5449
5449 5412 1381
5446 353 5412
5449 5446 5412
1391 5461 5459
5459 5449 1381
5461 1389 5449
5459 5461 5449
56 5356 5416
5416 5419 1382
5356 1364 5419
5416 5356 5419
1382 5431 5417
5417 5429 360
5431 1385 5429
5417 5431 5429
1364 5357 5430
5430 5428 1385
5357 354 5428
5430 5357 5428
1382 5419 5431
5431 5430 1385
5419 1364 5430
5431 5419 5430
360 5462 5421
5421 5464 1383
5462 1392 5464
5421 5462 5464
1383 5445 5420
5420 5442 97
5445 1388 5442
5420 5445 5442
1392 5463 5466
5466 5443 1388
5463 361 5443
5466 5463 5443
1383 5464 5445
5445 5466 1388
5464 1392 5466
5445 5464 5466
354 5360 5451
5451 5453 1390
5360 1365 5453
5451 5360 5453
1390 5455 5452
5452 5439 361
5455 1387 5439
5452 5455 5439
1365 5359 5441
5441 5438 1387
5359 95 5438
5441 5359 5438
1390 5453 5455
5455 5441 1387
5453 1365 5441
5455 5453 5441
360 5429 5462
5462 5465 1392
5429 1385 5465
5462 5429 5465
1392 5467 5463
5463 5452 361
5467 1390 5452
5463 5467 5452
1385 5428 5454
5454 5451 1390
5428 354 5451
5454 5428 5451
1392 5465 5467
5467 5454 1390
5465 1385 5454
5467 5465 5454
17 6218 3133
3133 6220 800
6218 1582 6220
3133 6218 6220
800 6226 3134
3134 6224 209
6226 1584 6224
3134 6226 6224
1582 6219 6227
6227 6225 1584
6219 410 6225
6227 6219 6225
800 6220 6226
6226 6227 1584
6220 1582 6227
6226 6220 6227
209 6248 3136
3136 6250 801
6248 1591 6250
3136 6248 6250
801 6243 3135
3135 6241 57
6243 1589 6241
3135 6243 6241
1591 6249 6252
6252 6242 1589
6249 412 6242
6252 6249 6242
801 6250 6243
6243 6252 1589
6250 1591 6252
6243 6250 6252
410 6223 6257
6257 6259 1593
6223 1583 6259
6257 6223 6259
1593 6261 6258
6258 6246 412
6261 1590 6246
6258 6261 6246
1583 6222 6247
6247 6245 1590
6222 110 6245
6247 6222 6245
1593 6259 6261
6261 6247 1590
6259 1583 6247
6261 6259 6247
209 6224 6248
6248 6251 1591
6224 1584 6251
6248 6224 6251
1591 6262 6249
6249 6258 412
6262 1593 6258
6249 6262 6258
1584 6225 6260
6260 6257 1593
6225 410 6257
6260 6225 6257
1591 6251 6262
6262 6260 1593
6251 1584 6260
6262 6251 6260
57 6132 3127
3127 6134 798
6132 1560 6134
3127 6132 6134
798 6140 3128
3128 6138 208
6140 1562 6138
3128 6140 6138
1560 6133 6142
6142 6139 1562
6133 404 6139
6142 6133 6139
798 6134 6140
6140 6142 1562
6134 1560 6142
6140 6134 6142
208 6120 3125
3125 6122 797
6120 1556 6122
3125 6120 6122
797 6116 3124
3124 6114 5
6116 1554 6114
3124 6116 6114
1556 6121 6123
6123 6115 1554
6121 402 6115
6123 6121 6115
797 6122 6116
6116 6123 1554
6122 1556 6123
6116 6122 6123
404 6136 6144
6144 6147 1563
6136 1561 6147
6144 6136 6147
1563 6145 6143
6143 6119 402
6145 1555 6119
6143 6145 6119
1561 6135 6137
6137 6118 1555
6135 108 6118
6137 6135 6118
1563 6147 6145
6145 6137 1555
6147 1561 6137
6145 6147 6137
208 6138 6120
6120 6141 1556
6138 1562 6141
6120 6138 6141
1556 6146 6121
6121 6143 402
6146 1563 6143
6121 6146 6143
1562 6139 6148
6148 6144 1563
6139 404 6144
6148 6139 6144
1556 6141 6146
6146 6148 1563
6141 1562 6148
6146 6141 6148
110 6235 6284
6284 6286 1599
6235 1587 6286
6284 6235 6286
1599 6302 6285
6285 6299 414
6302 1602 6299
6285 6302 6299
1587 6236 6300
6300 6298 1602
6236 411 6298
6300 6236 6298
1599 6286 6302
6302 6300 1602
6286 1587 6300
6302 6286 6300
414 6289 6281
6281 6292 1598
6289 1600 6292
6281 6289 6292
1598 6282 6280
6280 6130 108
6282 1559 6130
6280 6282 6130
1600 6288 6290
6290 6131 1559
6288 403 6131
6290 6288 6131
1598 6292 6282
6282 6290 1559
6292 1600 6290
6282 6292 6290
411 6233 6238
6238 6240 1588
6233 1586 6240
6238 6233 6240
1588 6239 6237
6237 6129 403
6239 1558 6129
6237 6239 6129
1586 6232 6234
6234 6128 1558
6232 31 6128
6234 6232 6128
1588 6240 6239
6239 6234 1558
6240 1586 6234
6239 6240 6234
414 6299 6289
6289 6303 1600
6299 1602 6303
6289 6299 6303
1600 6291 6288
6288 6237 403
6291 1588 6237
6288 6291 6237
1602 6298 6301
6301 6238 1588
6298 411 6238
6301 6298 6238
1600 6303 6291
6291 6301 1588
6303 1602 6301
6291 6303 6301
57 6241 6132
6132 6244 1560
6241 1589 6244
6132 6241 6244
1560 6255 6133
6133 6253 404
6255 1592 6253
6133 6255 6253
1589 6242 6256
6256 6254 1592
6242 412 6254
6256 6242 6254
1560 6244 6255
6255 6256 1592
6244 1589 6256
6255 6244 6256
404 6293 6136
6136 6295 1561
6293 1601 6295
6136 6293 6295
1561 6283 6135
6135 6280 108
6283 1598 6280
6135 6283 6280
1601 6294 6297
6297 6281 1598
6294 414 6281
6297 6294 6281
1561 6295 6283
6283 6297 1598
6295 1601 6297
6283 6295 6297
412 6246 6304
6304 6306 1603
6246 1590 6306
6304 6246 6306
1603 6308 6305
6305 6285 414
6308 1599 6285
6305 6308 6285
1590 6245 6287
6287 6284 1599
6245 110 6284
6287 6245 6284
1603 6306 6308
6308 6287 1599
6306 1590 6287
6308 6306 6287
404 6253 6293
6293 6296 1601
6253 1592 6296
6293 6253 6296
1601 6309 6294
6294 6305 414
6309 1603 6305
6294 6309 6305
1592 6254 6307
6307 6304 1603
6254 412 6304
6307 6254 6304
1601 6296 6309
6309 6307 1603
6296 1592 6307
6309 6296 6307
28 5394 6402
6402 6404 1626
5394 1374 6404
6402 5394 6404
1626 6411 6403
6403 6409 420
6411 1628 6409
6403 6411 6409
1374 5395 6410
6410 6408 1628
5395 357 6408
6410 5395 6408
1626 6404 6411
6411 6410 1628
6404 1374 6410
6411 6404 6410
420 6446 6407
6407 6448 1627
6446 1638 6448
6407 6446 6448
1627 6436 6406
6406 6434 112
6436 1635 6434
6406 6436 6434
1638 6447 6450
6450 6435 1635
6447 422 6435
6450 6447 6435
1627 6448 6436
6436 6450 1635
6448 1638 6450
6436 6448 6450
357 5397 6437
6437 6439 1636
5397 1375 6439
6437 5397 6439
1636 6441 6438
6438 6431 422
6441 1634 6431
6438 6441 6431
1375 5396 6432
6432 6430 1634
5396 96 6430
6432 5396 6430
1636 6439 6441
6441 6432 1634
6439 1375 6432
6441 6439 6432
420 6409 6446
6446 6449 1638
6409 1628 6449
6446 6409 6449
1638 6451 6447
6447 6438 422
6451 1636 6438
6447 6451 6438
1628 6408 6440
6440 6437 1636
6408 357 6437
6440 6408 6437
1638 6449 6451
6451 6440 1636
6449 1628 6440
6451 6449 6440
112 6478 6420
6420 6480 1631
6478 1645 6480
6420 6478 6480
1631 6494 6421
6421 6492 421
6494 1648 6492
6421 6494 6492
1645 6479 6496
6496 6493 1648
6479 424 6493
6496 6479 6493
1631 6480 6494
6494 6496 1648
6480 1645 6496
6494 6480 6496
421 6423 6417
6417 6425 1630
6423 1632 6425
6417 6423 6425
1630 6418 6416
6416 6180 31
6418 1572 6180
6416 6418 6180
1632 6422 6424
6424 6181 1572
6422 407 6181
6424 6422 6181
1630 6425 6418
6418 6424 1572
6425 1632 6424
6418 6425 6424
424 6475 6483
6483 6486 1646
6475 1644 6486
6483 6475 6486
1646 6484 6482
6482 6183 407
6484 1573 6183
6482 6484 6183
1644 6474 6476
6476 6182 1573
6474 109 6182
6476 6474 6182
1646 6486 6484
6484 6476 1573
6486 1644 6476
6484 6486 6476
421 6492 6423
6423 6495 1632
6492 1648 6495
6423 6492 6495
1632 6485 6422
6422 6482 407
6485 1646 6482
6422 6485 6482
1648 6493 6497
6497 6483 1646
6493 424 6483
6497 6493 6483
1632 6495 6485
6485 6497 1646
6495 1648 6497
6485 6495 6497
96 5392 6184
6184 6186 1574
5392 1373 6186
6184 5392 6186
1574 6194 6185
6185 6191 408
6194 1576 6191
6185 6194 6191
1373 5393 6192
6192 6190 1576
5393 356 6190
6192 5393 6190
1574 6186 6194
6194 6192 1576
6186 1373 6192
6194 6186 6192
408 6196 6188
6188 6199 1575
6196 1577 6199
6188 6196 6199
1575 6189 6187
6187 6170 109
6189 1569 6170
6187 6189 6170
1577 6195 6197
6197 6171 1569
6195 406 6171
6197 6195 6171
1575 6199 6189
6189 6197 1569
6199 1577 6197
6189 6199 6197
356 5391 6172
6172 6174 1570
5391 1372 6174
6172 5391 6174
1570 6175 6173
6173 6167 406
6175 1568 6167
6173 6175 6167
1372 5390 6168
6168 6166 1568
5390 9 6166
6168 5390 6166
1570 6174 6175
6175 6168 1568
6174 1372 6168
6175 6174 6168
408 6191 6196
6196 6200 1577
6191 1576 6200
6196 6191 6200
1577 6198 6195
6195 6173 406
6198 1570 6173
6195 6198 6173
1576 6190 6193
6193 6172 1570
6190 356 6172
6193 6190 6172
1577 6200 6198
6198 6193 1570
6200 1576 6193
6198 6200 6193
112 6434 6478
6478 6481 1645
6434 1635 6481
6478 6434 6481
1645 6502 6479
6479 6499 424
6502 1649 6499
6479 6502 6499
1635 6435 6500
6500 6498 1649
6435 422 6498
6500 6435 6498
1645 6481 6502
6502 6500 1649
6481 1635 6500
6502 6481 6500
424 6488 6475
6475 6491 1644
6488 1647 6491
6475 6488 6491
1644 6477 6474
6474 6187 109
6477 1575 6187
6474 6477 6187
1647 6487 6489
6489 6188 1575
6487 408 6188
6489 6487 6188
1644 6491 6477
6477 6489 1575
6491 1647 6489
6477 6491 6489
422 6431 6443
6443 6445 1637
6431 1634 6445
6443 6431 6445
1637 6444 6442
6442 6185 408
6444 1574 6185
6442 6444 6185
1634 6430 6433
6433 6184 1574
6430 96 6184
6433 6430 6184
1637 6445 6444
6444 6433 1574
6445 1634 6433
6444 6445 6433
424 6499 6488
6488 6503 1647
6499 1649 6503
6488 6499 6503
1647 6490 6487
6487 6442 408
6490 1637 6442
6487 6490 6442
1649 6498 6501
6501 6443 1637
6498 422 6443
6501 6498 6443
1647 6503 6490
6490 6501 1637
6503 1649 6501
6490 6503 6501
17 5398 6218
6218 6221 1582
5398 1376 6221
6218 5398 6221
1582 6231 6219
6219 6229 410
6231 1585 6229
6219 6231 6229
1376 5399 6230
6230 6228 1585
5399 358 6228
6230 5399 6228
1582 6221 6231
6231 6230 1585
6221 1376 6230
6231 6221 6230
410 6274 6223
6223 6276 1583
6274 1597 6276
6223 6274 6276
1583 6268 6222
6222 6266 110
6268 1595 6266
6222 6268 6266
1597 6275 6278
6278 6267 1595
6275 413 6267
6278 6275 6267
1583 6276 6268
6268 6278 1595
6276 1597 6278
6268 6276 6278
358 5402 6269
6269 6271 1596
5402 1377 6271
6269 5402 6271
1596 6273 6270
6270 6264 413
6273 1594 6264
6270 6273 6264
1377 5401 6265
6265 6263 1594
5401 97 6263
6265 5401 6263
1596 6271 6273
6273 6265 1594
6271 1377 6265
6273 6271 6265
410 6229 6274
6274 6277 1597
6229 1585 6277
6274 6229 6277
1597 6279 6275
6275 6270 413
6279 1596 6270
6275 6279 6270
1585 6228 6272
6272 6269 1596
6228 358 6269
6272 6228 6269
1597 6277 6279
6279 6272 1596
6277 1585 6272
6279 6277 6272
110 6504 6235
6235 6506 1587
6504 1650 6506
6235 6504 6506
1587 6514 6236
6236 6512 411
6514 1652 6512
6236 6514 6512
1650 6505 6516
6516 6513 1652
6505 425 6513
6516 6505 6513
1587 6506 6514
6514 6516 1652
6506 1650 6516
6514 6506 6516
411 6426 6233
6233 6428 1586
6426 1633 6428
6233 6426 6428
1586 6419 6232
6232 6416 31
6419 1630 6416
6232 6419 6416
1633 6427 6429
6429 6417 1630
6427 421 6417
6429 6427 6417
1586 6428 6419
6419 6429 1630
6428 1633 6429
6419 6428 6429
425 6509 6523
6523 6526 1654
6509 1651 6526
6523 6509 6526
1654 6524 6522
6522 6421 421
6524 1631 6421
6522 6524 6421
1651 6508 6510
6510 6420 1631
6508 112 6420
6510 6508 6420
1654 6526 6524
6524 6510 1631
6526 1651 6510
6524 6526 6510
411 6512 6426
6426 6515 1633
6512 1652 6515
6426 6512 6515
1633 6525 6427
6427 6522 421
6525 1654 6522
6427 6525 6522
1652 6513 6527
6527 6523 1654
6513 425 6523
6527 6513 6523
1633 6515 6525
6525 6527 1654
6515 1652 6527
6525 6515 6527
97 5410 6452
6452 6454 1639
5410 1380 6454
6452 5410 6454
1639 6463 6453
6453 6460 423
6463 1641 6460
6453 6463 6460
1380 5411 6461
6461 6459 1641
5411 359 6459
6461 5411 6459
1639 6454 6463
6463 6461 1641
6454 1380 6461
6463 6454 6461
423 6469 6457
6457 6472 1640
6469 1643 6472
6457 6469 6472
1640 6458 6456
6456 6406 112
6458 1627 6406
6456 6458 6406
1643 6468 6470
6470 6407 1627
6468 420 6407
6470 6468 6407
1640 6472 6458
6458 6470 1627
6472 1643 6470
6458 6472 6470
359 5408 6412
6412 6414 1629
5408 1379 6414
6412 5408 6414
1629 6415 6413
6413 6403 420
6415 1626 6403
6413 6415 6403
1379 5407 6405
6405 6402 1626
5407 28 6402
6405 5407 6402
1629 6414 6415
6415 6405 1626
6414 1379 6405
6415 6414 6405
423 6460 6469
6469 6473 1643
6460 1641 6473
6469 6460 6473
1643 6471 6468
6468 6413 420
6471 1629 6413
6468 6471 6413
1641 6459 6462
6462 6412 1629
6459 359 6412
6462 6459 6412
1643 6473 6471
6471 6462 1629
6473 1641 6462
6471 6473 6462
110 6266 6504
6504 6507 1650
6266 1595 6507
6504 6266 6507
1650 6521 6505
6505 6518 425
6521 1653 6518
6505 6521 6518
1595 6267 6519
6519 6517 1653
6267 413 6517
6519 6267 6517
1650 6507 6521
6521 6519 1653
6507 1595 6519
6521 6507 6519
425 6529 6509
6509 6532 1651
6529 1655 6532
6509 6529 6532
1651 6511 6508
6508 6456 112
6511 1640 6456
6508 6511 6456
1655 6528 6530
6530 6457 1640
6528 423 6457
6530 6528 6457
1651 6532 6511
6511 6530 1640
6532 1655 6530
6511 6532 6530
413 6264 6464
6464 6466 1642
6264 1594 6466
6464 6264 6466
1642 6467 6465
6465 6453 423
6467 1639 6453
6465 6467 6453
1594 6263 6455
6455 6452 1639
6263 97 6452
6455 6263 6452
1642 6466 6467
6467 6455 1639
6466 1594 6455
6467 6466 6455
425 6518 6529
6529 6533 1655
6518 1653 6533
6529 6518 6533
1655 6531 6528
6528 6465 423
6531 1642 6465
6528 6531 6465
1653 6517 6520
6520 6464 1642
6517 413 6464
6520 6517 6464
1655 6533 6531
6531 6520 1642
6533 1653 6520
6531 6533 6520
5 3386 9138
9138 9141 2298
3386 862 9141
9138 3386 9141
2298 9151 9139
9139 9149 582
9151 2301 9149
9139 9151 9149
862 3387 9150
9150 9148 2301
3387 224 9148
9150 3387 9148
2298 9141 9151
9151 9150 2301
9141 862 9150
9151 9141 9150
582 9184 9143
9143 9186 2299
9184 2311 9186
9143 9184 9186
2299 9178 9142
9142 9176 150
9178 2309 9176
9142 9178 9176
2311 9185 9188
9188 9177 2309
9185 585 9177
9188 9185 9177
2299 9186 9178
9178 9188 2309
9186 2311 9188
9178 9186 9188
224 3389 9179
9179 9181 2310
3389 863 9181
9179 3389 9181
2310 9183 9180
9180 9174 585
9183 2308 9174
9180 9183 9174
863 3388 9175
9175 9173 2308
3388 61 9173
9175 3388 9173
2310 9181 9183
9183 9175 2308
9181 863 9175
9183 9181 9175
582 9149 9184
9184 9187 2311
9149 2301 9187
9184 9149 9187
2311 9189 9185
9185 9180 585
9189 2310 9180
9185 9189 9180
2301 9148 9182
9182 9179 2310
9148 224 9179
9182 9148 9179
2311 9187 9189
9189 9182 2310
9187 2301 9182
9189 9187 9182
150 9396 9154
9154 9398 2303
9396 2364 9398
9154 9396 9398
2303 9406 9155
9155 9404 583
9406 2366 9404
9155 9406 9404
2364 9397 9408
9408 9405 2366
9397 599 9405
9408 9397 9405
2303 9398 9406
9406 9408 2366
9398 2364 9408
9406 9398 9408
583 9353 9153
9153 9355 2302
9353 2354 9355
9153 9353 9355
2302 9350 9152
9152 9348 40
9350 2352 9348
9152 9350 9348
2354 9354 9356
9356 9349 2352
9354 596 9349
9356 9354 9349
2302 9355 9350
9350 9356 2352
9355 2354 9356
9350 9355 9356
599 9401 9415
9415 9418 2368
9401 2365 9418
9415 9401 9418
2368 9416 9414
9414 9352 596
9416 2353 9352
9414 9416 9352
2365 9400 9402
9402 9351 2353
9400 153 9351
9402 9400 9351
2368 9418 9416
9416 9402 2353
9418 2365 9402
9416 9418 9402
583 9404 9353
9353 9407 2354
9404 2366 9407
9353 9404 9407
2354 9417 9354
9354 9414 596
9417 2368 9414
9354 9417 9414
2366 9405 9419
9419 9415 2368
9405 599 9415
9419 9405 9415
2354 9407 9417
9417 9419 2368
9407 2366 9419
9417 9407 9419
61 3392 9357
9357 9359 2355
3392 865 9359
9357 3392 9359
2355 9368 9358
9358 9365 597
9368 2357 9365
9358 9368 9365
865 3393 9366
9366 9364 2357
3393 225 9364
9366 3393 9364
2355 9359 9368
9368 9366 2357
9359 865 9366
9368 9359 9366
597 9374 9362
9362 9377 2356
9374 2359 9377
9362 9374 9377
2356 9363 9361
9361 9338 153
9363 2349 9338
9361 9363 9338
2359 9373 9375
9375 9339 2349
9373 595 9339
9375 9373 9339
2356 9377 9363
9363 9375 2349
9377 2359 9375
9363 9377 9375
225 3391 9340
9340 9342 2350
3391 864 9342
9340 3391 9342
2350 9343 9341
9341 9335 595
9343 2348 9335
9341 9343 9335
864 3390 9336
9336 9334 2348
3390 18 9334
9336 3390 9334
2350 9342 9343
9343 9336 2348
9342 864 9336
9343 9342 9336
597 9365 9374
9374 9378 2359
9365 2357 9378
9374 9365 9378
2359 9376 9373
9373 9341 595
9376 2350 9341
9373 9376 9341
2357 9364 9367
9367 9340 2350
9364 225 9340
9367 9364 9340
2359 9378 9376
9376 9367 2350
9378 2357 9367
9376 9378 9367
150 9176 9396
9396 9399 2364
9176 2309 9399
9396 9176 9399
2364 9413 9397
9397 9410 599
9413 2367 9410
9397 9413 9410
2309 9177 9411
9411 9409 2367
9177 585 9409
9411 9177 9409
2364 9399 9413
9413 9411 2367
9399 2309 9411
9413 9399 9411
599 9421 9401
9401 9424 2365
9421 2369 9424
9401 9421 9424
2365 9403 9400
9400 9361 153
9403 2356 9361
9400 9403 9361
2369 9420 9422
9422 9362 2356
9420 597 9362
9422 9420 9362
2365 9424 9403
9403 9422 2356
9424 2369 9422
9403 9424 9422
585 9174 9369
9369 9371 2358
9174 2308 9371
9369 9174 9371
2358 9372 9370
9370 9358 597
9372 2355 9358
9370 9372 9358
2308 9173 9360
9360 9357 2355
9173 61 9357
9360 9173 9357
2358 9371 9372
9372 9360 2355
9371 2308 9360
9372 9371 9360
599 9410 9421
9421 9425 2369
9410 2367 9425
9421 9410 9425
2369 9423 9420
9420 9370 597
9423 2358 9370
9420 9423 9370
2367 9409 9412
9412 9369 2358
9409 585 9369
9412 9409 9369
2369 9425 9423
9423 9412 2358
9425 2367 9412
9423 9425 9412
40 9572 9204
9204 9574 2316
9572 2404 9574
9204 9572 9574
2316 9580 9205
9205 9578 587
9580 2406 9578
9205 9580 9578
2404 9573 9581
9581 9579 2406
9573 607 9579
9581 9573 9579
2316 9574 9580
9580 9581 2406
9574 2404 9581
9580 9574 9581
587 9638 9207
9207 9640 2317
9638 2420 9640
9207 9638 9640
2317 9632 9206
9206 9630 151
9632 2418 9630
9206 9632 9630
2420 9639 9642
9642 9631 2418
9639 610 9631
9642 9639 9631
2317 9640 9632
9632 9642 2418
9640 2420 9642
9632 9640 9642
607 9577 9648
9648 9650 2422
9577 2405 9650
9648 9577 9650
2422 9652 9649
9649 9635 610
9652 2419 9635
9649 9652 9635
2405 9576 9636
9636 9634 2419
9576 155 9634
9636 9576 9634
2422 9650 9652
9652 9636 2419
9650 2405 9636
9652 9650 9636
587 9578 9638
9638 9641 2420
9578 2406 9641
9638 9578 9641
2420 9653 9639
9639 9649 610
9653 2422 9649
9639 9653 9649
2406 9579 9651
9651 9648 2422
9579 607 9648
9651 9579 9648
2420 9641 9653
9653 9651 2422
9641 2406 9651
9653 9641 9651
151 9228 9194
9194 9230 2313
9228 2323 9230
9194 9228 9230
2313 9238 9195
9195 9236 586
9238 2325 9236
9195 9238 9236
2323 9229 9240
9240 9237 2325
9229 589 9237
9240 9229 9237
2313 9230 9238
9238 9240 2325
9230 2323 9240
9238 9230 9240
586 9201 9191
9191 9203 2312
9201 2315 9203
9191 9201 9203
2312 9193 9190
9190 8814 11
9193 2220 8814
9190 9193 8814
2315 9200 9202
9202 8815 2220
9200 564 8815
9202 9200 8815
2312 9203 9193
9193 9202 2220
9203 2315 9202
9193 9203 9202
589 9226 9232
9232 9235 2324
9226 2322 9235
9232 9226 9235
2324 9233 9231
9231 8818 564
9233 2221 8818
9231 9233 8818
2322 9225 9227
9227 8817 2221
9225 146 8817
9227 9225 8817
2324 9235 9233
9233 9227 2221
9235 2322 9227
9233 9235 9227
586 9236 9201
9201 9239 2315
9236 2325 9239
9201 9236 9239
2315 9234 9200
9200 9231 564
9234 2324 9231
9200 9234 9231
2325 9237 9241
9241 9232 2324
9237 589 9232
9241 9237 9232
2315 9239 9234
9234 9241 2324
9239 2325 9241
9234 9239 9241
155 9562 9590
9590 9592 2409
9562 2401 9592
9590 9562 9592
2409 9606 9591
9591 9603 608
9606 2412 9603
9591 9606 9603
2401 9563 9604
9604 9602 2412
9563 606 9602
9604 9563 9602
2409 9592 9606
9606 9604 2412
9592 2401 9604
9606 9592 9604
608 9594 9587
9587 9597 2408
9594 2410 9597
9587 9594 9597
2408 9588 9586
9586 8825 146
9588 2224 8825
9586 9588 8825
2410 9593 9595
9595 8826 2224
9593 565 8826
9595 9593 8826
2408 9597 9588
9588 9595 2224
9597 2410 9595
9588 9597 9595
606 9559 9565
9565 9567 2402
9559 2400 9567
9565 9559 9567
2402 9566 9564
9564 8824 565
9566 2223 8824
9564 9566 8824
2400 9558 9560
9560 8823 2223
9558 39 8823
9560 9558 8823
2402 9567 9566
9566 9560 2223
9567 2400 9560
9566 9567 9560
608 9603 9594
9594 9607 2410
9603 2412 9607
9594 9603 9607
2410 9596 9593
9593 9564 565
9596 2402 9564
9593 9596 9564
2412 9602 9605
9605 9565 2402
9602 606 9565
9605 9602 9565
2410 9607 9596
9596 9605 2402
9607 2412 9605
9596 9607 9605
151 9630 9228
9228 9633 2323
9630 2418 9633
9228 9630 9633
2323 9645 9229
9229 9643 589
9645 2421 9643
9229 9645 9643
2418 9631 9647
9647 9644 2421
9631 610 9644
9647 9631 9644
2323 9633 9645
9645 9647 2421
9633 2418 9647
9645 9633 9647
589 9598 9226
9226 9600 2322
9598 2411 9600
9226 9598 9600
2322 9589 9225
9225 9586 146
9589 2408 9586
9225 9589 9586
2411 9599 9601
9601 9587 2408
9599 608 9587
9601 9599 9587
2322 9600 9589
9589 9601 2408
9600 2411 9601
9589 9600 9601
610 9635 9655
9655 9658 2423
9635 2419 9658
9655 9635 9658
2423 9656 9654
9654 9591 608
9656 2409 9591
9654 9656 9591
2419 9634 9637
9637 9590 2409
9634 155 9590
9637 9634 9590
2423 9658 9656
9656 9637 2409
9658 2419 9637
9656 9658 9637
589 9643 9598
9598 9646 2411
9643 2421 9646
9598 9643 9646
2411 9657 9599
9599 9654 608
9657 2423 9654
9599 9657 9654
2421 9644 9659
9659 9655 2423
9644 610 9655
9659 9644 9655
2411 9646 9657
9657 9659 2423
9646 2421 9659
9657 9646 9659
18 3382 8936
8936 8938 2251
3382 860 8938
8936 3382 8938
2251 8944 8937
8937 8942 572
8944 2253 8942
8937 8944 8942
860 3383 8943
8943 8941 2253
3383 223 8941
8943 3383 8941
2251 8938 8944
8944 8943 2253
8938 860 8943
8944 8938 8943
572 8970 8940
8940 8972 2252
8970 2261 8972
8940 8970 8972
2252 8960 8939
8939 8958 148
8960 2258 8958
8939 8960 8958
2261 8971 8974
8974 8959 2258
8971 574 8959
8974 8971 8959
2252 8972 8960
8960 8974 2258
8972 2261 8974
8960 8972 8974
223 3385 8961
8961 8963 2259
3385 861 8963
8961 3385 8963
2259 8965 8962
8962 8955 574
8965 2257 8955
8962 8965 8955
861 3384 8956
8956 8954 2257
3384 60 8954
8956 3384 8954
2259 8963 8965
8965 8956 2257
8963 861 8956
8965 8963 8956
572 8942 8970
8970 8973 2261
8942 2253 8973
8970 8942 8973
2261 8975 8971
8971 8962 574
8975 2259 8962
8971 8975 8962
2253 8941 8964
8964 8961 2259
8941 223 8961
8964 8941 8961
2261 8973 8975
8975 8964 2259
8973 2253 8964
8975 8973 8964
148 8980 8948
8948 8982 2255
8980 2263 8982
8948 8980 8982
2255 8996 8949
8949 8994 573
8996 2266 8994
8949 8996 8994
2263 8981 8998
8998 8995 2266
8981 575 8995
8998 8981 8995
2255 8982 8996
8996 8998 2266
8982 2263 8998
8996 8982 8998
573 8951 8946
8946 8953 2254
8951 2256 8953
8946 8951 8953
2254 8947 8945
8945 8776 39
8947 2210 8776
8945 8947 8776
2256 8950 8952
8952 8777 2210
8950 561 8777
8952 8950 8777
2254 8953 8947
8947 8952 2210
8953 2256 8952
8947 8953 8952
575 8977 8985
8985 8988 2264
8977 2262 8988
8985 8977 8988
2264 8986 8984
8984 8779 561
8986 2211 8779
8984 8986 8779
2262 8976 8978
8978 8778 2211
8976 145 8778
8978 8976 8778
2264 8988 8986
8986 8978 2211
8988 2262 8978
8986 8988 8978
573 8994 8951
8951 8997 2256
8994 2266 8997
8951 8994 8997
2256 8987 8950
8950 8984 561
8987 2264 8984
8950 8987 8984
2266 8995 8999
8999 8985 2264
8995 575 8985
8999 8995 8985
2256 8997 8987
8987 8999 2264
8997 2266 8999
8987 8997 8999
60 3380 8797
8797 8799 2216
3380 859 8799
8797 3380 8799
2216 8807 8798
8798 8804 563
8807 2218 8804
8798 8807 8804
859 3381 8805
8805 8803 2218
3381 222 8803
8805 3381 8803
2216 8799 8807
8807 8805 2218
8799 859 8805
8807 8799 8805
563 8809 8801
8801 8812 2217
8809 2219 8812
8801 8809 8812
2217 8802 8800
8800 8766 145
8802 2207 8766
8800 8802 8766
2219 8808 8810
8810 8767 2207
8808 560 8767
8810 8808 8767
2217 8812 8802
8802 8810 2207
8812 2219 8810
8802 8812 8810
222 3379 8772
8772 8774 2209
3379 858 8774
8772 3379 8774
2209 8775 8773
8773 8763 560
8775 2206 8763
8773 8775 8763
858 3378 8765
8765 8762 2206
3378 4 8762
8765 3378 8762
2209 8774 8775
8775 8765 2206
8774 858 8765
8775 8774 8765
563 8804 8809
8809 8813 2219
8804 2218 8813
8809 8804 8813
2219 8811 8808
8808 8773 560
8811 2209 8773
8808 8811 8773
2218 8803 8806
8806 8772 2209
8803 222 8772
8806 8803 8772
2219 8813 8811
8811 8806 2209
8813 2218 8806
8811 8813 8806
148 8958 8980
8980 8983 2263
8958 2258 8983
8980 8958 8983
2263 9004 8981
8981 9001 575
9004 2267 9001
8981 9004 9001
2258 8959 9002
9002 9000 2267
8959 574 9000
9002 8959 9000
2263 8983 9004
9004 9002 2267
8983 2258 9002
9004 8983 9002
575 8990 8977
8977 8993 2262
8990 2265 8993
8977 8990 8993
2262 8979 8976
8976 8800 145
8979 2217 8800
8976 8979 8800
2265 8989 8991
8991 8801 2217
8989 563 8801
8991 8989 8801
2262 8993 8979
8979 8991 2217
8993 2265 8991
8979 8993 8991
574 8955 8967
8967 8969 2260
8955 2257 8969
8967 8955 8969
2260 8968 8966
8966 8798 563
8968 2216 8798
8966 8968 8798
2257 8954 8957
8957 8797 2216
8954 60 8797
8957 8954 8797
2260 8969 8968
8968 8957 2216
8969 2257 8957
8968 8969 8957
575 9001 8990
8990 9005 2265
9001 2267 9005
8990 9001 9005
2265 8992 8989
8989 8966 563
8992 2260 8966
8989 8992 8966
2267 9000 9003
9003 8967 2260
9000 574 8967
9003 9000 8967
2265 9005 8992
8992 9003 2260
9005 2267 9003
8992 9005 9003
40 9348 9572
9572 9575 2404
9348 2352 9575
9572 9348 9575
2404 9585 9573
9573 9583 607
9585 2407 9583
9573 9585 9583
2352 9349 9584
9584 9582 2407
9349 596 9582
9584 9349 9582
2404 9575 9585
9585 9584 2407
9575 2352 9584
9585 9575 9584
607 9678 9577
9577 9680 2405
9678 2428 9680
9577 9678 9680
2405 9666 9576
9576 9664 155
9666 2425 9664
9576 9666 9664
2428 9679 9682
9682 9665 2425
9679 611 9665
9682 9679 9665
2405 9680 9666
9666 9682 2425
9680 2428 9682
9666 9680 9682
596 9352 9668
9668 9670 2426
9352 2353 9670
9668 9352 9670
2426 9672 9669
9669 9661 611
9672 2424 9661
9669 9672 9661
2353 9351 9662
9662 9660 2424
9351 153 9660
9662 9351 9660
2426 9670 9672
9672 9662 2424
9670 2353 9662
9672 9670 9662
607 9583 9678
9678 9681 2428
9583 2407 9681
9678 9583 9681
2428 9683 9679
9679 9669 611
9683 2426 9669
9679 9683 9669
2407 9582 9671
9671 9668 2426
9582 596 9668
9671 9582 9668
2428 9681 9683
9683 9671 2426
9681 2407 9671
9683 9681 9671
155 9612 9562
9562 9614 2401
9612 2414 9614
9562 9612 9614
2401 9626 9563
9563 9624 606
9626 2417 9624
9563 9626 9624
2414 9613 9628
9628 9625 2417
9613 609 9625
9628 9613 9625
2401 9614 9626
9626 9628 2417
9614 2414 9628
9626 9614 9628
606 9569 9559
9559 9571 2400
9569 2403 9571
9559 9569 9571
2400 9561 9558
9558 8945 39
9561 2254 8945
9558 9561 8945
2403 9568 9570
9570 8946 2254
9568 573 8946
9570 9568 8946
2400 9571 9561
9561 9570 2254
9571 2403 9570
9561 9571 9570
609 9609 9616
9616 9619 2415
9609 2413 9619
9616 9609 9619
2415 9617 9615
9615 8949 573
9617 2255 8949
9615 9617 8949
2413 9608 9610
9610 8948 2255
9608 148 8948
9610 9608 8948
2415 9619 9617
9617 9610 2255
9619 2413 9610
9617 9619 9610
606 9624 9569
9569 9627 2403
9624 2417 9627
9569 9624 9627
2403 9618 9568
9568 9615 573
9618 2415 9615
9568 9618 9615
2417 9625 9629
9629 9616 2415
9625 609 9616
9629 9625 9616
2403 9627 9618
9618 9629 2415
9627 2417 9629
9618 9627 9629
153 9338 9382
9382 9384 2361
9338 2349 9384
9382 9338 9384
2361 9394 9383
9383 9391 598
9394 2363 9391
9383 9394 9391
2349 9339 9392
9392 9390 2363
9339 595 9390
9392 9339 9390
2361 9384 9394
9394 9392 2363
9384 2349 9392
9394 9384 9392
598 9386 9380
9380 9389 2360
9386 2362 9389
9380 9386 9389
2360 9381 9379
9379 8939 148
9381 2252 8939
9379 9381 8939
2362 9385 9387
9387 8940 2252
9385 572 8940
9387 9385 8940
2360 9389 9381
9381 9387 2252
9389 2362 9387
9381 9389 9387
595 9335 9345
9345 9347 2351
9335 2348 9347
9345 9335 9347
2351 9346 9344
9344 8937 572
9346 2251 8937
9344 9346 8937
2348 9334 9337
9337 8936 2251
9334 18 8936
9337 9334 8936
2351 9347 9346
9346 9337 2251
9347 2348 9337
9346 9347 9337
598 9391 9386
9386 9395 2362
9391 2363 9395
9386 9391 9395
2362 9388 9385
9385 9344 572
9388 2351 9344
9385 9388 9344
2363 9390 9393
9393 9345 2351
9390 595 9345
9393 9390 9345
2362 9395 9388
9388 9393 2351
9395 2363 9393
9388 9395 9393
155 9664 9612
9612 9667 2414
9664 2425 9667
9612 9664 9667
2414 9686 9613
9613 9684 609
9686 2429 9684
9613 9686 9684
2425 9665 9688
9688 9685 2429
9665 611 9685
9688 9665 9685
2414 9667 9686
9686 9688 2429
9667 2425 9688
9686 9667 9688
609 9621 9609
9609 9623 2413
9621 2416 9623
9609 9621 9623
2413 9611 9608
9608 9379 148
9611 2360 9379
9608 9611 9379
2416 9620 9622
9622 9380 2360
9620 598 9380
9622 9620 9380
2413 9623 9611
9611 9622 2360
9623 2416 9622
9611 9623 9622
611 9661 9674
9674 9677 2427
9661 2424 9677
9674 9661 9677
2427 9675 9673
9673 9383 598
9675 2361 9383
9673 9675 9383
2424 9660 9663
9663 9382 2361
9660 153 9382
9663 9660 9382
2427 9677 9675
9675 9663 2361
9677 2424 9663
9675 9677 9663
609 9684 9621
9621 9687 2416
9684 2429 9687
9621 9684 9687
2416 9676 9620
9620 9673 598
9676 2427 9673
9620 9676 9673
2429 9685 9689
9689 9674 2427
9685 611 9674
9689 9685 9674
2416 9687 9676
9676 9689 2427
9687 2429 9689
9676 9687 9689
11 8614 9742
9742 9745 2444
8614 2168 9745
9742 8614 9745
2444 9755 9743
9743 9753 616
9755 2447 9753
9743 9755 9753
2168 8615 9754
9754 9752 2447
8615 550 9752
9754 8615 9752
2444 9745 9755
9755 9754 2447
9745 2168 9754
9755 9745 9754
616 9788 9747
9747 9790 2445
9788 2457 9790
9747 9788 9790
2445 9782 9746
9746 9780 157
9782 2455 9780
9746 9782 9780
2457 9789 9792
9792 9781 2455
9789 619 9781
9792 9789 9781
2445 9790 9782
9782 9792 2455
9790 2457 9792
9782 9790 9792
550 8617 9783
9783 9785 2456
8617 2169 9785
9783 8617 9785
2456 9787 9784
9784 9778 619
9787 2454 9778
9784 9787 9778
2169 8616 9779
9779 9777 2454
8616 142 9777
9779 8616 9777
2456 9785 9787
9787 9779 2454
9785 2169 9779
9787 9785 9779
616 9753 9788
9788 9791 2457
9753 2447 9791
9788 9753 9791
2457 9793 9789
9789 9784 619
9793 2456 9784
9789 9793 9784
2447 9752 9786
9786 9783 2456
9752 550 9783
9786 9752 9783
2457 9791 9793
9793 9786 2456
9791 2447 9786
9793 9791 9786
157 10182 9758
9758 10184 2449
10182 2550 10184
9758 10182 10184
2449 10192 9759
9759 10190 617
10192 2552 10190
9759 10192 10190
2550 10183 10194
10194 10191 2552
10183 640 10191
10194 10183 10191
2449 10184 10192
10192 10194 2552
10184 2550 10194
10192 10184 10194
617 10130 9757
9757 10132 2448
10130 2538 10132
9757 10130 10132
2448 10126 9756
9756 10124 41
10126 2536 10124
9756 10126 10124
2538 10131 10133
10133 10125 2536
10131 637 10125
10133 10131 10125
2448 10132 10126
10126 10133 2536
10132 2538 10133
10126 10132 10133
640 10187 10201
10201 10204 2554
10187 2551 10204
10201 10187 10204
2554 10202 10200
10200 10129 637
10202 2537 10129
10200 10202 10129
2551 10186 10188
10188 10128 2537
10186 161 10128
10188 10186 10128
2554 10204 10202
10202 10188 2537
10204 2551 10188
10202 10204 10188
617 10190 10130
10130 10193 2538
10190 2552 10193
10130 10190 10193
2538 10203 10131
10131 10200 637
10203 2554 10200
10131 10203 10200
2552 10191 10205
10205 10201 2554
10191 640 10201
10205 10191 10201
2538 10193 10203
10203 10205 2554
10193 2552 10205
10203 10193 10205
142 8620 10138
10138 10140 2540
8620 2171 10140
10138 8620 10140
2540 10149 10139
10139 10146 638
10149 2542 10146
10139 10149 10146
2171 8621 10147
10147 10145 2542
8621 551 10145
10147 8621 10145
2540 10140 10149
10149 10147 2542
10140 2171 10147
10149 10140 10147
638 10155 10143
10143 10158 2541
10155 2544 10158
10143 10155 10158
2541 10144 10142
10142 10114 161
10144 2533 10114
10142 10144 10114
2544 10154 10156
10156 10115 2533
10154 636 10115
10156 10154 10115
2541 10158 10144
10144 10156 2533
10158 2544 10156
10144 10158 10156
551 8619 10116
10116 10118 2534
8619 2170 10118
10116 8619 10118
2534 10119 10117
10117 10111 636
10119 2532 10111
10117 10119 10111
2170 8618 10112
10112 10110 2532
8618 38 10110
10112 8618 10110
2534 10118 10119
10119 10112 2532
10118 2170 10112
10119 10118 10112
638 10146 10155
10155 10159 2544
10146 2542 10159
10155 10146 10159
2544 10157 10154
10154 10117 636
10157 2534 10117
10154 10157 10117
2542 10145 10148
10148 10116 2534
10145 551 10116
10148 10145 10116
2544 10159 10157
10157 10148 2534
10159 2542 10148
10157 10159 10148
157 9780 10182
10182 10185 2550
9780 2455 10185
10182 9780 10185
2550 10199 10183
10183 10196 640
10199 2553 10196
10183 10199 10196
2455 9781 10197
10197 10195 2553
9781 619 10195
10197 9781 10195
2550 10185 10199
10199 10197 2553
10185 2455 10197
10199 10185 10197
640 10207 10187
10187 10210 2551
10207 2555 10210
10187 10207 10210
2551 10189 10186
10186 10142 161
10189 2541 10142
10186 10189 10142
2555 10206 10208
10208 10143 2541
10206 638 10143
10208 10206 10143
2551 10210 10189
10189 10208 2541
10210 2555 10208
10189 10210 10208
619 9778 10150
10150 10152 2543
9778 2454 10152
10150 9778 10152
2543 10153 10151
10151 10139 638
10153 2540 10139
10151 10153 10139
2454 9777 10141
10141 10138 2540
9777 142 10138
10141 9777 10138
2543 10152 10153
10153 10141 2540
10152 2454 10141
10153 10152 10141
640 10196 10207
10207 10211 2555
10196 2553 10211
10207 10196 10211
2555 10209 10206
10206 10151 638
10209 2543 10151
10206 10209 10151
2553 10195 10198
10198 10150 2543
10195 619 10150
10198 10195 10150
2555 10211 10209
10209 10198 2543
10211 2553 10198
10209 10211 10198
41 9900 9704
9704 9902 2434
9900 2484 9902
9704 9900 9902
2434 9907 9705
9705 9905 613
9907 2486 9905
9705 9907 9905
2484 9901 9908
9908 9906 2486
9901 626 9906
9908 9901 9906
2434 9902 9907
9907 9908 2486
9902 2484 9908
9907 9902 9908
613 9956 9707
9707 9958 2435
9956 2498 9958
9707 9956 9958
2435 9950 9706
9706 9948 156
9950 2496 9948
9706 9950 9948
2498 9957 9960
9960 9949 2496
9957 629 9949
9960 9957 9949
2435 9958 9950
9950 9960 2496
9958 2498 9960
9950 9958 9960
626 9904 9966
9966 9968 2500
9904 2485 9968
9966 9904 9968
2500 9970 9967
9967 9953 629
9970 2497 9953
9967 9970 9953
2485 9903 9954
9954 9952 2497
9903 159 9952
9954 9903 9952
2500 9968 9970
9970 9954 2497
9968 2485 9954
9970 9968 9954
613 9905 9956
9956 9959 2498
9905 2486 9959
9956 9905 9959
2498 9971 9957
9957 9967 629
9971 2500 9967
9957 9971 9967
2486 9906 9969
9969 9966 2500
9906 626 9966
9969 9906 9966
2498 9959 9971
9971 9969 2500
9959 2486 9969
9971 9959 9969
156 9728 9694
9694 9730 2431
9728 2441 9730
9694 9728 9730
2431 9738 9695
9695 9736 612
9738 2443 9736
9695 9738 9736
2441 9729 9740
9740 9737 2443
9729 615 9737
9740 9729 9737
2431 9730 9738
9738 9740 2443
9730 2441 9740
9738 9730 9740
612 9701 9691
9691 9703 2430
9701 2433 9703
9691 9701 9703
2430 9693 9690
9690 7356 10
9693 1857 7356
9690 9693 7356
2433 9700 9702
9702 7357 1857
9700 474 7357
9702 9700 7357
2430 9703 9693
9693 9702 1857
9703 2433 9702
9693 9703 9702
615 9726 9732
9732 9735 2442
9726 2440 9735
9732 9726 9735
2442 9733 9731
9731 7359 474
9733 1858 7359
9731 9733 7359
2440 9725 9727
9727 7358 1858
9725 124 7358
9727 9725 7358
2442 9735 9733
9733 9727 1858
9735 2440 9727
9733 9735 9727
612 9736 9701
9701 9739 2433
9736 2443 9739
9701 9736 9739
2433 9734 9700
9700 9731 474
9734 2442 9731
9700 9734 9731
2443 9737 9741
9741 9732 2442
9737 615 9732
9741 9737 9732
2433 9739 9734
9734 9741 2442
9739 2443 9741
9734 9739 9741
159 9890 9913
9913 9915 2488
9890 2481 9915
9913 9890 9915
2488 9929 9914
9914 9926 627
9929 2491 9926
9914 9929 9926
2481 9891 9927
9927 9925 2491
9891 625 9925
9927 9891 9925
2488 9915 9929
9929 9927 2491
9915 2481 9927
9929 9915 9927
627 9917 9910
9910 9920 2487
9917 2489 9920
9910 9917 9920
2487 9911 9909
9909 7362 124
9911 1860 7362
9909 9911 7362
2489 9916 9918
9918 7363 1860
9916 475 7363
9918 9916 7363
2487 9920 9911
9911 9918 1860
9920 2489 9918
9911 9920 9918
625 9887 9893
9893 9895 2482
9887 2480 9895
9893 9887 9895
2482 9894 9892
9892 7361 475
9894 1859 7361
9892 9894 7361
2480 9886 9888
9888 7360 1859
9886 34 7360
9888 9886 7360
2482 9895 9894
9894 9888 1859
9895 2480 9888
9894 9895 9888
627 9926 9917
9917 9930 2489
9926 2491 9930
9917 9926 9930
2489 9919 9916
9916 9892 475
9919 2482 9892
9916 9919 9892
2491 9925 9928
9928 9893 2482
9925 625 9893
9928 9925 9893
2489 9930 9919
9919 9928 2482
9930 2491 9928
9919 9930 9928
156 9948 9728
9728 9951 2441
9948 2496 9951
9728 9948 9951
2441 9963 9729
9729 9961 615
9963 2499 9961
9729 9963 9961
2496 9949 9965
9965 9962 2499
9949 629 9962
9965 9949 9962
2441 9951 9963
9963 9965 2499
9951 2496 9965
9963 9951 9965
615 9921 9726
9726 9923 2440
9921 2490 9923
9726 9921 9923
2440 9912 9725
9725 9909 124
9912 2487 9909
9725 9912 9909
2490 9922 9924
9924 9910 2487
9922 627 9910
9924 9922 9910
2440 9923 9912
9912 9924 2487
9923 2490 9924
9912 9923 9924
629 9953 9973
9973 9976 2501
9953 2497 9976
9973 9953 9976
2501 9974 9972
9972 9914 627
9974 2488 9914
9972 9974 9914
2497 9952 9955
9955 9913 2488
9952 159 9913
9955 9952 9913
2501 9976 9974
9974 9955 2488
9976 2497 9955
9974 9976 9955
615 9961 9921
9921 9964 2490
9961 2499 9964
9921 9961 9964
2490 9975 9922
9922 9972 627
9975 2501 9972
9922 9975 9972
2499 9962 9977
9977 9973 2501
9962 629 9973
9977 9962 9973
2490 9964 9975
9975 9977 2501
9964 2499 9977
9975 9964 9977
38 8576 8701
8701 8703 2192
8576 2158 8703
8701 8576 8703
2192 8709 8702
8702 8707 557
8709 2194 8707
8702 8709 8707
2158 8577 8708
8708 8706 2194
8577 547 8706
8708 8577 8706
2192 8703 8709
8709 8708 2194
8703 2158 8708
8709 8703 8708
557 8750 8705
8705 8752 2193
8750 2204 8752
8705 8750 8752
2193 8738 8704
8704 8736 144
8738 2201 8736
8704 8738 8736
2204 8751 8754
8754 8737 2201
8751 559 8737
8754 8751 8737
2193 8752 8738
8738 8754 2201
8752 2204 8754
8738 8752 8754
547 8579 8740
8740 8742 2202
8579 2159 8742
8740 8579 8742
2202 8744 8741
8741 8733 559
8744 2200 8733
8741 8744 8733
2159 8578 8734
8734 8732 2200
8578 141 8732
8734 8578 8732
2202 8742 8744
8744 8734 2200
8742 2159 8734
8744 8742 8734
557 8707 8750
8750 8753 2204
8707 2194 8753
8750 8707 8753
2204 8755 8751
8751 8741 559
8755 2202 8741
8751 8755 8741
2194 8706 8743
8743 8740 2202
8706 547 8740
8743 8706 8740
2204 8753 8755
8755 8743 2202
8753 2194 8743
8755 8753 8743
144 8714 8695
8695 8716 2190
8714 2196 8716
8695 8714 8716
2190 8728 8696
8696 8726 556
8728 2199 8726
8696 8728 8726
2196 8715 8730
8730 8727 2199
8715 558 8727
8730 8715 8727
2190 8716 8728
8728 8730 2199
8716 2196 8730
8728 8716 8730
556 8698 8693
8693 8700 2189
8698 2191 8700
8693 8698 8700
2189 8694 8692
8692 7335 34
8694 1851 7335
8692 8694 7335
2191 8697 8699
8699 7336 1851
8697 472 7336
8699 8697 7336
2189 8700 8694
8694 8699 1851
8700 2191 8699
8694 8700 8699
558 8711 8718
8718 8721 2197
8711 2195 8721
8718 8711 8721
2197 8719 8717
8717 7338 472
8719 1852 7338
8717 8719 7338
2195 8710 8712
8712 7337 1852
8710 123 7337
8712 8710 7337
2197 8721 8719
8719 8712 1852
8721 2195 8712
8719 8721 8712
556 8726 8698
8698 8729 2191
8726 2199 8729
8698 8726 8729
2191 8720 8697
8697 8717 472
8720 2197 8717
8697 8720 8717
2199 8727 8731
8731 8718 2197
8727 558 8718
8731 8727 8718
2191 8729 8720
8720 8731 2197
8729 2199 8731
8720 8729 8731
141 8566 8600
8600 8602 2165
8566 2155 8602
8600 8566 8602
2165 8612 8601
8601 8609 549
8612 2167 8609
8601 8612 8609
2155 8567 8610
8610 8608 2167
8567 546 8608
8610 8567 8608
2165 8602 8612
8612 8610 2167
8602 2155 8610
8612 8602 8610
549 8604 8598
8598 8607 2164
8604 2166 8607
8598 8604 8607
2164 8599 8597
8597 7329 123
8599 1849 7329
8597 8599 7329
2166 8603 8605
8605 7330 1849
8603 471 7330
8605 8603 7330
2164 8607 8599
8599 8605 1849
8607 2166 8605
8599 8607 8605
546 8563 8573
8573 8575 2157
8563 2154 8575
8573 8563 8575
2157 8574 8572
8572 7327 471
8574 1848 7327
8572 8574 7327
2154 8562 8565
8565 7326 1848
8562 2 7326
8565 8562 7326
2157 8575 8574
8574 8565 1848
8575 2154 8565
8574 8575 8565
549 8609 8604
8604 8613 2166
8609 2167 8613
8604 8609 8613
2166 8606 8603
8603 8572 471
8606 2157 8572
8603 8606 8572
2167 8608 8611
8611 8573 2157
8608 546 8573
8611 8608 8573
2166 8613 8606
8606 8611 2157
8613 2167 8611
8606 8613 8611
144 8736 8714
8714 8739 2196
8736 2201 8739
8714 8736 8739
2196 8758 8715
8715 8756 558
8758 2205 8756
8715 8758 8756
2201 8737 8760
8760 8757 2205
8737 559 8757
8760 8737 8757
2196 8739 8758
8758 8760 2205
8739 2201 8760
8758 8739 8760
558 8723 8711
8711 8725 2195
8723 2198 8725
8711 8723 8725
2195 8713 8710
8710 8597 123
8713 2164 8597
8710 8713 8597
2198 8722 8724
8724 8598 2164
8722 549 8598
8724 8722 8598
2195 8725 8713
8713 8724 2164
8725 2198 8724
8713 8725 8724
559 8733 8746
8746 8749 2203
8733 2200 8749
8746 8733 8749
2203 8747 8745
8745 8601 549
8747 2165 8601
8745 8747 8601
2200 8732 8735
8735 8600 2165
8732 141 8600
8735 8732 8600
2203 8749 8747
8747 8735 2165
8749 2200 8735
8747 8749 8735
558 8756 8723
8723 8759 2198
8756 2205 8759
8723 8756 8759
2198 8748 8722
8722 8745 549
8748 2203 8745
8722 8748 8745
2205 8757 8761
8761 8746 2203
8757 559 8746
8761 8757 8746
2198 8759 8748
8748 8761 2203
8759 2205 8761
8748 8759 8761
41 10124 9900
9900 10127 2484
10124 2536 10127
9900 10124 10127
2484 10136 9901
9901 10134 626
10136 2539 10134
9901 10136 10134
2536 10125 10137
10137 10135 2539
10125 637 10135
10137 10125 10135
2484 10127 10136
10136 10137 2539
10127 2536 10137
10136 10127 10137
626 10220 9904
9904 10222 2485
10220 2558 10222
9904 10220 10222
2485 10214 9903
9903 10212 159
10214 2556 10212
9903 10214 10212
2558 10221 10224
10224 10213 2556
10221 641 10213
10224 10221 10213
2485 10222 10214
10214 10224 2556
10222 2558 10224
10214 10222 10224
637 10129 10230
10230 10232 2560
10129 2537 10232
10230 10129 10232
2560 10234 10231
10231 10217 641
10234 2557 10217
10231 10234 10217
2537 10128 10218
10218 10216 2557
10128 161 10216
10218 10128 10216
2560 10232 10234
10234 10218 2557
10232 2537 10218
10234 10232 10218
626 10134 10220
10220 10223 2558
10134 2539 10223
10220 10134 10223
2558 10235 10221
10221 10231 641
10235 2560 10231
10221 10235 10231
2539 10135 10233
10233 10230 2560
10135 637 10230
10233 10135 10230
2558 10223 10235
10235 10233 2560
10223 2539 10233
10235 10223 10233
159 9934 9890
9890 9936 2481
9934 2493 9936
9890 9934 9936
2481 9944 9891
9891 9942 625
9944 2495 9942
9891 9944 9942
2493 9935 9946
9946 9943 2495
9935 628 9943
9946 9935 9943
2481 9936 9944
9944 9946 2495
9936 2493 9946
9944 9936 9946
625 9897 9887
9887 9899 2480
9897 2483 9899
9887 9897 9899
2480 9889 9886
9886 8692 34
9889 2189 8692
9886 9889 8692
2483 9896 9898
9898 8693 2189
9896 556 8693
9898 9896 8693
2480 9899 9889
9889 9898 2189
9899 2483 9898
9889 9899 9898
628 9932 9938
9938 9941 2494
9932 2492 9941
9938 9932 9941
2494 9939 9937
9937 8696 556
9939 2190 8696
9937 9939 8696
2492 9931 9933
9933 8695 2190
9931 144 8695
9933 9931 8695
2494 9941 9939
9939 9933 2190
9941 2492 9933
9939 9941 9933
625 9942 9897
9897 9945 2483
9942 2495 9945
9897 9942 9945
2483 9940 9896
9896 9937 556
9940 2494 9937
9896 9940 9937
2495 9943 9947
9947 9938 2494
9943 628 9938
9947 9943 9938
2483 9945 9940
9940 9947 2494
9945 2495 9947
9940 9945 9947
161 10114 10164
10164 10166 2546
10114 2533 10166
10164 10114 10166
2546 10180 10165
10165 10177 639
10180 2549 10177
10165 10180 10177
2533 10115 10178
10178 10176 2549
10115 636 10176
10178 10115 10176
2546 10166 10180
10180 10178 2549
10166 2533 10178
10180 10166 10178
639 10168 10161
10161 10171 2545
10168 2547 10171
10161 10168 10171
2545 10162 10160
10160 8704 144
10162 2193 8704
10160 10162 8704
2547 10167 10169
10169 8705 2193
10167 557 8705
10169 10167 8705
2545 10171 10162
10162 10169 2193
10171 2547 10169
10162 10171 10169
636 10111 10121
10121 10123 2535
10111 2532 10123
10121 10111 10123
2535 10122 10120
10120 8702 557
10122 2192 8702
10120 10122 8702
2532 10110 10113
10113 8701 2192
10110 38 8701
10113 10110 8701
2535 10123 10122
10122 10113 2192
10123 2532 10113
10122 10123 10113
639 10177 10168
10168 10181 2547
10177 2549 10181
10168 10177 10181
2547 10170 10167
10167 10120 557
10170 2535 10120
10167 10170 10120
2549 10176 10179
10179 10121 2535
10176 636 10121
10179 10176 10121
2547 10181 10170
10170 10179 2535
10181 2549 10179
10170 10181 10179
159 10212 9934
9934 10215 2493
10212 2556 10215
9934 10212 10215
2493 10227 9935
9935 10225 628
10227 2559 10225
9935 10227 10225
2556 10213 10229
10229 10226 2559
10213 641 10226
10229 10213 10226
2493 10215 10227
10227 10229 2559
10215 2556 10229
10227 10215 10229
628 10172 9932
9932 10174 2492
10172 2548 10174
9932 10172 10174
2492 10163 9931
9931 10160 144
10163 2545 10160
9931 10163 10160
2548 10173 10175
10175 10161 2545
10173 639 10161
10175 10173 10161
2492 10174 10163
10163 10175 2545
10174 2548 10175
10163 10174 10175
641 10217 10237
10237 10240 2561
10217 2557 10240
10237 10217 10240
2561 10238 10236
10236 10165 639
10238 2546 10165
10236 10238 10165
2557 10216 10219
10219 10164 2546
10216 161 10164
10219 10216 10164
2561 10240 10238
10238 10219 2546
10240 2557 10219
10238 10240 10219
628 10225 10172
10172 10228 2548
10225 2559 10228
10172 10225 10228
2548 10239 10173
10173 10236 639
10239 2561 10236
10173 10239 10236
2559 10226 10241
10241 10237 2561
10226 641 10237
10241 10226 10237
2548 10228 10239
10239 10241 2561
10228 2559 10241
10239 10228 10241
10 7486 7862
7862 7865 1984
7486 1892 7865
7862 7486 7865
1984 7875 7863
7863 7873 506
7875 1987 7873
7863 7875 7873
1892 7487 7874
7874 7872 1987
7487 484 7872
7874 7487 7872
1984 7865 7875
7875 7874 1987
7865 1892 7874
7875 7865 7874
506 7908 7867
7867 7910 1985
7908 1997 7910
7867 7908 7910
1985 7902 7866
7866 7900 132
7902 1995 7900
7866 7902 7900
1997 7909 7912
7912 7901 1995
7909 509 7901
7912 7909 7901
1985 7910 7902
7902 7912 1995
7910 1997 7912
7902 7910 7912
484 7490 7903
7903 7905 1996
7490 1893 7905
7903 7490 7905
1996 7907 7904
7904 7898 509
7907 1994 7898
7904 7907 7898
1893 7489 7899
7899 7897 1994
7489 127 7897
7899 7489 7897
1996 7905 7907
7907 7899 1994
7905 1893 7899
7907 7905 7899
506 7873 7908
7908 7911 1997
7873 1987 7911
7908 7873 7911
1997 7913 7909
7909 7904 509
7913 1996 7904
7909 7913 7904
1987 7872 7906
7906 7903 1996
7872 484 7903
7906 7872 7903
1997 7911 7913
7913 7906 1996
7911 1987 7906
7913 7911 7906
132 8302 7878
7878 8304 1989
8302 2090 8304
7878 8302 8304
1989 8312 7879
7879 8310 507
8312 2092 8310
7879 8312 8310
2090 8303 8314
8314 8311 2092
8303 530 8311
8314 8303 8311
1989 8304 8312
8312 8314 2092
8304 2090 8314
8312 8304 8314
507 8250 7877
7877 8252 1988
8250 2078 8252
7877 8250 8252
1988 8246 7876
7876 8244 36
8246 2076 8244
7876 8246 8244
2078 8251 8253
8253 8245 2076
8251 527 8245
8253 8251 8245
1988 8252 8246
8246 8253 2076
8252 2078 8253
8246 8252 8253
530 8307 8321
8321 8324 2094
8307 2091 8324
8321 8307 8324
2094 8322 8320
8320 8249 527
8322 2077 8249
8320 8322 8249
2091 8306 8308
8308 8248 2077
8306 136 8248
8308 8306 8248
2094 8324 8322
8322 8308 2077
8324 2091 8308
8322 8324 8308
507 8310 8250
8250 8313 2078
8310 2092 8313
8250 8310 8313
2078 8323 8251
8251 8320 527
8323 2094 8320
8251 8323 8320
2092 8311 8325
8325 8321 2094
8311 530 8321
8325 8311 8321
2078 8313 8323
8323 8325 2094
8313 2092 8325
8323 8313 8325
127 7497 8258
8258 8260 2080
7497 1896 8260
8258 7497 8260
2080 8269 8259
8259 8266 528
8269 2082 8266
8259 8269 8266
1896 7498 8267
8267 8265 2082
7498 485 8265
8267 7498 8265
2080 8260 8269
8269 8267 2082
8260 1896 8267
8269 8260 8267
528 8275 8263
8263 8278 2081
8275 2084 8278
8263 8275 8278
2081 8264 8262
8262 8234 136
8264 2073 8234
8262 8264 8234
2084 8274 8276
8276 8235 2073
8274 526 8235
8276 8274 8235
2081 8278 8264
8264 8276 2073
8278 2084 8276
8264 8278 8276
485 7496 8236
8236 8238 2074
7496 1895 8238
8236 7496 8238
2074 8239 8237
8237 8231 526
8239 2072 8231
8237 8239 8231
1895 7495 8232
8232 8230 2072
7495 35 8230
8232 7495 8230
2074 8238 8239
8239 8232 2072
8238 1895 8232
8239 8238 8232
528 8266 8275
8275 8279 2084
8266 2082 8279
8275 8266 8279
2084 8277 8274
8274 8237 526
8277 2074 8237
8274 8277 8237
2082 8265 8268
8268 8236 2074
8265 485 8236
8268 8265 8236
2084 8279 8277
8277 8268 2074
8279 2082 8268
8277 8279 8268
132 7900 8302
8302 8305 2090
7900 1995 8305
8302 7900 8305
2090 8319 8303
8303 8316 530
8319 2093 8316
8303 8319 8316
1995 7901 8317
8317 8315 2093
7901 509 8315
8317 7901 8315
2090 8305 8319
8319 8317 2093
8305 1995 8317
8319 8305 8317
530 8327 8307
8307 8330 2091
8327 2095 8330
8307 8327 8330
2091 8309 8306
8306 8262 136
8309 2081 8262
8306 8309 8262
2095 8326 8328
8328 8263 2081
8326 528 8263
8328 8326 8263
2091 8330 8309
8309 8328 2081
8330 2095 8328
8309 8330 8328
509 7898 8270
8270 8272 2083
7898 1994 8272
8270 7898 8272
2083 8273 8271
8271 8259 528
8273 2080 8259
8271 8273 8259
1994 7897 8261
8261 8258 2080
7897 127 8258
8261 7897 8258
2083 8272 8273
8273 8261 2080
8272 1994 8261
8273 8272 8261
530 8316 8327
8327 8331 2095
8316 2093 8331
8327 8316 8331
2095 8329 8326
8326 8271 528
8329 2083 8271
8326 8329 8271
2093 8315 8318
8318 8270 2083
8315 509 8270
8318 8315 8270
2095 8331 8329
8329 8318 2083
8331 2093 8318
8329 8331 8318
36 8020 7824
7824 8022 1974
8020 2024 8022
7824 8020 8022
1974 8027 7825
7825 8025 503
8027 2026 8025
7825 8027 8025
2024 8021 8028
8028 8026 2026
8021 516 8026
8028 8021 8026
1974 8022 8027
8027 8028 2026
8022 2024 8028
8027 8022 8028
503 8076 7827
7827 8078 1975
8076 2038 8078
7827 8076 8078
1975 8070 7826
7826 8068 131
8070 2036 8068
7826 8070 8068
2038 8077 8080
8080 8069 2036
8077 519 8069
8080 8077 8069
1975 8078 8070
8070 8080 2036
8078 2038 8080
8070 8078 8080
516 8024 8086
8086 8088 2040
8024 2025 8088
8086 8024 8088
2040 8090 8087
8087 8073 519
8090 2037 8073
8087 8090 8073
2025 8023 8074
8074 8072 2037
8023 134 8072
8074 8023 8072
2040 8088 8090
8090 8074 2037
8088 2025 8074
8090 8088 8074
503 8025 8076
8076 8079 2038
8025 2026 8079
8076 8025 8079
2038 8091 8077
8077 8087 519
8091 2040 8087
8077 8091 8087
2026 8026 8089
8089 8086 2040
8026 516 8086
8089 8026 8086
2038 8079 8091
8091 8089 2040
8079 2026 8089
8091 8079 8089
131 7848 7814
7814 7850 1971
7848 1981 7850
7814 7848 7850
1971 7858 7815
7815 7856 502
7858 1983 7856
7815 7858 7856
1981 7849 7860
7860 7857 1983
7849 505 7857
7860 7849 7857
1971 7850 7858
7858 7860 1983
7850 1981 7860
7858 7850 7860
502 7821 7811
7811 7823 1970
7821 1973 7823
7811 7821 7823
1970 7813 7810
7810 4186 7
7813 1070 4186
7810 7813 4186
1973 7820 7822
7822 4187 1070
7820 280 4187
7822 7820 4187
1970 7823 7813
7813 7822 1070
7823 1973 7822
7813 7823 7822
505 7846 7852
7852 7855 1982
7846 1980 7855
7852 7846 7855
1982 7853 7851
7851 4189 280
7853 1071 4189
7851 7853 4189
1980 7845 7847
7847 4188 1071
7845 77 4188
7847 7845 4188
1982 7855 7853
7853 7847 1071
7855 1980 7847
7853 7855 7847
502 7856 7821
7821 7859 1973
7856 1983 7859
7821 7856 7859
1973 7854 7820
7820 7851 280
7854 1982 7851
7820 7854 7851
1983 7857 7861
7861 7852 1982
7857 505 7852
7861 7857 7852
1973 7859 7854
7854 7861 1982
7859 1983 7861
7854 7859 7861
134 8010 8033
8033 8035 2028
8010 2021 8035
8033 8010 8035
2028 8049 8034
8034 8046 517
8049 2031 8046
8034 8049 8046
2021 8011 8047
8047 8045 2031
8011 515 8045
8047 8011 8045
2028 8035 8049
8049 8047 2031
8035 2021 8047
8049 8035 8047
517 8037 8030
8030 8040 2027
8037 2029 8040
8030 8037 8040
2027 8031 8029
8029 4192 77
8031 1073 4192
8029 8031 4192
2029 8036 8038
8038 4193 1073
8036 281 4193
8038 8036 4193
2027 8040 8031
8031 8038 1073
8040 2029 8038
8031 8040 8038
515 8007 8013
8013 8015 2022
8007 2020 8015
8013 8007 8015
2022 8014 8012
8012 4191 281
8014 1072 4191
8012 8014 4191
2020 8006 8008
8008 4190 1072
8006 23 4190
8008 8006 4190
2022 8015 8014
8014 8008 1072
8015 2020 8008
8014 8015 8008
517 8046 8037
8037 8050 2029
8046 2031 8050
8037 8046 8050
2029 8039 8036
8036 8012 281
8039 2022 8012
8036 8039 8012
2031 8045 8048
8048 8013 2022
8045 515 8013
8048 8045 8013
2029 8050 8039
8039 8048 2022
8050 2031 8048
8039 8050 8048
131 8068 7848
7848 8071 1981
8068 2036 8071
7848 8068 8071
1981 8083 7849
7849 8081 505
8083 2039 8081
7849 8083 8081
2036 8069 8085
8085 8082 2039
8069 519 8082
8085 8069 8082
1981 8071 8083
8083 8085 2039
8071 2036 8085
8083 8071 8085
505 8041 7846
7846 8043 1980
8041 2030 8043
7846 8041 8043
1980 8032 7845
7845 8029 77
8032 2027 8029
7845 8032 8029
2030 8042 8044
8044 8030 2027
8042 517 8030
8044 8042 8030
1980 8043 8032
8032 8044 2027
8043 2030 8044
8032 8043 8044
519 8073 8093
8093 8096 2041
8073 2037 8096
8093 8073 8096
2041 8094 8092
8092 8034 517
8094 2028 8034
8092 8094 8034
2037 8072 8075
8075 8033 2028
8072 134 8033
8075 8072 8033
2041 8096 8094
8094 8075 2028
8096 2037 8075
8094 8096 8075
505 8081 8041
8041 8084 2030
8081 2039 8084
8041 8081 8084
2030 8095 8042
8042 8092 517
8095 2041 8092
8042 8095 8092
2039 8082 8097
8097 8093 2041
8082 519 8093
8097 8082 8093
2030 8084 8095
8095 8097 2041
8084 2039 8097
8095 8084 8097
35 7448 7617
7617 7619 1926
7448 1882 7619
7617 7448 7619
1926 7625 7618
7618 7623 493
7625 1928 7623
7618 7625 7623
1882 7449 7624
7624 7622 1928
7449 481 7622
7624 7449 7622
1926 7619 7625
7625 7624 1928
7619 1882 7624
7625 7619 7624
493 7666 7621
7621 7668 1927
7666 1938 7668
7621 7666 7668
1927 7654 7620
7620 7652 129
7654 1935 7652
7620 7654 7652
1938 7667 7670
7670 7653 1935
7667 495 7653
7670 7667 7653
1927 7668 7654
7654 7670 1935
7668 1938 7670
7654 7668 7670
481 7451 7656
7656 7658 1936
7451 1883 7658
7656 7451 7658
1936 7660 7657
7657 7649 495
7660 1934 7649
7657 7660 7649
1883 7450 7650
7650 7648 1934
7450 126 7648
7650 7450 7648
1936 7658 7660
7660 7650 1934
7658 1883 7650
7660 7658 7650
493 7623 7666
7666 7669 1938
7623 1928 7669
7666 7623 7669
1938 7671 7667
7667 7657 495
7671 1936 7657
7667 7671 7657
1928 7622 7659
7659 7656 1936
7622 481 7656
7659 7622 7656
1938 7669 7671
7671 7659 1936
7669 1928 7659
7671 7669 7659
129 7630 7611
7611 7632 1924
7630 1930 7632
7611 7630 7632
1924 7644 7612
7612 7642 492
7644 1933 7642
7612 7644 7642
1930 7631 7646
7646 7643 1933
7631 494 7643
7646 7631 7643
1924 7632 7644
7644 7646 1933
7632 1930 7646
7644 7632 7646
492 7614 7609
7609 7616 1923
7614 1925 7616
7609 7614 7616
1923 7610 7608
7608 4182 23
7610 1068 4182
7608 7610 4182
1925 7613 7615
7615 4183 1068
7613 279 4183
7615 7613 4183
1923 7616 7610
7610 7615 1068
7616 1925 7615
7610 7616 7615
494 7627 7634
7634 7637 1931
7627 1929 7637
7634 7627 7637
1931 7635 7633
7633 4185 279
7635 1069 4185
7633 7635 4185
1929 7626 7628
7628 4184 1069
7626 76 4184
7628 7626 4184
1931 7637 7635
7635 7628 1069
7637 1929 7628
7635 7637 7628
492 7642 7614
7614 7645 1925
7642 1933 7645
7614 7642 7645
1925 7636 7613
7613 7633 279
7636 1931 7633
7613 7636 7633
1933 7643 7647
7647 7634 1931
7643 494 7634
7647 7643 7634
1925 7645 7636
7636 7647 1931
7645 1933 7647
7636 7645 7647
126 7438 7472
7472 7474 1889
7438 1879 7474
7472 7438 7474
1889 7484 7473
7473 7481 483
7484 1891 7481
7473 7484 7481
1879 7439 7482
7482 7480 1891
7439 480 7480
7482 7439 7480
1889 7474 7484
7484 7482 1891
7474 1879 7482
7484 7474 7482
483 7476 7470
7470 7479 1888
7476 1890 7479
7470 7476 7479
1888 7471 7469
7469 4180 76
7471 1067 4180
7469 7471 4180
1890 7475 7477
7477 4181 1067
7475 278 4181
7477 7475 4181
1888 7479 7471
7471 7477 1067
7479 1890 7477
7471 7479 7477
480 7435 7445
7445 7447 1881
7435 1878 7447
7445 7435 7447
1881 7446 7444
7444 4179 278
7446 1066 4179
7444 7446 4179
1878 7434 7437
7437 4178 1066
7434 6 4178
7437 7434 4178
1881 7447 7446
7446 7437 1066
7447 1878 7437
7446 7447 7437
483 7481 7476
7476 7485 1890
7481 1891 7485
7476 7481 7485
1890 7478 7475
7475 7444 278
7478 1881 7444
7475 7478 7444
1891 7480 7483
7483 7445 1881
7480 480 7445
7483 7480 7445
1890 7485 7478
7478 7483 1881
7485 1891 7483
7478 7485 7483
129 7652 7630
7630 7655 1930
7652 1935 7655
7630 7652 7655
1930 7674 7631
7631 7672 494
7674 1939 7672
7631 7674 7672
1935 7653 7676
7676 7673 1939
7653 495 7673
7676 7653 7673
1930 7655 7674
7674 7676 1939
7655 1935 7676
7674 7655 7676
494 7639 7627
7627 7641 1929
7639 1932 7641
7627 7639 7641
1929 7629 7626
7626 7469 76
7629 1888 7469
7626 7629 7469
1932 7638 7640
7640 7470 1888
7638 483 7470
7640 7638 7470
1929 7641 7629
7629 7640 1888
7641 1932 7640
7629 7641 7640
495 7649 7662
7662 7665 1937
7649 1934 7665
7662 7649 7665
1937 7663 7661
7661 7473 483
7663 1889 7473
7661 7663 7473
1934 7648 7651
7651 7472 1889
7648 126 7472
7651 7648 7472
1937 7665 7663
7663 7651 1889
7665 1934 7651
7663 7665 7651
494 7672 7639
7639 7675 1932
7672 1939 7675
7639 7672 7675
1932 7664 7638
7638 7661 483
7664 1937 7661
7638 7664 7661
1939 7673 7677
7677 7662 1937
7673 495 7662
7677 7673 7662
1932 7675 7664
7664 7677 1937
7675 1939 7677
7664 7675 7677
36 8244 8020
8020 8247 2024
8244 2076 8247
8020 8244 8247
2024 8256 8021
8021 8254 516
8256 2079 8254
8021 8256 8254
2076 8245 8257
8257 8255 2079
8245 527 8255
8257 8245 8255
2024 8247 8256
8256 8257 2079
8247 2076 8257
8256 8247 8257
516 8340 8024
8024 8342 2025
8340 2098 8342
8024 8340 8342
2025 8334 8023
8023 8332 134
8334 2096 8332
8023 8334 8332
2098 8341 8344
8344 8333 2096
8341 531 8333
8344 8341 8333
2025 8342 8334
8334 8344 2096
8342 2098 8344
8334 8342 8344
527 8249 8350
8350 8352 2100
8249 2077 8352
8350 8249 8352
2100 8354 8351
8351 8337 531
8354 2097 8337
8351 8354 8337
2077 8248 8338
8338 8336 2097
8248 136 8336
8338 8248 8336
2100 8352 8354
8354 8338 2097
8352 2077 8338
8354 8352 8338
516 8254 8340
8340 8343 2098
8254 2079 8343
8340 8254 8343
2098 8355 8341
8341 8351 531
8355 2100 8351
8341 8355 8351
2079 8255 8353
8353 8350 2100
8255 527 8350
8353 8255 8350
2098 8343 8355
8355 8353 2100
8343 2079 8353
8355 8343 8353
134 8054 8010
8010 8056 2021
8054 2033 8056
8010 8054 8056
2021 8064 8011
8011 8062 515
8064 2035 8062
8011 8064 8062
2033 8055 8066
8066 8063 2035
8055 518 8063
8066 8055 8063
2021 8056 8064
8064 8066 2035
8056 2033 8066
8064 8056 8066
515 8017 8007
8007 8019 2020
8017 2023 8019
8007 8017 8019
2020 8009 8006
8006 7608 23
8009 1923 7608
8006 8009 7608
2023 8016 8018
8018 7609 1923
8016 492 7609
8018 8016 7609
2020 8019 8009
8009 8018 1923
8019 2023 8018
8009 8019 8018
518 8052 8058
8058 8061 2034
8052 2032 8061
8058 8052 8061
2034 8059 8057
8057 7612 492
8059 1924 7612
8057 8059 7612
2032 8051 8053
8053 7611 1924
8051 129 7611
8053 8051 7611
2034 8061 8059
8059 8053 1924
8061 2032 8053
8059 8061 8053
515 8062 8017
8017 8065 2023
8062 2035 8065
8017 8062 8065
2023 8060 8016
8016 8057 492
8060 2034 8057
8016 8060 8057
2035 8063 8067
8067 8058 2034
8063 518 8058
8067 8063 8058
2023 8065 8060
8060 8067 2034
8065 2035 8067
8060 8065 8067
136 8234 8284
8284 8286 2086
8234 2073 8286
8284 8234 8286
2086 8300 8285
8285 8297 529
8300 2089 8297
8285 8300 8297
2073 8235 8298
8298 8296 2089
8235 526 8296
8298 8235 8296
2086 8286 8300
8300 8298 2089
8286 2073 8298
8300 8286 8298
529 8288 8281
8281 8291 2085
8288 2087 8291
8281 8288 8291
2085 8282 8280
8280 7620 129
8282 1927 7620
8280 8282 7620
2087 8287 8289
8289 7621 1927
8287 493 7621
8289 8287 7621
2085 8291 8282
8282 8289 1927
8291 2087 8289
8282 8291 8289
526 8231 8241
8241 8243 2075
8231 2072 8243
8241 8231 8243
2075 8242 8240
8240 7618 493
8242 1926 7618
8240 8242 7618
2072 8230 8233
8233 7617 1926
8230 35 7617
8233 8230 7617
2075 8243 8242
8242 8233 1926
8243 2072 8233
8242 8243 8233
529 8297 8288
8288 8301 2087
8297 2089 8301
8288 8297 8301
2087 8290 8287
8287 8240 493
8290 2075 8240
8287 8290 8240
2089 8296 8299
8299 8241 2075
8296 526 8241
8299 8296 8241
2087 8301 8290
8290 8299 2075
8301 2089 8299
8290 8301 8299
134 8332 8054
8054 8335 2033
8332 2096 8335
8054 8332 8335
2033 8347 8055
8055 8345 518
8347 2099 8345
8055 8347 8345
2096 8333 8349
8349 8346 2099
8333 531 8346
8349 8333 8346
2033 8335 8347
8347 8349 2099
8335 2096 8349
8347 8335 8349
518 8292 8052
8052 8294 2032
8292 2088 8294
8052 8292 8294
2032 8283 8051
8051 8280 129
8283 2085 8280
8051 8283 8280
2088 8293 8295
8295 8281 2085
8293 529 8281
8295 8293 8281
2032 8294 8283
8283 8295 2085
8294 2088 8295
8283 8294 8295
531 8337 8357
8357 8360 2101
8337 2097 8360
8357 8337 8360
2101 8358 8356
8356 8285 529
8358 2086 8285
8356 8358 8285
2097 8336 8339
8339 8284 2086
8336 136 8284
8339 8336 8284
2101 8360 8358
8358 8339 2086
8360 2097 8339
8358 8360 8339
518 8345 8292
8292 8348 2088
8345 2099 8348
8292 8345 8348
2088 8359 8293
8293 8356 529
8359 2101 8356
8293 8359 8356
2099 8346 8361
8361 8357 2101
8346 531 8357
8361 8346 8357
2088 8348 8359
8359 8361 2101
8348 2099 8361
8359 8348 8361
7 4786 3924
3924 4788 1005
4786 1226 4788
3924 4786 4788
1005 4794 3925
3925 4792 264
4794 1228 4792
3925 4794 4792
1226 4787 4795
4795 4793 1228
4787 322 4793
4795 4787 4793
1005 4788 4794
4794 4795 1228
4788 1226 4795
4794 4788 4795
264 4810 3928
3928 4812 1006
4810 1234 4812
3928 4810 4812
1006 4806 3927
3927 4804 73
4806 1232 4804
3927 4806 4804
1234 4811 4814
4814 4805 1232
4811 324 4805
4814 4811 4805
1006 4812 4806
4806 4814 1232
4812 1234 4814
4806 4812 4814
322 4791 4815
4815 4817 1235
4791 1227 4817
4815 4791 4817
1235 4819 4816
4816 4808 324
4819 1233 4808
4816 4819 4808
1227 4790 4809
4809 4807 1233
4790 89 4807
4809 4790 4807
1235 4817 4819
4819 4809 1233
4817 1227 4809
4819 4817 4809
264 4792 4810
4810 4813 1234
4792 1228 4813
4810 4792 4813
1234 4820 4811
4811 4816 324
4820 1235 4816
4811 4820 4816
1228 4793 4818
4818 4815 1235
4793 322 4815
4818 4793 4815
1234 4813 4820
4820 4818 1235
4813 1228 4818
4820 4813 4818
73 4913 3935
3935 4915 1009
4913 1261 4915
3935 4913 4915
1009 4922 3936
3936 4920 265
4922 1263 4920
3936 4922 4920
1261 4914 4924
4924 4921 1263
4914 332 4921
4924 4914 4921
1009 4915 4922
4922 4924 1263
4915 1261 4924
4922 4915 4924
265 4896 3934
3934 4898 1008
4896 1256 4898
3934 4896 4898
1008 4892 3933
3933 4890 22
4892 1254 4890
3933 4892 4890
1256 4897 4899
4899 4891 1254
4897 330 4891
4899 4897 4891
1008 4898 4892
4892 4899 1254
4898 1256 4899
4892 4898 4899
332 4918 4930
4930 4933 1265
4918 1262 4933
4930 4918 4933
1265 4931 4929
4929 4895 330
4931 1255 4895
4929 4931 4895
1262 4917 4919
4919 4894 1255
4917 91 4894
4919 4917 4894
1265 4933 4931
4931 4919 1255
4933 1262 4919
4931 4933 4919
265 4920 4896
4896 4923 1256
4920 1263 4923
4896 4920 4923
1256 4932 4897
4897 4929 330
4932 1265 4929
4897 4932 4929
1263 4921 4934
4934 4930 1265
4921 332 4930
4934 4921 4930
1256 4923 4932
4932 4934 1265
4923 1263 4934
4932 4923 4934
89 4802 4952
4952 4954 1270
4802 1231 4954
4952 4802 4954
1270 4964 4953
4953 4961 334
4964 1272 4961
4953 4964 4961
1231 4803 4962
4962 4960 1272
4803 323 4960
4962 4803 4960
1270 4954 4964
4964 4962 1272
4954 1231 4962
4964 4954 4962
334 4971 4957
4957 4974 1271
4971 1274 4974
4957 4971 4974
1271 4958 4956
4956 4907 91
4958 1259 4907
4956 4958 4907
1274 4970 4972
4972 4908 1259
4970 331 4908
4972 4970 4908
1271 4974 4958
4958 4972 1259
4974 1274 4972
4958 4974 4972
323 4801 4909
4909 4911 1260
4801 1230 4911
4909 4801 4911
1260 4912 4910
4910 4905 331
4912 1258 4905
4910 4912 4905
1230 4800 4906
4906 4904 1258
4800 27 4904
4906 4800 4904
1260 4911 4912
4912 4906 1258
4911 1230 4906
4912 4911 4906
334 4961 4971
4971 4975 1274
4961 1272 4975
4971 4961 4975
1274 4973 4970
4970 4910 331
4973 1260 4910
4970 4973 4910
1272 4960 4963
4963 4909 1260
4960 323 4909
4963 4960 4909
1274 4975 4973
4973 4963 1260
4975 1272 4963
4973 4975 4963
73 4804 4913
4913 4916 1261
4804 1232 4916
4913 4804 4916
1261 4928 4914
4914 4926 332
4928 1264 4926
4914 4928 4926
1232 4805 4927
4927 4925 1264
4805 324 4925
4927 4805 4925
1261 4916 4928
4928 4927 1264
4916 1232 4927
4928 4916 4927
332 4976 4918
4918 4978 1262
4976 1275 4978
4918 4976 4978
1262 4959 4917
4917 4956 91
4959 1271 4956
4917 4959 4956
1275 4977 4980
4980 4957 1271
4977 334 4957
4980 4977 4957
1262 4978 4959
4959 4980 1271
4978 1275 4980
4959 4978 4980
324 4808 4965
4965 4967 1273
4808 1233 4967
4965 4808 4967
1273 4969 4966
4966 4953 334
4969 1270 4953
4966 4969 4953
1233 4807 4955
4955 4952 1270
4807 89 4952
4955 4807 4952
1273 4967 4969
4969 4955 1270
4967 1233 4955
4969 4967 4955
332 4926 4976
4976 4979 1275
4926 1264 4979
4976 4926 4979
1275 4981 4977
4977 4966 334
4981 1273 4966
4977 4981 4966
1264 4925 4968
4968 4965 1273
4925 324 4965
4968 4925 4965
1275 4979 4981
4981 4968 1273
4979 1264 4968
4981 4979 4968
22 4232 3903
3903 4234 999
4232 1087 4234
3903 4232 4234
999 4239 3904
3904 4237 262
4239 1089 4237
3904 4239 4237
1087 4233 4240
4240 4238 1089
4233 287 4238
4240 4233 4238
999 4234 4239
4239 4240 1089
4234 1087 4240
4239 4234 4240
262 4257 3906
3906 4259 1000
4257 1095 4259
3906 4257 4259
1000 4252 3905
3905 4250 72
4252 1093 4250
3905 4252 4250
1095 4258 4261
4261 4251 1093
4258 289 4251
4261 4258 4251
1000 4259 4252
4252 4261 1093
4259 1095 4261
4252 4259 4261
287 4236 4266
4266 4268 1097
4236 1088 4268
4266 4236 4268
1097 4270 4267
4267 4255 289
4270 1094 4255
4267 4270 4255
1088 4235 4256
4256 4254 1094
4235 80 4254
4256 4235 4254
1097 4268 4270
4270 4256 1094
4268 1088 4256
4270 4268 4256
262 4237 4257
4257 4260 1095
4237 1089 4260
4257 4237 4260
1095 4271 4258
4258 4267 289
4271 1097 4267
4258 4271 4267
1089 4238 4269
4269 4266 1097
4238 287 4266
4269 4238 4266
1095 4260 4271
4271 4269 1097
4260 1089 4269
4271 4260 4269
72 4207 3897
3897 4209 997
4207 1079 4209
3897 4207 4209
997 4215 3898
3898 4213 261
4215 1081 4213
3898 4215 4213
1079 4208 4217
4217 4214 1081
4208 284 4214
4217 4208 4214
997 4209 4215
4215 4217 1081
4209 1079 4217
4215 4209 4217
261 4199 3895
3895 4201 996
4199 1076 4201
3895 4199 4201
996 4196 3894
3894 4194 1
4196 1074 4194
3894 4196 4194
1076 4200 4202
4202 4195 1074
4200 282 4195
4202 4200 4195
996 4201 4196
4196 4202 1074
4201 1076 4202
4196 4201 4202
284 4211 4219
4219 4222 1082
4211 1080 4222
4219 4211 4222
1082 4220 4218
4218 4198 282
4220 1075 4198
4218 4220 4198
1080 4210 4212
4212 4197 1075
4210 78 4197
4212 4210 4197
1082 4222 4220
4220 4212 1075
4222 1080 4212
4220 4222 4212
261 4213 4199
4199 4216 1076
4213 1081 4216
4199 4213 4216
1076 4221 4200
4200 4218 282
4221 1082 4218
4200 4221 4218
1081 4214 4223
4223 4219 1082
4214 284 4219
4223 4214 4219
1076 4216 4221
4221 4223 1082
4216 1081 4223
4221 4216 4223
80 4244 4276
4276 4278 1099
4244 1091 4278
4276 4244 4278
1099 4294 4277
4277 4291 290
4294 1102 4291
4277 4294 4291
1091 4245 4292
4292 4290 1102
4245 288 4290
4292 4245 4290
1099 4278 4294
4294 4292 1102
4278 1091 4292
4294 4278 4292
290 4281 4273
4273 4284 1098
4281 1100 4284
4273 4281 4284
1098 4274 4272
4272 4205 78
4274 1078 4205
4272 4274 4205
1100 4280 4282
4282 4206 1078
4280 283 4206
4282 4280 4206
1098 4284 4274
4274 4282 1078
4284 1100 4282
4274 4284 4282
288 4242 4247
4247 4249 1092
4242 1090 4249
4247 4242 4249
1092 4248 4246
4246 4204 283
4248 1077 4204
4246 4248 4204
1090 4241 4243
4243 4203 1077
4241 24 4203
4243 4241 4203
1092 4249 4248
4248 4243 1077
4249 1090 4243
4248 4249 4243
290 4291 4281
4281 4295 1100
4291 1102 4295
4281 4291 4295
1100 4283 4280
4280 4246 283
4283 1092 4246
4280 4283 4246
1102 4290 4293
4293 4247 1092
4290 288 4247
4293 4290 4247
1100 4295 4283
4283 4293 1092
4295 1102 4293
4283 4295 4293
72 4250 4207
4207 4253 1079
4250 1093 4253
4207 4250 4253
1079 4264 4208
4208 4262 284
4264 1096 4262
4208 4264 4262
1093 4251 4265
4265 4263 1096
4251 289 4263
4265 4251 4263
1079 4253 4264
4264 4265 1096
4253 1093 4265
4264 4253 4265
284 4285 4211
4211 4287 1080
4285 1101 4287
4211 4285 4287
1080 4275 4210
4210 4272 78
4275 1098 4272
4210 4275 4272
1101 4286 4289
4289 4273 1098
4286 290 4273
4289 4286 4273
1080 4287 4275
4275 4289 1098
4287 1101 4289
4275 4287 4289
289 4255 4296
4296 4298 1103
4255 1094 4298
4296 4255 4298
1103 4300 4297
4297 4277 290
4300 1099 4277
4297 4300 4277
1094 4254 4279
4279 4276 1099
4254 80 4276
4279 4254 4276
1103 4298 4300
4300 4279 1099
4298 1094 4279
4300 4298 4279
284 4262 4285
4285 4288 1101
4262 1096 4288
4285 4262 4288
1101 4301 4286
4286 4297 290
4301 1103 4297
4286 4301 4297
1096 4263 4299
4299 4296 1103
4263 289 4296
4299 4263 4296
1101 4288 4301
4301 4299 1103
4288 1096 4299
4301 4288 4299
27 4852 5088
5088 5090 1302
4852 1244 5090
5088 4852 5090
1302 5097 5089
5089 5095 341
5097 1304 5095
5089 5097 5095
1244 4853 5096
5096 5094 1304
4853 327 5094
5096 4853 5094
1302 5090 5097
5097 5096 1304
5090 1244 5096
5097 5090 5096
341 5164 5093
5093 5166 1303
5164 1320 5166
5093 5164 5166
1303 5152 5092
5092 5150 93
5152 1317 5150
5092 5152 5150
1320 5165 5168
5168 5151 1317
5165 344 5151
5168 5165 5151
1303 5166 5152
5152 5168 1317
5166 1320 5168
5152 5166 5168
327 4855 5154
5154 5156 1318
4855 1245 5156
5154 4855 5156
1318 5158 5155
5155 5147 344
5158 1316 5147
5155 5158 5147
1245 4854 5148
5148 5146 1316
4854 90 5146
5148 4854 5146
1318 5156 5158
5158 5148 1316
5156 1245 5148
5158 5156 5148
341 5095 5164
5164 5167 1320
5095 1304 5167
5164 5095 5167
1320 5169 5165
5165 5155 344
5169 1318 5155
5165 5169 5155
1304 5094 5157
5157 5154 1318
5094 327 5154
5157 5094 5154
1320 5167 5169
5169 5157 1318
5167 1304 5157
5169 5167 5157
93 5106 5078
5078 5108 1299
5106 1307 5108
5078 5106 5108
1299 5120 5079
5079 5118 340
5120 1310 5118
5079 5120 5118
1307 5107 5122
5122 5119 1310
5107 342 5119
5122 5107 5119
1299 5108 5120
5120 5122 1310
5108 1307 5122
5120 5108 5122
340 5081 5075
5075 5083 1298
5081 1300 5083
5075 5081 5083
1298 5076 5074
5074 4228 24
5076 1085 4228
5074 5076 4228
1300 5080 5082
5082 4229 1085
5080 286 4229
5082 5080 4229
1298 5083 5076
5076 5082 1085
5083 1300 5082
5076 5083 5082
342 5103 5110
5110 5113 1308
5103 1306 5113
5110 5103 5113
1308 5111 5109
5109 4231 286
5111 1086 4231
5109 5111 4231
1306 5102 5104
5104 4230 1086
5102 79 4230
5104 5102 4230
1308 5113 5111
5111 5104 1086
5113 1306 5104
5111 5113 5104
340 5118 5081
5081 5121 1300
5118 1310 5121
5081 5118 5121
1300 5112 5080
5080 5109 286
5112 1308 5109
5080 5112 5109
1310 5119 5123
5123 5110 1308
5119 342 5110
5123 5119 5110
1300 5121 5112
5112 5123 1308
5121 1310 5123
5112 5121 5123
90 4842 4859
4859 4861 1247
4842 1241 4861
4859 4842 4861
1247 4871 4860
4860 4868 328
4871 1249 4868
4860 4871 4868
1241 4843 4869
4869 4867 1249
4843 326 4867
4869 4843 4867
1247 4861 4871
4871 4869 1249
4861 1241 4869
4871 4861 4869
328 4863 4857
4857 4866 1246
4863 1248 4866
4857 4863 4866
1246 4858 4856
4856 4226 79
4858 1084 4226
4856 4858 4226
1248 4862 4864
4864 4227 1084
4862 285 4227
4864 4862 4227
1246 4866 4858
4858 4864 1084
4866 1248 4864
4858 4866 4864
326 4839 4845
4845 4847 1242
4839 1240 4847
4845 4839 4847
1242 4846 4844
4844 4225 285
4846 1083 4225
4844 4846 4225
1240 4838 4840
4840 4224 1083
4838 8 4224
4840 4838 4224
1242 4847 4846
4846 4840 1083
4847 1240 4840
4846 4847 4840
328 4868 4863
4863 4872 1248
4868 1249 4872
4863 4868 4872
1248 4865 4862
4862 4844 285
4865 1242 4844
4862 4865 4844
1249 4867 4870
4870 4845 1242
4867 326 4845
4870 4867 4845
1248 4872 4865
4865 4870 1242
4872 1249 4870
4865 4872 4870
93 5150 5106
5106 5153 1307
5150 1317 5153
5106 5150 5153
1307 5172 5107
5107 5170 342
5172 1321 5170
5107 5172 5170
1317 5151 5174
5174 5171 1321
5151 344 5171
5174 5151 5171
1307 5153 5172
5172 5174 1321
5153 1317 5174
5172 5153 5174
342 5115 5103
5103 5117 1306
5115 1309 5117
5103 5115 5117
1306 5105 5102
5102 4856 79
5105 1246 4856
5102 5105 4856
1309 5114 5116
5116 4857 1246
5114 328 4857
5116 5114 4857
1306 5117 5105
5105 5116 1246
5117 1309 5116
5105 5117 5116
344 5147 5160
5160 5163 1319
5147 1316 5163
5160 5147 5163
1319 5161 5159
5159 4860 328
5161 1247 4860
5159 5161 4860
1316 5146 5149
5149 4859 1247
5146 90 4859
5149 5146 4859
1319 5163 5161
5161 5149 1247
5163 1316 5149
5161 5163 5149
342 5170 5115
5115 5173 1309
5170 1321 5173
5115 5170 5173
1309 5162 5114
5114 5159 328
5162 1319 5159
5114 5162 5159
1321 5171 5175
5175 5160 1319
5171 344 5160
5175 5171 5160
1309 5173 5162
5162 5175 1319
5173 1321 5175
5162 5173 5175
22 4890 4232
4232 4893 1087
4890 1254 4893
4232 4890 4893
1087 4902 4233
4233 4900 287
4902 1257 4900
4233 4902 4900
1254 4891 4903
4903 4901 1257
4891 330 4901
4903 4891 4901
1087 4893 4902
4902 4903 1257
4893 1254 4903
4902 4893 4903
287 4941 4236
4236 4943 1088
4941 1268 4943
4236 4941 4943
1088 4937 4235
4235 4935 80
4937 1266 4935
4235 4937 4935
1268 4942 4945
4945 4936 1266
4942 333 4936
4945 4942 4936
1088 4943 4937
4937 4945 1266
4943 1268 4945
4937 4943 4945
330 4895 4946
4946 4948 1269
4895 1255 4948
4946 4895 4948
1269 4950 4947
4947 4939 333
4950 1267 4939
4947 4950 4939
1255 4894 4940
4940 4938 1267
4894 91 4938
4940 4894 4938
1269 4948 4950
4950 4940 1267
4948 1255 4940
4950 4948 4940
287 4900 4941
4941 4944 1268
4900 1257 4944
4941 4900 4944
1268 4951 4942
4942 4947 333
4951 1269 4947
4942 4951 4947
1257 4901 4949
4949 4946 1269
4901 330 4946
4949 4901 4946
1268 4944 4951
4951 4949 1269
4944 1257 4949
4951 4944 4949
80 5124 4244
4244 5126 1091
5124 1311 5126
4244 5124 5126
1091 5133 4245
4245 5131 288
5133 1313 5131
4245 5133 5131
1311 5125 5135
5135 5132 1313
5125 343 5132
5135 5125 5132
1091 5126 5133
5133 5135 1313
5126 1311 5135
5133 5126 5135
288 5084 4242
4242 5086 1090
5084 1301 5086
4242 5084 5086
1090 5077 4241
4241 5074 24
5077 1298 5074
4241 5077 5074
1301 5085 5087
5087 5075 1298
5085 340 5075
5087 5085 5075
1090 5086 5077
5077 5087 1298
5086 1301 5087
5077 5086 5087
343 5129 5141
5141 5144 1315
5129 1312 5144
5141 5129 5144
1315 5142 5140
5140 5079 340
5142 1299 5079
5140 5142 5079
1312 5128 5130
5130 5078 1299
5128 93 5078
5130 5128 5078
1315 5144 5142
5142 5130 1299
5144 1312 5130
5142 5144 5130
288 5131 5084
5084 5134 1301
5131 1313 5134
5084 5131 5134
1301 5143 5085
5085 5140 340
5143 1315 5140
5085 5143 5140
1313 5132 5145
5145 5141 1315
5132 343 5141
5145 5132 5141
1301 5134 5143
5143 5145 1315
5134 1313 5145
5143 5134 5145
91 4907 5176
5176 5178 1322
4907 1259 5178
5176 4907 5178
1322 5188 5177
5177 5185 345
5188 1324 5185
5177 5188 5185
1259 4908 5186
5186 5184 1324
4908 331 5184
5186 4908 5184
1322 5178 5188
5188 5186 1324
5178 1259 5186
5188 5178 5186
345 5195 5181
5181 5198 1323
5195 1326 5198
5181 5195 5198
1323 5182 5180
5180 5092 93
5182 1303 5092
5180 5182 5092
1326 5194 5196
5196 5093 1303
5194 341 5093
5196 5194 5093
1323 5198 5182
5182 5196 1303
5198 1326 5196
5182 5198 5196
331 4905 5098
5098 5100 1305
4905 1258 5100
5098 4905 5100
1305 5101 5099
5099 5089 341
5101 1302 5089
5099 5101 5089
1258 4904 5091
5091 5088 1302
4904 27 5088
5091 4904 5088
1305 5100 5101
5101 5091 1302
5100 1258 5091
5101 5100 5091
345 5185 5195
5195 5199 1326
5185 1324 5199
5195 5185 5199
1326 5197 5194
5194 5099 341
5197 1305 5099
5194 5197 5099
1324 5184 5187
5187 5098 1305
5184 331 5098
5187 5184 5098
1326 5199 5197
5197 5187 1305
5199 1324 5187
5197 5199 5187
80 4935 5124
5124 5127 1311
4935 1266 5127
5124 4935 5127
1311 5139 5125
5125 5137 343
5139 1314 5137
5125 5139 5137
1266 4936 5138
5138 5136 1314
4936 333 5136
5138 4936 5136
1311 5127 5139
5139 5138 1314
5127 1266 5138
5139 5127 5138
343 5200 5129
5129 5202 1312
5200 1327 5202
5129 5200 5202
1312 5183 5128
5128 5180 93
5183 1323 5180
5128 5183 5180
1327 5201 5204
5204 5181 1323
5201 345 5181
5204 5201 5181
1312 5202 5183
5183 5204 1323
5202 1327 5204
5183 5202 5204
333 4939 5189
5189 5191 1325
4939 1267 5191
5189 4939 5191
1325 5193 5190
5190 5177 345
5193 1322 5177
5190 5193 5177
1267 4938 5179
5179 5176 1322
4938 91 5176
5179 4938 5176
1325 5191 5193
5193 5179 1322
5191 1267 5179
5193 5191 5179
343 5137 5200
5200 5203 1327
5137 1314 5203
5200 5137 5203
1327 5205 5201
5201 5190 345
5205 1325 5190
5201 5205 5190
1314 5136 5192
5192 5189 1325
5136 333 5189
5192 5136 5189
1327 5203 5205
5205 5192 1325
5203 1314 5192
5205 5203 5192
3 2702 5538
5538 5540 1410
2702 688 5540
5538 2702 5540
1410 5547 5539
5539 5545 366
5547 1412 5545
5539 5547 5545
688 2703 5546
5546 5544 1412
2703 179 5544
5546 2703 5544
1410 5540 5547
5547 5546 1412
5540 688 5546
5547 5540 5546
366 5567 5543
5543 5569 1411
5567 1419 5569
5543 5567 5569
1411 5561 5542
5542 5559 99
5561 1417 5559
5542 5561 5559
1419 5568 5571
5571 5560 1417
5568 368 5560
5571 5568 5560
1411 5569 5561
5561 5571 1417
5569 1419 5571
5561 5569 5571
179 2706 5562
5562 5564 1418
2706 689 5564
5562 2706 5564
1418 5566 5563
5563 5557 368
5566 1416 5557
5563 5566 5557
689 2705 5558
5558 5556 1416
2705 49 5556
5558 2705 5556
1418 5564 5566
5566 5558 1416
5564 689 5558
5566 5564 5558
366 5545 5567
5567 5570 1419
5545 1412 5570
5567 5545 5570
1419 5572 5568
5568 5563 368
5572 1418 5563
5568 5572 5563
1412 5544 5565
5565 5562 1418
5544 179 5562
5565 5544 5562
1419 5570 5572
5572 5565 1418
5570 1412 5565
5572 5570 5565
99 5638 5554
5554 5640 1415
5638 1439 5640
5554 5638 5640
1415 5648 5555
5555 5646 367
5648 1441 5646
5555 5648 5646
1439 5639 5650
5650 5647 1441
5639 375 5647
5650 5639 5647
1415 5640 5648
5648 5650 1441
5640 1439 5650
5648 5640 5650
367 5612 5553
5553 5614 1414
5612 1433 5614
5553 5612 5614
1414 5609 5552
5552 5607 29
5609 1431 5607
5552 5609 5607
1433 5613 5615
5615 5608 1431
5613 373 5608
5615 5613 5608
1414 5614 5609
5609 5615 1431
5614 1433 5615
5609 5614 5615
375 5643 5657
5657 5660 1443
5643 1440 5660
5657 5643 5660
1443 5658 5656
5656 5611 373
5658 1432 5611
5656 5658 5611
1440 5642 5644
5644 5610 1432
5642 101 5610
5644 5642 5610
1443 5660 5658
5658 5644 1432
5660 1440 5644
5658 5660 5644
367 5646 5612
5612 5649 1433
5646 1441 5649
5612 5646 5649
1433 5659 5613
5613 5656 373
5659 1443 5656
5613 5659 5656
1441 5647 5661
5661 5657 1443
5647 375 5657
5661 5647 5657
1433 5649 5659
5659 5661 1443
5649 1441 5661
5659 5649 5661
49 2713 5616
5616 5618 1434
2713 692 5618
5616 2713 5618
1434 5627 5617
5617 5624 374
5627 1436 5624
5617 5627 5624
692 2714 5625
5625 5623 1436
2714 180 5623
5625 2714 5623
1434 5618 5627
5627 5625 1436
5618 692 5625
5627 5618 5625
374 5633 5621
5621 5636 1435
5633 1438 5636
5621 5633 5636
1435 5622 5620
5620 5601 101
5622 1429 5601
5620 5622 5601
1438 5632 5634
5634 5602 1429
5632 372 5602
5634 5632 5602
1435 5636 5622
5622 5634 1429
5636 1438 5634
5622 5636 5634
180 2712 5603
5603 5605 1430
2712 691 5605
5603 2712 5605
1430 5606 5604
5604 5599 372
5606 1428 5599
5604 5606 5599
691 2711 5600
5600 5598 1428
2711 15 5598
5600 2711 5598
1430 5605 5606
5606 5600 1428
5605 691 5600
5606 5605 5600
374 5624 5633
5633 5637 1438
5624 1436 5637
5633 5624 5637
1438 5635 5632
5632 5604 372
5635 1430 5604
5632 5635 5604
1436 5623 5626
5626 5603 1430
5623 180 5603
5626 5623 5603
1438 5637 5635
5635 5626 1430
5637 1436 5626
5635 5637 5626
99 5559 5638
5638 5641 1439
5559 1417 5641
5638 5559 5641
1439 5655 5639
5639 5652 375
5655 1442 5652
5639 5655 5652
1417 5560 5653
5653 5651 1442
5560 368 5651
5653 5560 5651
1439 5641 5655
5655 5653 1442
5641 1417 5653
5655 5641 5653
375 5663 5643
5643 5666 1440
5663 1444 5666
5643 5663 5666
1440 5645 5642
5642 5620 101
5645 1435 5620
5642 5645 5620
1444 5662 5664
5664 5621 1435
5662 374 5621
5664 5662 5621
1440 5666 5645
5645 5664 1435
5666 1444 5664
5645 5666 5664
368 5557 5628
5628 5630 1437
5557 1416 5630
5628 5557 5630
1437 5631 5629
5629 5617 374
5631 1434 5617
5629 5631 5617
1416 5556 5619
5619 5616 1434
5556 49 5616
5619 5556 5616
1437 5630 5631
5631 5619 1434
5630 1416 5619
5631 5630 5619
375 5652 5663
5663 5667 1444
5652 1442 5667
5663 5652 5667
1444 5665 5662
5662 5629 374
5665 1437 5629
5662 5665 5629
1442 5651 5654
5654 5628 1437
5651 368 5628
5654 5651 5628
1444 5667 5665
5665 5654 1437
5667 1442 5654
5665 5667 5654
29 5982 5594
5594 5984 1426
5982 1524 5984
5594 5982 5984
1426 5990 5595
5595 5988 371
5990 1526 5988
5595 5990 5988
1524 5983 5991
5991 5989 1526
5983 396 5989
5991 5983 5989
1426 5984 5990
5990 5991 1526
5984 1524 5991
5990 5984 5991
371 6017 5597
5597 6019 1427
6017 1534 6019
5597 6017 6019
1427 6012 5596
5596 6010 100
6012 1532 6010
5596 6012 6010
1534 6018 6021
6021 6011 1532
6018 398 6011
6021 6018 6011
1427 6019 6012
6012 6021 1532
6019 1534 6021
6012 6019 6021
396 5987 6026
6026 6028 1536
5987 1525 6028
6026 5987 6028
1536 6030 6027
6027 6015 398
6030 1533 6015
6027 6030 6015
1525 5986 6016
6016 6014 1533
5986 107 6014
6016 5986 6014
1536 6028 6030
6030 6016 1533
6028 1525 6016
6030 6028 6016
371 5988 6017
6017 6020 1534
5988 1526 6020
6017 5988 6020
1534 6031 6018
6018 6027 398
6031 1536 6027
6018 6031 6027
1526 5989 6029
6029 6026 1536
5989 396 6026
6029 5989 6026
1534 6020 6031
6031 6029 1536
6020 1526 6029
6031 6020 6029
100 5803 5592
5592 5805 1425
5803 1481 5805
5592 5803 5805
1425 5811 5593
5593 5809 370
5811 1483 5809
5593 5811 5809
1481 5804 5813
5813 5810 1483
5804 386 5810
5813 5804 5810
1425 5805 5811
5811 5813 1483
5805 1481 5813
5811 5805 5813
370 5795 5591
5591 5797 1424
5795 1478 5797
5591 5795 5797
1424 5792 5590
5590 5790 9
5792 1476 5790
5590 5792 5790
1478 5796 5798
5798 5791 1476
5796 384 5791
5798 5796 5791
1424 5797 5792
5792 5798 1476
5797 1478 5798
5792 5797 5798
386 5807 5815
5815 5818 1484
5807 1482 5818
5815 5807 5818
1484 5816 5814
5814 5794 384
5816 1477 5794
5814 5816 5794
1482 5806 5808
5808 5793 1477
5806 104 5793
5808 5806 5793
1484 5818 5816
5816 5808 1477
5818 1482 5808
5816 5818 5808
370 5809 5795
5795 5812 1478
5809 1483 5812
5795 5809 5812
1478 5817 5796
5796 5814 384
5817 1484 5814
5796 5817 5814
1483 5810 5819
5819 5815 1484
5810 386 5815
5819 5810 5815
1478 5812 5817
5817 5819 1484
5812 1483 5819
5817 5812 5819
107 6000 6058
6058 6060 1543
6000 1529 6060
6058 6000 6060
1543 6076 6059
6059 6073 400
6076 1546 6073
6059 6076 6073
1529 6001 6074
6074 6072 1546
6001 397 6072
6074 6001 6072
1543 6060 6076
6076 6074 1546
6060 1529 6074
6076 6060 6074
400 6063 6055
6055 6066 1542
6063 1544 6066
6055 6063 6066
1542 6056 6054
6054 5801 104
6056 1480 5801
6054 6056 5801
1544 6062 6064
6064 5802 1480
6062 385 5802
6064 6062 5802
1542 6066 6056
6056 6064 1480
6066 1544 6064
6056 6066 6064
397 5997 6003
6003 6005 1530
5997 1528 6005
6003 5997 6005
1530 6004 6002
6002 5800 385
6004 1479 5800
6002 6004 5800
1528 5996 5998
5998 5799 1479
5996 30 5799
5998 5996 5799
1530 6005 6004
6004 5998 1479
6005 1528 5998
6004 6005 5998
400 6073 6063
6063 6077 1544
6073 1546 6077
6063 6073 6077
1544 6065 6062
6062 6002 385
6065 1530 6002
6062 6065 6002
1546 6072 6075
6075 6003 1530
6072 397 6003
6075 6072 6003
1544 6077 6065
6065 6075 1530
6077 1546 6075
6065 6077 6075
100 6010 5803
5803 6013 1481
6010 1532 6013
5803 6010 6013
1481 6024 5804
5804 6022 386
6024 1535 6022
5804 6024 6022
1532 6011 6025
6025 6023 1535
6011 398 6023
6025 6011 6023
1481 6013 6024
6024 6025 1535
6013 1532 6025
6024 6013 6025
386 6067 5807
5807 6069 1482
6067 1545 6069
5807 6067 6069
1482 6057 5806
5806 6054 104
6057 1542 6054
5806 6057 6054
1545 6068 6071
6071 6055 1542
6068 400 6055
6071 6068 6055
1482 6069 6057
6057 6071 1542
6069 1545 6071
6057 6069 6071
398 6015 6078
6078 6080 1547
6015 1533 6080
6078 6015 6080
1547 6082 6079
6079 6059 400
6082 1543 6059
6079 6082 6059
1533 6014 6061
6061 6058 1543
6014 107 6058
6061 6014 6058
1547 6080 6082
6082 6061 1543
6080 1533 6061
6082 6080 6061
386 6022 6067
6067 6070 1545
6022 1535 6070
6067 6022 6070
1545 6083 6068
6068 6079 400
6083 1547 6079
6068 6083 6079
1535 6023 6081
6081 6078 1547
6023 398 6078
6081 6023 6078
1545 6070 6083
6083 6081 1547
6070 1535 6081
6083 6070 6081
15 2741 5820
5820 5822 1485
2741 700 5822
5820 2741 5822
1485 5829 5821
5821 5827 387
5829 1487 5827
5821 5829 5827
700 2742 5828
5828 5826 1487
2742 183 5826
5828 2742 5826
1485 5822 5829
5829 5828 1487
5822 700 5828
5829 5822 5828
387 5859 5825
5825 5861 1486
5859 1496 5861
5825 5859 5861
1486 5849 5824
5824 5847 105
5849 1493 5847
5824 5849 5847
1496 5860 5863
5863 5848 1493
5860 389 5848
5863 5860 5848
1486 5861 5849
5849 5863 1493
5861 1496 5863
5849 5861 5863
183 2744 5850
5850 5852 1494
2744 701 5852
5850 2744 5852
1494 5854 5851
5851 5844 389
5854 1492 5844
5851 5854 5844
701 2743 5845
5845 5843 1492
2743 50 5843
5845 2743 5843
1494 5852 5854
5854 5845 1492
5852 701 5845
5854 5852 5845
387 5827 5859
5859 5862 1496
5827 1487 5862
5859 5827 5862
1496 5864 5860
5860 5851 389
5864 1494 5851
5860 5864 5851
1487 5826 5853
5853 5850 1494
5826 183 5850
5853 5826 5850
1496 5862 5864
5864 5853 1494
5862 1487 5853
5864 5862 5853
105 5886 5837
5837 5888 1490
5886 1502 5888
5837 5886 5888
1490 5902 5838
5838 5900 388
5902 1505 5900
5838 5902 5900
1502 5887 5904
5904 5901 1505
5887 391 5901
5904 5887 5901
1490 5888 5902
5902 5904 1505
5888 1502 5904
5902 5888 5904
388 5840 5835
5835 5842 1489
5840 1491 5842
5835 5840 5842
1489 5836 5834
5834 5752 30
5836 1466 5752
5834 5836 5752
1491 5839 5841
5841 5753 1466
5839 381 5753
5841 5839 5753
1489 5842 5836
5836 5841 1466
5842 1491 5841
5836 5842 5841
391 5883 5891
5891 5894 1503
5883 1501 5894
5891 5883 5894
1503 5892 5890
5890 5755 381
5892 1467 5755
5890 5892 5755
1501 5882 5884
5884 5754 1467
5882 103 5754
5884 5882 5754
1503 5894 5892
5892 5884 1467
5894 1501 5884
5892 5894 5884
388 5900 5840
5840 5903 1491
5900 1505 5903
5840 5900 5903
1491 5893 5839
5839 5890 381
5893 1503 5890
5839 5893 5890
1505 5901 5905
5905 5891 1503
5901 391 5891
5905 5901 5891
1491 5903 5893
5893 5905 1503
5903 1505 5905
5893 5903 5905
50 2735 5756
5756 5758 1468
2735 698 5758
5756 2735 5758
1468 5766 5757
5757 5763 382
5766 1470 5763
5757 5766 5763
698 2736 5764
5764 5762 1470
2736 182 5762
5764 2736 5762
1468 5758 5766
5766 5764 1470
5758 698 5764
5766 5758 5764
382 5768 5760
5760 5771 1469
5768 1471 5771
5760 5768 5771
1469 5761 5759
5759 5742 103
5761 1463 5742
5759 5761 5742
1471 5767 5769
5769 5743 1463
5767 380 5743
5769 5767 5743
1469 5771 5761
5761 5769 1463
5771 1471 5769
5761 5771 5769
182 2733 5744
5744 5746 1464
2733 697 5746
5744 2733 5746
1464 5747 5745
5745 5739 380
5747 1462 5739
5745 5747 5739
697 2732 5740
5740 5738 1462
2732 4 5738
5740 2732 5738
1464 5746 5747
5747 5740 1462
5746 697 5740
5747 5746 5740
382 5763 5768
5768 5772 1471
5763 1470 5772
5768 5763 5772
1471 5770 5767
5767 5745 380
5770 1464 5745
5767 5770 5745
1470 5762 5765
5765 5744 1464
5762 182 5744
5765 5762 5744
1471 5772 5770
5770 5765 1464
5772 1470 5765
5770 5772 5765
105 5847 5886
5886 5889 1502
5847 1493 5889
5886 5847 5889
1502 5910 5887
5887 5907 391
5910 1506 5907
5887 5910 5907
1493 5848 5908
5908 5906 1506
5848 389 5906
5908 5848 5906
1502 5889 5910
5910 5908 1506
5889 1493 5908
5910 5889 5908
391 5896 5883
5883 5899 1501
5896 1504 5899
5883 5896 5899
1501 5885 5882
5882 5759 103
5885 1469 5759
5882 5885 5759
1504 5895 5897
5897 5760 1469
5895 382 5760
5897 5895 5760
1501 5899 5885
5885 5897 1469
5899 1504 5897
5885 5899 5897
389 5844 5856
5856 5858 1495
5844 1492 5858
5856 5844 5858
1495 5857 5855
5855 5757 382
5857 1468 5757
5855 5857 5757
1492 5843 5846
5846 5756 1468
5843 50 5756
5846 5843 5756
1495 5858 5857
5857 5846 1468
5858 1492 5846
5857 5858 5846
391 5907 5896
5896 5911 1504
5907 1506 5911
5896 5907 5911
1504 5898 5895
5895 5855 382
5898 1495 5855
5895 5898 5855
1506 5906 5909
5909 5856 1495
5906 389 5856
5909 5906 5856
1504 5911 5898
5898 5909 1495
5911 1506 5909
5898 5911 5909
29 5607 5982
5982 5985 1524
5607 1431 5985
5982 5607 5985
1524 5995 5983
5983 5993 396
5995 1527 5993
5983 5995 5993
1431 5608 5994
5994 5992 1527
5608 373 5992
5994 5608 5992
1524 5985 5995
5995 5994 1527
5985 1431 5994
5995 5985 5994
396 6048 5987
5987 6050 1525
6048 1541 6050
5987 6048 6050
1525 6038 5986
5986 6036 107
6038 1538 6036
5986 6038 6036
1541 6049 6052
6052 6037 1538
6049 399 6037
6052 6049 6037
1525 6050 6038
6038 6052 1538
6050 1541 6052
6038 6050 6052
373 5611 6039
6039 6041 1539
5611 1432 6041
6039 5611 6041
1539 6043 6040
6040 6033 399
6043 1537 6033
6040 6043 6033
1432 5610 6034
6034 6032 1537
5610 101 6032
6034 5610 6032
1539 6041 6043
6043 6034 1537
6041 1432 6034
6043 6041 6034
396 5993 6048
6048 6051 1541
5993 1527 6051
6048 5993 6051
1541 6053 6049
6049 6040 399
6053 1539 6040
6049 6053 6040
1527 5992 6042
6042 6039 1539
5992 373 6039
6042 5992 6039
1541 6051 6053
6053 6042 1539
6051 1527 6042
6053 6051 6042
107 6088 6000
6000 6090 1529
6088 1549 6090
6000 6088 6090
1529 6104 6001
6001 6102 397
6104 1552 6102
6001 6104 6102
1549 6089 6106
6106 6103 1552
6089 401 6103
6106 6089 6103
1529 6090 6104
6104 6106 1552
6090 1549 6106
6104 6090 6106
397 6007 5997
5997 6009 1528
6007 1531 6009
5997 6007 6009
1528 5999 5996
5996 5834 30
5999 1489 5834
5996 5999 5834
1531 6006 6008
6008 5835 1489
6006 388 5835
6008 6006 5835
1528 6009 5999
5999 6008 1489
6009 1531 6008
5999 6009 6008
401 6085 6093
6093 6096 1550
6085 1548 6096
6093 6085 6096
1550 6094 6092
6092 5838 388
6094 1490 5838
6092 6094 5838
1548 6084 6086
6086 5837 1490
6084 105 5837
6086 6084 5837
1550 6096 6094
6094 6086 1490
6096 1548 6086
6094 6096 6086
397 6102 6007
6007 6105 1531
6102 1552 6105
6007 6102 6105
1531 6095 6006
6006 6092 388
6095 1550 6092
6006 6095 6092
1552 6103 6107
6107 6093 1550
6103 401 6093
6107 6103 6093
1531 6105 6095
6095 6107 1550
6105 1552 6107
6095 6105 6107
101 5601 5865
5865 5867 1497
5601 1429 5867
5865 5601 5867
1497 5875 5866
5866 5872 390
5875 1499 5872
5866 5875 5872
1429 5602 5873
5873 5871 1499
5602 372 5871
5873 5602 5871
1497 5867 5875
5875 5873 1499
5867 1429 5873
5875 5867 5873
390 5877 5869
5869 5880 1498
5877 1500 5880
5869 5877 5880
1498 5870 5868
5868 5824 105
5870 1486 5824
5868 5870 5824
1500 5876 5878
5878 5825 1486
5876 387 5825
5878 5876 5825
1498 5880 5870
5870 5878 1486
5880 1500 5878
5870 5880 5878
372 5599 5830
5830 5832 1488
5599 1428 5832
5830 5599 5832
1488 5833 5831
5831 5821 387
5833 1485 5821
5831 5833 5821
1428 5598 5823
5823 5820 1485
5598 15 5820
5823 5598 5820
1488 5832 5833
5833 5823 1485
5832 1428 5823
5833 5832 5823
390 5872 5877
5877 5881 1500
5872 1499 5881
5877 5872 5881
1500 5879 5876
5876 5831 387
5879 1488 5831
5876 5879 5831
1499 5871 5874
5874 5830 1488
5871 372 5830
5874 5871 5830
1500 5881 5879
5879 5874 1488
5881 1499 5874
5879 5881 5874
107 6036 6088
6088 6091 1549
6036 1538 6091
6088 6036 6091
1549 6112 6089
6089 6109 401
6112 1553 6109
6089 6112 6109
1538 6037 6110
6110 6108 1553
6037 399 6108
6110 6037 6108
1549 6091 6112
6112 6110 1553
6091 1538 6110
6112 6091 6110
401 6098 6085
6085 6101 1548
6098 1551 6101
6085 6098 6101
1548 6087 6084
6084 5868 105
6087 1498 5868
6084 6087 5868
1551 6097 6099
6099 5869 1498
6097 390 5869
6099 6097 5869
1548 6101 6087
6087 6099 1498
6101 1551 6099
6087 6101 6099
399 6033 6045
6045 6047 1540
6033 1537 6047
6045 6033 6047
1540 6046 6044
6044 5866 390
6046 1497 5866
6044 6046 5866
1537 6032 6035
6035 5865 1497
6032 101 5865
6035 6032 5865
1540 6047 6046
6046 6035 1497
6047 1537 6035
6046 6047 6035
401 6109 6098
6098 6113 1551
6109 1553 6113
6098 6109 6113
1551 6100 6097
6097 6044 390
6100 1540 6044
6097 6100 6044
1553 6108 6111
6111 6045 1540
6108 399 6045
6111 6108 6045
1551 6113 6100
6100 6111 1540
6113 1553 6111
6100 6113 6111
3 2586 2702
2702 2704 688
2586 654 2704
2702 2586 2704
688 2710 2703
2703 2708 179
2710 690 2708
2703 2710 2708
654 2587 2709
2709 2707 690
2587 168 2707
2709 2587 2707
688 2704 2710
2710 2709 690
2704 654 2709
2710 2704 2709
179 2726 2706
2706 2728 689
2726 696 2728
2706 2726 2728
689 2720 2705
2705 2718 49
2720 694 2718
2705 2720 2718
696 2727 2730
2730 2719 694
2727 181 2719
2730 2727 2719
689 2728 2720
2720 2730 694
2728 696 2730
2720 2728 2730
168 2589 2721
2721 2723 695
2589 655 2723
2721 2589 2723
695 2725 2722
2722 2716 181
2725 693 2716
2722 2725 2716
655 2588 2717
2717 2715 693
2588 45 2715
2717 2588 2715
695 2723 2725
2725 2717 693
2723 655 2717
2725 2723 2717
179 2708 2726
2726 2729 696
2708 690 2729
2726 2708 2729
696 2731 2727
2727 2722 181
2731 695 2722
2727 2731 2722
690 2707 2724
2724 2721 695
2707 168 2721
2724 2707 2721
696 2729 2731
2731 2724 695
2729 690 2724
2731 2729 2724
49 2824 2713
2713 2826 692
2824 722 2826
2713 2824 2826
692 2834 2714
2714 2832 180
2834 724 2832
2714 2834 2832
722 2825 2836
2836 2833 724
2825 189 2833
2836 2825 2833
692 2826 2834
2834 2836 724
2826 722 2836
2834 2826 2836
180 2781 2712
2712 2783 691
2781 712 2783
2712 2781 2783
691 2778 2711
2711 2776 15
2778 710 2776
2711 2778 2776
712 2782 2784
2784 2777 710
2782 186 2777
2784 2782 2777
691 2783 2778
2778 2784 710
2783 712 2784
2778 2783 2784
189 2829 2843
2843 2846 726
2829 723 2846
2843 2829 2846
726 2844 2842
2842 2780 186
2844 711 2780
2842 2844 2780
723 2828 2830
2830 2779 711
2828 51 2779
2830 2828 2779
726 2846 2844
2844 2830 711
2846 723 2830
2844 2846 2830
180 2832 2781
2781 2835 712
2832 724 2835
2781 2832 2835
712 2845 2782
2782 2842 186
2845 726 2842
2782 2845 2842
724 2833 2847
2847 2843 726
2833 189 2843
2847 2833 2843
712 2835 2845
2845 2847 726
2835 724 2847
2845 2835 2847
45 2592 2785
2785 2787 713
2592 657 2787
2785 2592 2787
713 2796 2786
2786 2793 187
2796 715 2793
2786 2796 2793
657 2593 2794
2794 2792 715
2593 169 2792
2794 2593 2792
713 2787 2796
2796 2794 715
2787 657 2794
2796 2787 2794
187 2802 2790
2790 2805 714
2802 717 2805
2790 2802 2805
714 2791 2789
2789 2766 51
2791 707 2766
2789 2791 2766
717 2801 2803
2803 2767 707
2801 185 2767
2803 2801 2767
714 2805 2791
2791 2803 707
2805 717 2803
2791 2805 2803
169 2591 2768
2768 2770 708
2591 656 2770
2768 2591 2770
708 2771 2769
2769 2763 185
2771 706 2763
2769 2771 2763
656 2590 2764
2764 2762 706
2590 13 2762
2764 2590 2762
708 2770 2771
2771 2764 706
2770 656 2764
2771 2770 2764
187 2793 2802
2802 2806 717
2793 715 2806
2802 2793 2806
717 2804 2801
2801 2769 185
2804 708 2769
2801 2804 2769
715 2792 2795
2795 2768 708
2792 169 2768
2795 2792 2768
717 2806 2804
2804 2795 708
2806 715 2795
2804 2806 2795
49 2718 2824
2824 2827 722
2718 694 2827
2824 2718 2827
722 2841 2825
2825 2838 189
2841 725 2838
2825 2841 2838
694 2719 2839
2839 2837 725
2719 181 2837
2839 2719 2837
722 2827 2841
2841 2839 725
2827 694 2839
2841 2827 2839
189 2849 2829
2829 2852 723
2849 727 2852
2829 2849 2852
723 2831 2828
2828 2789 51
2831 714 2789
2828 2831 2789
727 2848 2850
2850 2790 714
2848 187 2790
2850 2848 2790
723 2852 2831
2831 2850 714
2852 727 2850
2831 2852 2850
181 2716 2797
2797 2799 716
2716 693 2799
2797 2716 2799
716 2800 2798
2798 2786 187
2800 713 2786
2798 2800 2786
693 2715 2788
2788 2785 713
2715 45 2785
2788 2715 2785
716 2799 2800
2800 2788 713
2799 693 2788
2800 2799 2788
189 2838 2849
2849 2853 727
2838 725 2853
2849 2838 2853
727 2851 2848
2848 2798 187
2851 716 2798
2848 2851 2798
725 2837 2840
2840 2797 716
2837 181 2797
2840 2837 2797
727 2853 2851
2851 2840 716
2853 725 2840
2851 2853 2840
15 2868 2741
2741 2870 700
2868 732 2870
2741 2868 2870
700 2876 2742
2742 2874 183
2876 734 2874
2742 2876 2874
732 2869 2877
2877 2875 734
2869 191 2875
2877 2869 2875
700 2870 2876
2876 2877 734
2870 732 2877
2876 2870 2877
183 2934 2744
2744 2936 701
2934 748 2936
2744 2934 2936
701 2928 2743
2743 2926 50
2928 746 2926
2743 2928 2926
748 2935 2938
2938 2927 746
2935 194 2927
2938 2935 2927
701 2936 2928
2928 2938 746
2936 748 2938
2928 2936 2938
191 2873 2944
2944 2946 750
2873 733 2946
2944 2873 2946
750 2948 2945
2945 2931 194
2948 747 2931
2945 2948 2931
733 2872 2932
2932 2930 747
2872 52 2930
2932 2872 2930
750 2946 2948
2948 2932 747
2946 733 2932
2948 2946 2932
183 2874 2934
2934 2937 748
2874 734 2937
2934 2874 2937
748 2949 2935
2935 2945 194
2949 750 2945
2935 2949 2945
734 2875 2947
2947 2944 750
2875 191 2944
2947 2875 2944
748 2937 2949
2949 2947 750
2937 734 2947
2949 2937 2947
50 2748 2735
2735 2750 698
2748 703 2750
2735 2748 2750
698 2758 2736
2736 2756 182
2758 705 2756
2736 2758 2756
703 2749 2760
2760 2757 705
2749 184 2757
2760 2749 2757
698 2750 2758
2758 2760 705
2750 703 2760
2758 2750 2760
182 2738 2733
2733 2740 697
2738 699 2740
2733 2738 2740
697 2734 2732
2732 2624 4
2734 667 2624
2732 2734 2624
699 2737 2739
2739 2625 667
2737 173 2625
2739 2737 2625
697 2740 2734
2734 2739 667
2740 699 2739
2734 2740 2739
184 2746 2752
2752 2755 704
2746 702 2755
2752 2746 2755
704 2753 2751
2751 2627 173
2753 668 2627
2751 2753 2627
702 2745 2747
2747 2626 668
2745 47 2626
2747 2745 2626
704 2755 2753
2753 2747 668
2755 702 2747
2753 2755 2747
182 2756 2738
2738 2759 699
2756 705 2759
2738 2756 2759
699 2754 2737
2737 2751 173
2754 704 2751
2737 2754 2751
705 2757 2761
2761 2752 704
2757 184 2752
2761 2757 2752
699 2759 2754
2754 2761 704
2759 705 2761
2754 2759 2761
52 2858 2886
2886 2888 737
2858 729 2888
2886 2858 2888
737 2902 2887
2887 2899 192
2902 740 2899
2887 2902 2899
729 2859 2900
2900 2898 740
2859 190 2898
2900 2859 2898
737 2888 2902
2902 2900 740
2888 729 2900
2902 2888 2900
192 2890 2883
2883 2893 736
2890 738 2893
2883 2890 2893
736 2884 2882
2882 2630 47
2884 670 2630
2882 2884 2630
738 2889 2891
2891 2631 670
2889 174 2631
2891 2889 2631
736 2893 2884
2884 2891 670
2893 738 2891
2884 2893 2891
190 2855 2861
2861 2863 730
2855 728 2863
2861 2855 2863
730 2862 2860
2860 2629 174
2862 669 2629
2860 2862 2629
728 2854 2856
2856 2628 669
2854 14 2628
2856 2854 2628
730 2863 2862
2862 2856 669
2863 728 2856
2862 2863 2856
192 2899 2890
2890 2903 738
2899 740 2903
2890 2899 2903
738 2892 2889
2889 2860 174
2892 730 2860
2889 2892 2860
740 2898 2901
2901 2861 730
2898 190 2861
2901 2898 2861
738 2903 2892
2892 2901 730
2903 740 2901
2892 2903 2901
50 2926 2748
2748 2929 703
2926 746 2929
2748 2926 2929
703 2941 2749
2749 2939 184
2941 749 2939
2749 2941 2939
746 2927 2943
2943 2940 749
2927 194 2940
2943 2927 2940
703 2929 2941
2941 2943 749
2929 746 2943
2941 2929 2943
184 2894 2746
2746 2896 702
2894 739 2896
2746 2894 2896
702 2885 2745
2745 2882 47
2885 736 2882
2745 2885 2882
739 2895 2897
2897 2883 736
2895 192 2883
2897 2895 2883
702 2896 2885
2885 2897 736
2896 739 2897
2885 2896 2897
194 2931 2951
2951 2954 751
2931 747 2954
2951 2931 2954
751 2952 2950
2950 2887 192
2952 737 2887
2950 2952 2887
747 2930 2933
2933 2886 737
2930 52 2886
2933 2930 2886
751 2954 2952
2952 2933 737
2954 747 2933
2952 2954 2933
184 2939 2894
2894 2942 739
2939 749 2942
2894 2939 2942
739 2953 2895
2895 2950 192
2953 751 2950
2895 2953 2950
749 2940 2955
2955 2951 751
2940 194 2951
2955 2940 2951
739 2942 2953
2953 2955 751
2942 749 2955
2953 2942 2955
13 2582 2632
2632 2634 671
2582 652 2634
2632 2582 2634
671 2640 2633
2633 2638 175
2640 673 2638
2633 2640 2638
652 2583 2639
2639 2637 673
2583 167 2637
2639 2583 2637
671 2634 2640
2640 2639 673
2634 652 2639
2640 2634 2639
175 2666 2636
2636 2668 672
2666 681 2668
2636 2666 2668
672 2656 2635
2635 2654 48
2656 678 2654
2635 2656 2654
681 2667 2670
2670 2655 678
2667 177 2655
2670 2667 2655
672 2668 2656
2656 2670 678
2668 681 2670
2656 2668 2670
167 2585 2657
2657 2659 679
2585 653 2659
2657 2585 2659
679 2661 2658
2658 2651 177
2661 677 2651
2658 2661 2651
653 2584 2652
2652 2650 677
2584 44 2650
2652 2584 2650
679 2659 2661
2661 2652 677
2659 653 2652
2661 2659 2652
175 2638 2666
2666 2669 681
2638 673 2669
2666 2638 2669
681 2671 2667
2667 2658 177
2671 679 2658
2667 2671 2658
673 2637 2660
2660 2657 679
2637 167 2657
2660 2637 2657
681 2669 2671
2671 2660 679
2669 673 2660
2671 2669 2660
48 2676 2644
2644 2678 675
2676 683 2678
2644 2676 2678
675 2692 2645
2645 2690 176
2692 686 2690
2645 2692 2690
683 2677 2694
2694 2691 686
2677 178 2691
2694 2677 2691
675 2678 2692
2692 2694 686
2678 683 2694
2692 2678 2694
176 2647 2642
2642 2649 674
2647 676 2649
2642 2647 2649
674 2643 2641
2641 2603 14
2643 661 2603
2641 2643 2603
676 2646 2648
2648 2604 661
2646 171 2604
2648 2646 2604
674 2649 2643
2643 2648 661
2649 676 2648
2643 2649 2648
178 2673 2681
2681 2684 684
2673 682 2684
2681 2673 2684
684 2682 2680
2680 2606 171
2682 662 2606
2680 2682 2606
682 2672 2674
2674 2605 662
2672 46 2605
2674 2672 2605
684 2684 2682
2682 2674 662
2684 682 2674
2682 2684 2674
176 2690 2647
2647 2693 676
2690 686 2693
2647 2690 2693
676 2683 2646
2646 2680 171
2683 684 2680
2646 2683 2680
686 2691 2695
2695 2681 684
2691 178 2681
2695 2691 2681
676 2693 2683
2683 2695 684
2693 686 2695
2683 2693 2695
44 2580 2607
2607 2609 663
2580 651 2609
2607 2580 2609
663 2617 2608
2608 2614 172
2617 665 2614
2608 2617 2614
651 2581 2615
2615 2613 665
2581 166 2613
2615 2581 2613
663 2609 2617
2617 2615 665
2609 651 2615
2617 2609 2615
172 2619 2611
2611 2622 664
2619 666 2622
2611 2619 2622
664 2612 2610
2610 2597 46
2612 659 2597
2610 2612 2597
666 2618 2620
2620 2598 659
2618 170 2598
2620 2618 2598
664 2622 2612
2612 2620 659
2622 666 2620
2612 2622 2620
166 2579 2599
2599 2601 660
2579 650 2601
2599 2579 2601
660 2602 2600
2600 2595 170
2602 658 2595
2600 2602 2595
650 2578 2596
2596 2594 658
2578 2 2594
2596 2578 2594
660 2601 2602
2602 2596 658
2601 650 2596
2602 2601 2596
172 2614 2619
2619 2623 666
2614 665 2623
2619 2614 2623
666 2621 2618
2618 2600 170
2621 660 2600
2618 2621 2600
665 2613 2616
2616 2599 660
2613 166 2599
2616 2613 2599
666 2623 2621
2621 2616 660
2623 665 2616
2621 2623 2616
48 2654 2676
2676 2679 683
2654 678 2679
2676 2654 2679
683 2700 2677
2677 2697 178
2700 687 2697
2677 2700 2697
678 2655 2698
2698 2696 687
2655 177 2696
2698 2655 2696
683 2679 2700
2700 2698 687
2679 678 2698
2700 2679 2698
178 2686 2673
2673 2689 682
2686 685 2689
2673 2686 2689
682 2675 2672
2672 2610 46
2675 664 2610
2672 2675 2610
685 2685 2687
2687 2611 664
2685 172 2611
2687 2685 2611
682 2689 2675
2675 2687 664
2689 685 2687
2675 2689 2687
177 2651 2663
2663 2665 680
2651 677 2665
2663 2651 2665
680 2664 2662
2662 2608 172
2664 663 2608
2662 2664 2608
677 2650 2653
2653 2607 663
2650 44 2607
2653 2650 2607
680 2665 2664
2664 2653 663
2665 677 2653
2664 2665 2653
178 2697 2686
2686 2701 685
2697 687 2701
2686 2697 2701
685 2688 2685
2685 2662 172
2688 680 2662
2685 2688 2662
687 2696 2699
2699 2663 680
2696 177 2663
2699 2696 2663
685 2701 2688
2688 2699 680
2701 687 2699
2688 2701 2699
15 2776 2868
2868 2871 732
2776 710 2871
2868 2776 2871
732 2881 2869
2869 2879 191
2881 735 2879
2869 2881 2879
710 2777 2880
2880 2878 735
2777 186 2878
2880 2777 2878
732 2871 2881
2881 2880 735
2871 710 2880
2881 2871 2880
191 2974 2873
2873 2976 733
2974 756 2976
2873 2974 2976
733 2962 2872
2872 2960 52
2962 753 2960
2872 2962 2960
756 2975 2978
2978 2961 753
2975 195 2961
2978 2975 2961
733 2976 2962
2962 2978 753
2976 756 2978
2962 2976 2978
186 2780 2964
2964 2966 754
2780 711 2966
2964 2780 2966
754 2968 2965
2965 2957 195
2968 752 2957
2965 2968 2957
711 2779 2958
2958 2956 752
2779 51 2956
2958 2779 2956
754 2966 2968
2968 2958 752
2966 711 2958
2968 2966 2958
191 2879 2974
2974 2977 756
2879 735 2977
2974 2879 2977
756 2979 2975
2975 2965 195
2979 754 2965
2975 2979 2965
735 2878 2967
2967 2964 754
2878 186 2964
2967 2878 2964
756 2977 2979
2979 2967 754
2977 735 2967
2979 2977 2967
52 2908 2858
2858 2910 729
2908 742 2910
2858 2908 2910
729 2922 2859
2859 2920 190
2922 745 2920
2859 2922 2920
742 2909 2924
2924 2921 745
2909 193 2921
2924 2909 2921
729 2910 2922
2922 2924 745
2910 742 2924
2922 2910 2924
190 2865 2855
2855 2867 728
2865 731 2867
2855 2865 2867
728 2857 2854
2854 2641 14
2857 674 2641
2854 2857 2641
731 2864 2866
2866 2642 674
2864 176 2642
2866 2864 2642
728 2867 2857
2857 2866 674
2867 731 2866
2857 2867 2866
193 2905 2912
2912 2915 743
2905 741 2915
2912 2905 2915
743 2913 2911
2911 2645 176
2913 675 2645
2911 2913 2645
741 2904 2906
2906 2644 675
2904 48 2644
2906 2904 2644
743 2915 2913
2913 2906 675
2915 741 2906
2913 2915 2906
190 2920 2865
2865 2923 731
2920 745 2923
2865 2920 2923
731 2914 2864
2864 2911 176
2914 743 2911
2864 2914 2911
745 2921 2925
2925 2912 743
2921 193 2912
2925 2921 2912
731 2923 2914
2914 2925 743
2923 745 2925
2914 2923 2925
51 2766 2810
2810 2812 719
2766 707 2812
2810 2766 2812
719 2822 2811
2811 2819 188
2822 721 2819
2811 2822 2819
707 2767 2820
2820 2818 721
2767 185 2818
2820 2767 2818
719 2812 2822
2822 2820 721
2812 707 2820
2822 2812 2820
188 2814 2808
2808 2817 718
2814 720 2817
2808 2814 2817
718 2809 2807
2807 2635 48
2809 672 2635
2807 2809 2635
720 2813 2815
2815 2636 672
2813 175 2636
2815 2813 2636
718 2817 2809
2809 2815 672
2817 720 2815
2809 2817 2815
185 2763 2773
2773 2775 709
2763 706 2775
2773 2763 2775
709 2774 2772
2772 2633 175
2774 671 2633
2772 2774 2633
706 2762 2765
2765 2632 671
2762 13 2632
2765 2762 2632
709 2775 2774
2774 2765 671
2775 706 2765
2774 2775 2765
188 2819 2814
2814 2823 720
2819 721 2823
2814 2819 2823
720 2816 2813
2813 2772 175
2816 709 2772
2813 2816 2772
721 2818 2821
2821 2773 709
2818 185 2773
2821 2818 2773
720 2823 2816
2816 2821 709
2823 721 2821
2816 2823 2821
52 2960 2908
2908 2963 742
2960 753 2963
2908 2960 2963
742 2982 2909
2909 2980 193
2982 757 2980
2909 2982 2980
753 2961 2984
2984 2981 757
2961 195 2981
2984 2961 2981
742 2963 2982
2982 2984 757
2963 753 2984
2982 2963 2984
193 2917 2905
2905 2919 741
2917 744 2919
2905 2917 2919
741 2907 2904
2904 2807 48
2907 718 2807
2904 2907 2807
744 2916 2918
2918 2808 718
2916 188 2808
2918 2916 2808
741 2919 2907
2907 2918 718
2919 744 2918
2907 2919 2918
195 2957 2970
2970 2973 755
2957 752 2973
2970 2957 2973
755 2971 2969
2969 2811 188
2971 719 2811
2969 2971 2811
752 2956 2959
2959 2810 719
2956 51 2810
2959 2956 2810
755 2973 2971
2971 2959 719
2973 752 2959
2971 2973 2959
193 2980 2917
2917 2983 744
2980 757 2983
2917 2980 2983
744 2972 2916
2916 2969 188
2972 755 2969
2916 2972 2969
757 2981 2985
2985 2970 755
2981 195 2970
2985 2981 2970
744 2983 2972
2972 2985 755
2983 757 2985
2972 2983 2985
3 3502 2586
2586 3504 654
3502 896 3504
2586 3502 3504
654 3509 2587
2587 3507 168
3509 898 3507
2587 3509 3507
896 3503 3510
3510 3508 898
3503 235 3508
3510 3503 3508
654 3504 3509
3509 3510 898
3504 896 3510
3509 3504 3510
168 3521 2589
2589 3523 655
3521 903 3523
2589 3521 3523
655 3517 2588
2588 3515 45
3517 901 3515
2588 3517 3515
903 3522 3525
3525 3516 901
3522 237 3516
3525 3522 3516
655 3523 3517
3517 3525 901
3523 903 3525
3517 3523 3525
235 3506 3526
3526 3528 904
3506 897 3528
3526 3506 3528
904 3530 3527
3527 3519 237
3530 902 3519
3527 3530 3519
897 3505 3520
3520 3518 902
3505 65 3518
3520 3505 3518
904 3528 3530
3530 3520 902
3528 897 3520
3530 3528 3520
168 3507 3521
3521 3524 903
3507 898 3524
3521 3507 3524
903 3531 3522
3522 3527 237
3531 904 3527
3522 3531 3527
898 3508 3529
3529 3526 904
3508 235 3526
3529 3508 3526
903 3524 3531
3531 3529 904
3524 898 3529
3531 3524 3529
45 3585 2592
2592 3587 657
3585 921 3587
2592 3585 3587
657 3594 2593
2593 3592 169
3594 923 3592
2593 3594 3592
921 3586 3596
3596 3593 923
3586 243 3593
3596 3586 3593
657 3587 3594
3594 3596 923
3587 921 3596
3594 3587 3596
169 3568 2591
2591 3570 656
3568 916 3570
2591 3568 3570
656 3564 2590
2590 3562 13
3564 914 3562
2590 3564 3562
916 3569 3571
3571 3563 914
3569 241 3563
3571 3569 3563
656 3570 3564
3564 3571 914
3570 916 3571
3564 3570 3571
243 3590 3602
3602 3605 925
3590 922 3605
3602 3590 3605
925 3603 3601
3601 3567 241
3603 915 3567
3601 3603 3567
922 3589 3591
3591 3566 915
3589 67 3566
3591 3589 3566
925 3605 3603
3603 3591 915
3605 922 3591
3603 3605 3591
169 3592 3568
3568 3595 916
3592 923 3595
3568 3592 3595
916 3604 3569
3569 3601 241
3604 925 3601
3569 3604 3601
923 3593 3606
3606 3602 925
3593 243 3602
3606 3593 3602
916 3595 3604
3604 3606 925
3595 923 3606
3604 3595 3606
65 3513 3624
3624 3626 930
3513 900 3626
3624 3513 3626
930 3636 3625
3625 3633 245
3636 932 3633
3625 3636 3633
900 3514 3634
3634 3632 932
3514 236 3632
3634 3514 3632
930 3626 3636
3636 3634 932
3626 900 3634
3636 3626 3634
245 3643 3629
3629 3646 931
3643 934 3646
3629 3643 3646
931 3630 3628
3628 3579 67
3630 919 3579
3628 3630 3579
934 3642 3644
3644 3580 919
3642 242 3580
3644 3642 3580
931 3646 3630
3630 3644 919
3646 934 3644
3630 3646 3644
236 3512 3581
3581 3583 920
3512 899 3583
3581 3512 3583
920 3584 3582
3582 3577 242
3584 918 3577
3582 3584 3577
899 3511 3578
3578 3576 918
3511 20 3576
3578 3511 3576
920 3583 3584
3584 3578 918
3583 899 3578
3584 3583 3578
245 3633 3643
3643 3647 934
3633 932 3647
3643 3633 3647
934 3645 3642
3642 3582 242
3645 920 3582
3642 3645 3582
932 3632 3635
3635 3581 920
3632 236 3581
3635 3632 3581
934 3647 3645
3645 3635 920
3647 932 3635
3645 3647 3635
45 3515 3585
3585 3588 921
3515 901 3588
3585 3515 3588
921 3600 3586
3586 3598 243
3600 924 3598
3586 3600 3598
901 3516 3599
3599 3597 924
3516 237 3597
3599 3516 3597
921 3588 3600
3600 3599 924
3588 901 3599
3600 3588 3599
243 3648 3590
3590 3650 922
3648 935 3650
3590 3648 3650
922 3631 3589
3589 3628 67
3631 931 3628
3589 3631 3628
935 3649 3652
3652 3629 931
3649 245 3629
3652 3649 3629
922 3650 3631
3631 3652 931
3650 935 3652
3631 3650 3652
237 3519 3637
3637 3639 933
3519 902 3639
3637 3519 3639
933 3641 3638
3638 3625 245
3641 930 3625
3638 3641 3625
902 3518 3627
3627 3624 930
3518 65 3624
3627 3518 3624
933 3639 3641
3641 3627 930
3639 902 3627
3641 3639 3627
243 3598 3648
3648 3651 935
3598 924 3651
3648 3598 3651
935 3653 3649
3649 3638 245
3653 933 3638
3649 3653 3638
924 3597 3640
3640 3637 933
3597 237 3637
3640 3597 3637
935 3651 3653
3653 3640 933
3651 924 3640
3653 3651 3640
13 3432 2582
2582 3434 652
3432 879 3434
2582 3432 3434
652 3439 2583
2583 3437 167
3439 881 3437
2583 3439 3437
879 3433 3440
3440 3438 881
3433 231 3438
3440 3433 3438
652 3434 3439
3439 3440 881
3434 879 3440
3439 3434 3440
167 3457 2585
2585 3459 653
3457 887 3459
2585 3457 3459
653 3452 2584
2584 3450 44
3452 885 3450
2584 3452 3450
887 3458 3461
3461 3451 885
3458 233 3451
3461 3458 3451
653 3459 3452
3452 3461 885
3459 887 3461
3452 3459 3461
231 3436 3466
3466 3468 889
3436 880 3468
3466 3436 3468
889 3470 3467
3467 3455 233
3470 886 3455
3467 3470 3455
880 3435 3456
3456 3454 886
3435 64 3454
3456 3435 3454
889 3468 3470
3470 3456 886
3468 880 3456
3470 3468 3456
167 3437 3457
3457 3460 887
3437 881 3460
3457 3437 3460
887 3471 3458
3458 3467 233
3471 889 3467
3458 3471 3467
881 3438 3469
3469 3466 889
3438 231 3466
3469 3438 3466
887 3460 3471
3471 3469 889
3460 881 3469
3471 3460 3469
44 3407 2580
2580 3409 651
3407 871 3409
2580 3407 3409
651 3415 2581
2581 3413 166
3415 873 3413
2581 3415 3413
871 3408 3417
3417 3414 873
3408 228 3414
3417 3408 3414
651 3409 3415
3415 3417 873
3409 871 3417
3415 3409 3417
166 3399 2579
2579 3401 650
3399 868 3401
2579 3399 3401
650 3396 2578
2578 3394 2
3396 866 3394
2578 3396 3394
868 3400 3402
3402 3395 866
3400 226 3395
3402 3400 3395
650 3401 3396
3396 3402 866
3401 868 3402
3396 3401 3402
228 3411 3419
3419 3422 874
3411 872 3422
3419 3411 3422
874 3420 3418
3418 3398 226
3420 867 3398
3418 3420 3398
872 3410 3412
3412 3397 867
3410 62 3397
3412 3410 3397
874 3422 3420
3420 3412 867
3422 872 3412
3420 3422 3412
166 3413 3399
3399 3416 868
3413 873 3416
3399 3413 3416
868 3421 3400
3400 3418 226
3421 874 3418
3400 3421 3418
873 3414 3423
3423 3419 874
3414 228 3419
3423 3414 3419
868 3416 3421
3421 3423 874
3416 873 3423
3421 3416 3423
64 3444 3476
3476 3478 891
3444 883 3478
3476 3444 3478
891 3494 3477
3477 3491 234
3494 894 3491
3477 3494 3491
883 3445 3492
3492 3490 894
3445 232 3490
3492 3445 3490
891 3478 3494
3494 3492 894
3478 883 3492
3494 3478 3492
234 3481 3473
3473 3484 890
3481 892 3484
3473 3481 3484
890 3474 3472
3472 3405 62
3474 870 3405
3472 3474 3405
892 3480 3482
3482 3406 870
3480 227 3406
3482 3480 3406
890 3484 3474
3474 3482 870
3484 892 3482
3474 3484 3482
232 3442 3447
3447 3449 884
3442 882 3449
3447 3442 3449
884 3448 3446
3446 3404 227
3448 869 3404
3446 3448 3404
882 3441 3443
3443 3403 869
3441 19 3403
3443 3441 3403
884 3449 3448
3448 3443 869
3449 882 3443
3448 3449 3443
234 3491 3481
3481 3495 892
3491 894 3495
3481 3491 3495
892 3483 3480
3480 3446 227
3483 884 3446
3480 3483 3446
894 3490 3493
3493 3447 884
3490 232 3447
3493 3490 3447
892 3495 3483
3483 3493 884
3495 894 3493
3483 3495 3493
44 3450 3407
3407 3453 871
3450 885 3453
3407 3450 3453
871 3464 3408
3408 3462 228
3464 888 3462
3408 3464 3462
885 3451 3465
3465 3463 888
3451 233 3463
3465 3451 3463
871 3453 3464
3464 3465 888
3453 885 3465
3464 3453 3465
228 3485 3411
3411 3487 872
3485 893 3487
3411 3485 3487
872 3475 3410
3410 3472 62
3475 890 3472
3410 3475 3472
893 3486 3489
3489 3473 890
3486 234 3473
3489 3486 3473
872 3487 3475
3475 3489 890
3487 893 3489
3475 3487 3489
233 3455 3496
3496 3498 895
3455 886 3498
3496 3455 3498
895 3500 3497
3497 3477 234
3500 891 3477
3497 3500 3477
886 3454 3479
3479 3476 891
3454 64 3476
3479 3454 3476
895 3498 3500
3500 3479 891
3498 886 3479
3500 3498 3479
228 3462 3485
3485 3488 893
3462 888 3488
3485 3462 3488
893 3501 3486
3486 3497 234
3501 895 3497
3486 3501 3497
888 3463 3499
3499 3496 895
3463 233 3496
3499 3463 3496
893 3488 3501
3501 3499 895
3488 888 3499
3501 3488 3499
20 3541 3668
3668 3670 940
3541 908 3670
3668 3541 3670
940 3677 3669
3669 3675 247
3677 942 3675
3669 3677 3675
908 3542 3676
3676 3674 942
3542 239 3674
3676 3542 3674
940 3670 3677
3677 3676 942
3670 908 3676
3677 3670 3676
247 3744 3673
3673 3746 941
3744 958 3746
3673 3744 3746
941 3732 3672
3672 3730 68
3732 955 3730
3672 3732 3730
958 3745 3748
3748 3731 955
3745 250 3731
3748 3745 3731
941 3746 3732
3732 3748 955
3746 958 3748
3732 3746 3748
239 3544 3734
3734 3736 956
3544 909 3736
3734 3544 3736
956 3738 3735
3735 3727 250
3738 954 3727
3735 3738 3727
909 3543 3728
3728 3726 954
3543 66 3726
3728 3543 3726
956 3736 3738
3738 3728 954
3736 909 3728
3738 3736 3728
247 3675 3744
3744 3747 958
3675 942 3747
3744 3675 3747
958 3749 3745
3745 3735 250
3749 956 3735
3745 3749 3735
942 3674 3737
3737 3734 956
3674 239 3734
3737 3674 3734
958 3747 3749
3749 3737 956
3747 942 3737
3749 3747 3737
68 3686 3658
3658 3688 937
3686 945 3688
3658 3686 3688
937 3700 3659
3659 3698 246
3700 948 3698
3659 3700 3698
945 3687 3702
3702 3699 948
3687 248 3699
3702 3687 3699
937 3688 3700
3700 3702 948
3688 945 3702
3700 3688 3702
246 3661 3655
3655 3663 936
3661 938 3663
3655 3661 3663
936 3656 3654
3654 3428 19
3656 877 3428
3654 3656 3428
938 3660 3662
3662 3429 877
3660 230 3429
3662 3660 3429
936 3663 3656
3656 3662 877
3663 938 3662
3656 3663 3662
248 3683 3690
3690 3693 946
3683 944 3693
3690 3683 3693
946 3691 3689
3689 3431 230
3691 878 3431
3689 3691 3431
944 3682 3684
3684 3430 878
3682 63 3430
3684 3682 3430
946 3693 3691
3691 3684 878
3693 944 3684
3691 3693 3684
246 3698 3661
3661 3701 938
3698 948 3701
3661 3698 3701
938 3692 3660
3660 3689 230
3692 946 3689
3660 3692 3689
948 3699 3703
3703 3690 946
3699 248 3690
3703 3699 3690
938 3701 3692
3692 3703 946
3701 948 3703
3692 3701 3703
66 3535 3548
3548 3550 911
3535 906 3550
3548 3535 3550
911 3560 3549
3549 3557 240
3560 913 3557
3549 3560 3557
906 3536 3558
3558 3556 913
3536 238 3556
3558 3536 3556
911 3550 3560
3560 3558 913
3550 906 3558
3560 3550 3558
240 3552 3546
3546 3555 910
3552 912 3555
3546 3552 3555
910 3547 3545
3545 3426 63
3547 876 3426
3545 3547 3426
912 3551 3553
3553 3427 876
3551 229 3427
3553 3551 3427
910 3555 3547
3547 3553 876
3555 912 3553
3547 3555 3553
238 3533 3538
3538 3540 907
3533 905 3540
3538 3533 3540
907 3539 3537
3537 3425 229
3539 875 3425
3537 3539 3425
905 3532 3534
3534 3424 875
3532 6 3424
3534 3532 3424
907 3540 3539
3539 3534 875
3540 905 3534
3539 3540 3534
240 3557 3552
3552 3561 912
3557 913 3561
3552 3557 3561
912 3554 3551
3551 3537 229
3554 907 3537
3551 3554 3537
913 3556 3559
3559 3538 907
3556 238 3538
3559 3556 3538
912 3561 3554
3554 3559 907
3561 913 3559
3554 3561 3559
68 3730 3686
3686 3733 945
3730 955 3733
3686 3730 3733
945 3752 3687
3687 3750 248
3752 959 3750
3687 3752 3750
955 3731 3754
3754 3751 959
3731 250 3751
3754 3731 3751
945 3733 3752
3752 3754 959
3733 955 3754
3752 3733 3754
248 3695 3683
3683 3697 944
3695 947 3697
3683 3695 3697
944 3685 3682
3682 3545 63
3685 910 3545
3682 3685 3545
947 3694 3696
3696 3546 910
3694 240 3546
3696 3694 3546
944 3697 3685
3685 3696 910
3697 947 3696
3685 3697 3696
250 3727 3740
3740 3743 957
3727 954 3743
3740 3727 3743
957 3741 3739
3739 3549 240
3741 911 3549
3739 3741 3549
954 3726 3729
3729 3548 911
3726 66 3548
3729 3726 3548
957 3743 3741
3741 3729 911
3743 954 3729
3741 3743 3729
248 3750 3695
3695 3753 947
3750 959 3753
3695 3750 3753
947 3742 3694
3694 3739 240
3742 957 3739
3694 3742 3739
959 3751 3755
3755 3740 957
3751 250 3740
3755 3751 3740
947 3753 3742
3742 3755 957
3753 959 3755
3742 3753 3755
13 3562 3432
3432 3565 879
3562 914 3565
3432 3562 3565
879 3574 3433
3433 3572 231
3574 917 3572
3433 3574 3572
914 3563 3575
3575 3573 917
3563 241 3573
3575 3563 3573
879 3565 3574
3574 3575 917
3565 914 3575
3574 3565 3575
231 3613 3436
3436 3615 880
3613 928 3615
3436 3613 3615
880 3609 3435
3435 3607 64
3609 926 3607
3435 3609 3607
928 3614 3617
3617 3608 926
3614 244 3608
3617 3614 3608
880 3615 3609
3609 3617 926
3615 928 3617
3609 3615 3617
241 3567 3618
3618 3620 929
3567 915 3620
3618 3567 3620
929 3622 3619
3619 3611 244
3622 927 3611
3619 3622 3611
915 3566 3612
3612 3610 927
3566 67 3610
3612 3566 3610
929 3620 3622
3622 3612 927
3620 915 3612
3622 3620 3612
231 3572 3613
3613 3616 928
3572 917 3616
3613 3572 3616
928 3623 3614
3614 3619 244
3623 929 3619
3614 3623 3619
917 3573 3621
3621 3618 929
3573 241 3618
3621 3573 3618
928 3616 3623
3623 3621 929
3616 917 3621
3623 3616 3621
64 3704 3444
3444 3706 883
3704 949 3706
3444 3704 3706
883 3713 3445
3445 3711 232
3713 951 3711
3445 3713 3711
949 3705 3715
3715 3712 951
3705 249 3712
3715 3705 3712
883 3706 3713
3713 3715 951
3706 949 3715
3713 3706 3715
232 3664 3442
3442 3666 882
3664 939 3666
3442 3664 3666
882 3657 3441
3441 3654 19
3657 936 3654
3441 3657 3654
939 3665 3667
3667 3655 936
3665 246 3655
3667 3665 3655
882 3666 3657
3657 3667 936
3666 939 3667
3657 3666 3667
249 3709 3721
3721 3724 953
3709 950 3724
3721 3709 3724
953 3722 3720
3720 3659 246
3722 937 3659
3720 3722 3659
950 3708 3710
3710 3658 937
3708 68 3658
3710 3708 3658
953 3724 3722
3722 3710 937
3724 950 3710
3722 3724 3710
232 3711 3664
3664 3714 939
3711 951 3714
3664 3711 3714
939 3723 3665
3665 3720 246
3723 953 3720
3665 3723 3720
951 3712 3725
3725 3721 953
3712 249 3721
3725 3712 3721
939 3714 3723
3723 3725 953
3714 951 3725
3723 3714 3725
67 3579 3756
3756 3758 960
3579 919 3758
3756 3579 3758
960 3768 3757
3757 3765 251
3768 962 3765
3757 3768 3765
919 3580 3766
3766 3764 962
3580 242 3764
3766 3580 3764
960 3758 3768
3768 3766 962
3758 919 3766
3768 3758 3766
251 3775 3761
3761 3778 961
3775 964 3778
3761 3775 3778
961 3762 3760
3760 3672 68
3762 941 3672
3760 3762 3672
964 3774 3776
3776 3673 941
3774 247 3673
3776 3774 3673
961 3778 3762
3762 3776 941
3778 964 3776
3762 3778 3776
242 3577 3678
3678 3680 943
3577 918 3680
3678 3577 3680
943 3681 3679
3679 3669 247
3681 940 3669
3679 3681 3669
918 3576 3671
3671 3668 940
3576 20 3668
3671 3576 3668
943 3680 3681
3681 3671 940
3680 918 3671
3681 3680 3671
251 3765 3775
3775 3779 964
3765 962 3779
3775 3765 3779
964 3777 3774
3774 3679 247
3777 943 3679
3774 3777 3679
962 3764 3767
3767 3678 943
3764 242 3678
3767 3764 3678
964 3779 3777
3777 3767 943
3779 962 3767
3777 3779 3767
64 3607 3704
3704 3707 949
3607 926 3707
3704 3607 3707
949 3719 3705
3705 3717 249
3719 952 3717
3705 3719 3717
926 3608 3718
3718 3716 952
3608 244 3716
3718 3608 3716
949 3707 3719
3719 3718 952
3707 926 3718
3719 3707 3718
249 3780 3709
3709 3782 950
3780 965 3782
3709 3780 3782
950 3763 3708
3708 3760 68
3763 961 3760
3708 3763 3760
965 3781 3784
3784 3761 961
3781 251 3761
3784 3781 3761
950 3782 3763
3763 3784 961
3782 965 3784
3763 3782 3784
244 3611 3769
3769 3771 963
3611 927 3771
3769 3611 3771
963 3773 3770
3770 3757 251
3773 960 3757
3770 3773 3757
927 3610 3759
3759 3756 960
3610 67 3756
3759 3610 3756
963 3771 3773
3773 3759 960
3771 927 3759
3773 3771 3759
249 3717 3780
3780 3783 965
3717 952 3783
3780 3717 3783
965 3785 3781
3781 3770 251
3785 963 3770
3781 3785 3770
952 3716 3772
3772 3769 963
3716 244 3769
3772 3716 3769
965 3783 3785
3785 3772 963
3783 952 3772
3785 3783 3772
3 4302 3502
3502 4304 896
4302 1104 4304
3502 4302 4304
896 4309 3503
3503 4307 235
4309 1106 4307
3503 4309 4307
1104 4303 4310
4310 4308 1106
4303 291 4308
4310 4303 4308
896 4304 4309
4309 4310 1106
4304 1104 4310
4309 4304 4310
235 4321 3506
3506 4323 897
4321 1111 4323
3506 4321 4323
897 4317 3505
3505 4315 65
4317 1109 4315
3505 4317 4315
1111 4322 4325
4325 4316 1109
4322 293 4316
4325 4322 4316
897 4323 4317
4317 4325 1109
4323 1111 4325
4317 4323 4325
291 4306 4326
4326 4328 1112
4306 1105 4328
4326 4306 4328
1112 4330 4327
4327 4319 293
4330 1110 4319
4327 4330 4319
1105 4305 4320
4320 4318 1110
4305 81 4318
4320 4305 4318
1112 4328 4330
4330 4320 1110
4328 1105 4320
4330 4328 4320
235 4307 4321
4321 4324 1111
4307 1106 4324
4321 4307 4324
1111 4331 4322
4322 4327 293
4331 1112 4327
4322 4331 4327
1106 4308 4329
4329 4326 1112
4308 291 4326
4329 4308 4326
1111 4324 4331
4331 4329 1112
4324 1106 4329
4331 4324 4329
65 4358 3513
3513 4360 900
4358 1123 4360
3513 4358 4360
900 4367 3514
3514 4365 236
4367 1125 4365
3514 4367 4365
1123 4359 4369
4369 4366 1125
4359 298 4366
4369 4359 4366
900 4360 4367
4367 4369 1125
4360 1123 4369
4367 4360 4369
236 4345 3512
3512 4347 899
4345 1119 4347
3512 4345 4347
899 4342 3511
3511 4340 20
4342 1117 4340
3511 4342 4340
1119 4346 4348
4348 4341 1117
4346 296 4341
4348 4346 4341
899 4347 4342
4342 4348 1117
4347 1119 4348
4342 4347 4348
298 4363 4375
4375 4378 1127
4363 1124 4378
4375 4363 4378
1127 4376 4374
4374 4344 296
4376 1118 4344
4374 4376 4344
1124 4362 4364
4364 4343 1118
4362 83 4343
4364 4362 4343
1127 4378 4376
4376 4364 1118
4378 1124 4364
4376 4378 4364
236 4365 4345
4345 4368 1119
4365 1125 4368
4345 4365 4368
1119 4377 4346
4346 4374 296
4377 1127 4374
4346 4377 4374
1125 4366 4379
4379 4375 1127
4366 298 4375
4379 4366 4375
1119 4368 4377
4377 4379 1127
4368 1125 4379
4377 4368 4379
81 4313 4380
4380 4382 1128
4313 1108 4382
4380 4313 4382
1128 4392 4381
4381 4389 299
4392 1130 4389
4381 4392 4389
1108 4314 4390
4390 4388 1130
4314 292 4388
4390 4314 4388
1128 4382 4392
4392 4390 1130
4382 1108 4390
4392 4382 4390
299 4399 4385
4385 4402 1129
4399 1132 4402
4385 4399 4402
1129 4386 4384
4384 4352 83
4386 1121 4352
4384 4386 4352
1132 4398 4400
4400 4353 1121
4398 297 4353
4400 4398 4353
1129 4402 4386
4386 4400 1121
4402 1132 4400
4386 4402 4400
292 4312 4354
4354 4356 1122
4312 1107 4356
4354 4312 4356
1122 4357 4355
4355 4350 297
4357 1120 4350
4355 4357 4350
1107 4311 4351
4351 4349 1120
4311 25 4349
4351 4311 4349
1122 4356 4357
4357 4351 1120
4356 1107 4351
4357 4356 4351
299 4389 4399
4399 4403 1132
4389 1130 4403
4399 4389 4403
1132 4401 4398
4398 4355 297
4401 1122 4355
4398 4401 4355
1130 4388 4391
4391 4354 1122
4388 292 4354
4391 4388 4354
1132 4403 4401
4401 4391 1122
4403 1130 4391
4401 4403 4391
65 4315 4358
4358 4361 1123
4315 1109 4361
4358 4315 4361
1123 4373 4359
4359 4371 298
4373 1126 4371
4359 4373 4371
1109 4316 4372
4372 4370 1126
4316 293 4370
4372 4316 4370
1123 4361 4373
4373 4372 1126
4361 1109 4372
4373 4361 4372
298 4404 4363
4363 4406 1124
4404 1133 4406
4363 4404 4406
1124 4387 4362
4362 4384 83
4387 1129 4384
4362 4387 4384
1133 4405 4408
4408 4385 1129
4405 299 4385
4408 4405 4385
1124 4406 4387
4387 4408 1129
4406 1133 4408
4387 4406 4408
293 4319 4393
4393 4395 1131
4319 1110 4395
4393 4319 4395
1131 4397 4394
4394 4381 299
4397 1128 4381
4394 4397 4381
1110 4318 4383
4383 4380 1128
4318 81 4380
4383 4318 4380
1131 4395 4397
4397 4383 1128
4395 1110 4383
4397 4395 4383
298 4371 4404
4404 4407 1133
4371 1126 4407
4404 4371 4407
1133 4409 4405
4405 4394 299
4409 1131 4394
4405 4409 4394
1126 4370 4396
4396 4393 1131
4370 293 4393
4396 4370 4393
1133 4407 4409
4409 4396 1131
4407 1126 4396
4409 4407 4396
20 4492 3541
3541 4494 908
4492 1157 4494
3541 4492 4494
908 4500 3542
3542 4498 239
4500 1159 4498
3542 4500 4498
1157 4493 4501
4501 4499 1159
4493 307 4499
4501 4493 4499
908 4494 4500
4500 4501 1159
4494 1157 4501
4500 4494 4501
239 4522 3544
3544 4524 909
4522 1166 4524
3544 4522 4524
909 4517 3543
3543 4515 66
4517 1164 4515
3543 4517 4515
1166 4523 4526
4526 4516 1164
4523 309 4516
4526 4523 4516
909 4524 4517
4517 4526 1164
4524 1166 4526
4517 4524 4526
307 4497 4531
4531 4533 1168
4497 1158 4533
4531 4497 4533
1168 4535 4532
4532 4520 309
4535 1165 4520
4532 4535 4520
1158 4496 4521
4521 4519 1165
4496 86 4519
4521 4496 4519
1168 4533 4535
4535 4521 1165
4533 1158 4521
4535 4533 4521
239 4498 4522
4522 4525 1166
4498 1159 4525
4522 4498 4525
1166 4536 4523
4523 4532 309
4536 1168 4532
4523 4536 4532
1159 4499 4534
4534 4531 1168
4499 307 4531
4534 4499 4531
1166 4525 4536
4536 4534 1168
4525 1159 4534
4536 4525 4534
66 4428 3535
3535 4430 906
4428 1140 4430
3535 4428 4430
906 4436 3536
3536 4434 238
4436 1142 4434
3536 4436 4434
1140 4429 4438
4438 4435 1142
4429 302 4435
4438 4429 4435
906 4430 4436
4436 4438 1142
4430 1140 4438
4436 4430 4438
238 4416 3533
3533 4418 905
4416 1136 4418
3533 4416 4418
905 4412 3532
3532 4410 6
4412 1134 4410
3532 4412 4410
1136 4417 4419
4419 4411 1134
4417 300 4411
4419 4417 4411
905 4418 4412
4412 4419 1134
4418 1136 4419
4412 4418 4419
302 4432 4440
4440 4443 1143
4432 1141 4443
4440 4432 4443
1143 4441 4439
4439 4415 300
4441 1135 4415
4439 4441 4415
1141 4431 4433
4433 4414 1135
4431 84 4414
4433 4431 4414
1143 4443 4441
4441 4433 1135
4443 1141 4433
4441 4443 4433
238 4434 4416
4416 4437 1136
4434 1142 4437
4416 4434 4437
1136 4442 4417
4417 4439 300
4442 1143 4439
4417 4442 4439
1142 4435 4444
4444 4440 1143
4435 302 4440
4444 4435 4440
1136 4437 4442
4442 4444 1143
4437 1142 4444
4442 4437 4444
86 4509 4558
4558 4560 1174
4509 1162 4560
4558 4509 4560
1174 4576 4559
4559 4573 311
4576 1177 4573
4559 4576 4573
1162 4510 4574
4574 4572 1177
4510 308 4572
4574 4510 4572
1174 4560 4576
4576 4574 1177
4560 1162 4574
4576 4560 4574
311 4563 4555
4555 4566 1173
4563 1175 4566
4555 4563 4566
1173 4556 4554
4554 4426 84
4556 1139 4426
4554 4556 4426
1175 4562 4564
4564 4427 1139
4562 301 4427
4564 4562 4427
1173 4566 4556
4556 4564 1139
4566 1175 4564
4556 4566 4564
308 4507 4512
4512 4514 1163
4507 1161 4514
4512 4507 4514
1163 4513 4511
4511 4425 301
4513 1138 4425
4511 4513 4425
1161 4506 4508
4508 4424 1138
4506 26 4424
4508 4506 4424
1163 4514 4513
4513 4508 1138
4514 1161 4508
4513 4514 4508
311 4573 4563
4563 4577 1175
4573 1177 4577
4563 4573 4577
1175 4565 4562
4562 4511 301
4565 1163 4511
4562 4565 4511
1177 4572 4575
4575 4512 1163
4572 308 4512
4575 4572 4512
1175 4577 4565
4565 4575 1163
4577 1177 4575
4565 4577 4575
66 4515 4428
4428 4518 1140
4515 1164 4518
4428 4515 4518
1140 4529 4429
4429 4527 302
4529 1167 4527
4429 4529 4527
1164 4516 4530
4530 4528 1167
4516 309 4528
4530 4516 4528
1140 4518 4529
4529 4530 1167
4518 1164 4530
4529 4518 4530
302 4567 4432
4432 4569 1141
4567 1176 4569
4432 4567 4569
1141 4557 4431
4431 4554 84
4557 1173 4554
4431 4557 4554
1176 4568 4571
4571 4555 1173
4568 311 4555
4571 4568 4555
1141 4569 4557
4557 4571 1173
4569 1176 4571
4557 4569 4571
309 4520 4578
4578 4580 1178
4520 1165 4580
4578 4520 4580
1178 4582 4579
4579 4559 311
4582 1174 4559
4579 4582 4559
1165 4519 4561
4561 4558 1174
4519 86 4558
4561 4519 4558
1178 4580 4582
4582 4561 1174
4580 1165 4561
4582 4580 4561
302 4527 4567
4567 4570 1176
4527 1167 4570
4567 4527 4570
1176 4583 4568
4568 4579 311
4583 1178 4579
4568 4583 4579
1167 4528 4581
4581 4578 1178
4528 309 4578
4581 4528 4578
1176 4570 4583
4583 4581 1178
4570 1167 4581
4583 4570 4581
25 4336 4654
4654 4656 1196
4336 1115 4656
4654 4336 4656
1196 4663 4655
4655 4661 316
4663 1198 4661
4655 4663 4661
1115 4337 4662
4662 4660 1198
4337 295 4660
4662 4337 4660
1196 4656 4663
4663 4662 1198
4656 1115 4662
4663 4656 4662
316 4698 4659
4659 4700 1197
4698 1208 4700
4659 4698 4700
1197 4688 4658
4658 4686 88
4688 1205 4686
4658 4688 4686
1208 4699 4702
4702 4687 1205
4699 318 4687
4702 4699 4687
1197 4700 4688
4688 4702 1205
4700 1208 4702
4688 4700 4702
295 4339 4689
4689 4691 1206
4339 1116 4691
4689 4339 4691
1206 4693 4690
4690 4683 318
4693 1204 4683
4690 4693 4683
1116 4338 4684
4684 4682 1204
4338 82 4682
4684 4338 4682
1206 4691 4693
4693 4684 1204
4691 1116 4684
4693 4691 4684
316 4661 4698
4698 4701 1208
4661 1198 4701
4698 4661 4701
1208 4703 4699
4699 4690 318
4703 1206 4690
4699 4703 4690
1198 4660 4692
4692 4689 1206
4660 295 4689
4692 4660 4689
1208 4701 4703
4703 4692 1206
4701 1198 4692
4703 4701 4692
88 4730 4672
4672 4732 1201
4730 1215 4732
4672 4730 4732
1201 4746 4673
4673 4744 317
4746 1218 4744
4673 4746 4744
1215 4731 4748
4748 4745 1218
4731 320 4745
4748 4731 4745
1201 4732 4746
4746 4748 1218
4732 1215 4748
4746 4732 4748
317 4675 4669
4669 4677 1200
4675 1202 4677
4669 4675 4677
1200 4670 4668
4668 4471 26
4670 1151 4471
4668 4670 4471
1202 4674 4676
4676 4472 1151
4674 305 4472
4676 4674 4472
1200 4677 4670
4670 4676 1151
4677 1202 4676
4670 4677 4676
320 4727 4735
4735 4738 1216
4727 1214 4738
4735 4727 4738
1216 4736 4734
4734 4474 305
4736 1152 4474
4734 4736 4474
1214 4726 4728
4728 4473 1152
4726 85 4473
4728 4726 4473
1216 4738 4736
4736 4728 1152
4738 1214 4728
4736 4738 4728
317 4744 4675
4675 4747 1202
4744 1218 4747
4675 4744 4747
1202 4737 4674
4674 4734 305
4737 1216 4734
4674 4737 4734
1218 4745 4749
4749 4735 1216
4745 320 4735
4749 4745 4735
1202 4747 4737
4737 4749 1216
4747 1218 4749
4737 4747 4749
82 4334 4475
4475 4477 1153
4334 1114 4477
4475 4334 4477
1153 4485 4476
4476 4482 306
4485 1155 4482
4476 4485 4482
1114 4335 4483
4483 4481 1155
4335 294 4481
4483 4335 4481
1153 4477 4485
4485 4483 1155
4477 1114 4483
4485 4477 4483
306 4487 4479
4479 4490 1154
4487 1156 4490
4479 4487 4490
1154 4480 4478
4478 4465 85
4480 1149 4465
4478 4480 4465
1156 4486 4488
4488 4466 1149
4486 304 4466
4488 4486 4466
1154 4490 4480
4480 4488 1149
4490 1156 4488
4480 4490 4488
294 4333 4467
4467 4469 1150
4333 1113 4469
4467 4333 4469
1150 4470 4468
4468 4463 304
4470 1148 4463
4468 4470 4463
1113 4332 4464
4464 4462 1148
4332 8 4462
4464 4332 4462
1150 4469 4470
4470 4464 1148
4469 1113 4464
4470 4469 4464
306 4482 4487
4487 4491 1156
4482 1155 4491
4487 4482 4491
1156 4489 4486
4486 4468 304
4489 1150 4468
4486 4489 4468
1155 4481 4484
4484 4467 1150
4481 294 4467
4484 4481 4467
1156 4491 4489
4489 4484 1150
4491 1155 4484
4489 4491 4484
88 4686 4730
4730 4733 1215
4686 1205 4733
4730 4686 4733
1215 4754 4731
4731 4751 320
4754 1219 4751
4731 4754 4751
1205 4687 4752
4752 4750 1219
4687 318 4750
4752 4687 4750
1215 4733 4754
4754 4752 1219
4733 1205 4752
4754 4733 4752
320 4740 4727
4727 4743 1214
4740 1217 4743
4727 4740 4743
1214 4729 4726
4726 4478 85
4729 1154 4478
4726 4729 4478
1217 4739 4741
4741 4479 1154
4739 306 4479
4741 4739 4479
1214 4743 4729
4729 4741 1154
4743 1217 4741
4729 4743 4741
318 4683 4695
4695 4697 1207
4683 1204 4697
4695 4683 4697
1207 4696 4694
4694 4476 306
4696 1153 4476
4694 4696 4476
1204 4682 4685
4685 4475 1153
4682 82 4475
4685 4682 4475
1207 4697 4696
4696 4685 1153
4697 1204 4685
4696 4697 4685
320 4751 4740
4740 4755 1217
4751 1219 4755
4740 4751 4755
1217 4742 4739
4739 4694 306
4742 1207 4694
4739 4742 4694
1219 4750 4753
4753 4695 1207
4750 318 4695
4753 4750 4695
1217 4755 4742
4742 4753 1207
4755 1219 4753
4742 4755 4753
20 4340 4492
4492 4495 1157
4340 1117 4495
4492 4340 4495
1157 4505 4493
4493 4503 307
4505 1160 4503
4493 4505 4503
1117 4341 4504
4504 4502 1160
4341 296 4502
4504 4341 4502
1157 4495 4505
4505 4504 1160
4495 1117 4504
4505 4495 4504
307 4548 4497
4497 4550 1158
4548 1172 4550
4497 4548 4550
1158 4542 4496
4496 4540 86
4542 1170 4540
4496 4542 4540
1172 4549 4552
4552 4541 1170
4549 310 4541
4552 4549 4541
1158 4550 4542
4542 4552 1170
4550 1172 4552
4542 4550 4552
296 4344 4543
4543 4545 1171
4344 1118 4545
4543 4344 4545
1171 4547 4544
4544 4538 310
4547 1169 4538
4544 4547 4538
1118 4343 4539
4539 4537 1169
4343 83 4537
4539 4343 4537
1171 4545 4547
4547 4539 1169
4545 1118 4539
4547 4545 4539
307 4503 4548
4548 4551 1172
4503 1160 4551
4548 4503 4551
1172 4553 4549
4549 4544 310
4553 1171 4544
4549 4553 4544
1160 4502 4546
4546 4543 1171
4502 296 4543
4546 4502 4543
1172 4551 4553
4553 4546 1171
4551 1160 4546
4553 4551 4546
86 4756 4509
4509 4758 1162
4756 1220 4758
4509 4756 4758
1162 4766 4510
4510 4764 308
4766 1222 4764
4510 4766 4764
1220 4757 4768
4768 4765 1222
4757 321 4765
4768 4757 4765
1162 4758 4766
4766 4768 1222
4758 1220 4768
4766 4758 4768
308 4678 4507
4507 4680 1161
4678 1203 4680
4507 4678 4680
1161 4671 4506
4506 4668 26
4671 1200 4668
4506 4671 4668
1203 4679 4681
4681 4669 1200
4679 317 4669
4681 4679 4669
1161 4680 4671
4671 4681 1200
4680 1203 4681
4671 4680 4681
321 4761 4775
4775 4778 1224
4761 1221 4778
4775 4761 4778
1224 4776 4774
4774 4673 317
4776 1201 4673
4774 4776 4673
1221 4760 4762
4762 4672 1201
4760 88 4672
4762 4760 4672
1224 4778 4776
4776 4762 1201
4778 1221 4762
4776 4778 4762
308 4764 4678
4678 4767 1203
4764 1222 4767
4678 4764 4767
1203 4777 4679
4679 4774 317
4777 1224 4774
4679 4777 4774
1222 4765 4779
4779 4775 1224
4765 321 4775
4779 4765 4775
1203 4767 4777
4777 4779 1224
4767 1222 4779
4777 4767 4779
83 4352 4704
4704 4706 1209
4352 1121 4706
4704 4352 4706
1209 4715 4705
4705 4712 319
4715 1211 4712
4705 4715 4712
1121 4353 4713
4713 4711 1211
4353 297 4711
4713 4353 4711
1209 4706 4715
4715 4713 1211
4706 1121 4713
4715 4706 4713
319 4721 4709
4709 4724 1210
4721 1213 4724
4709 4721 4724
1210 4710 4708
4708 4658 88
4710 1197 4658
4708 4710 4658
1213 4720 4722
4722 4659 1197
4720 316 4659
4722 4720 4659
1210 4724 4710
4710 4722 1197
4724 1213 4722
4710 4724 4722
297 4350 4664
4664 4666 1199
4350 1120 4666
4664 4350 4666
1199 4667 4665
4665 4655 316
4667 1196 4655
4665 4667 4655
1120 4349 4657
4657 4654 1196
4349 25 4654
4657 4349 4654
1199 4666 4667
4667 4657 1196
4666 1120 4657
4667 4666 4657
319 4712 4721
4721 4725 1213
4712 1211 4725
4721 4712 4725
1213 4723 4720
4720 4665 316
4723 1199 4665
4720 4723 4665
1211 4711 4714
4714 4664 1199
4711 297 4664
4714 4711 4664
1213 4725 4723
4723 4714 1199
4725 1211 4714
4723 4725 4714
86 4540 4756
4756 4759 1220
4540 1170 4759
4756 4540 4759
1220 4773 4757
4757 4770 321
4773 1223 4770
4757 4773 4770
1170 4541 4771
4771 4769 1223
4541 310 4769
4771 4541 4769
1220 4759 4773
4773 4771 1223
4759 1170 4771
4773 4759 4771
321 4781 4761
4761 4784 1221
4781 1225 4784
4761 4781 4784
1221 4763 4760
4760 4708 88
4763 1210 4708
4760 4763 4708
1225 4780 4782
4782 4709 1210
4780 319 4709
4782 4780 4709
1221 4784 4763
4763 4782 1210
4784 1225 4782
4763 4784 4782
310 4538 4716
4716 4718 1212
4538 1169 4718
4716 4538 4718
1212 4719 4717
4717 4705 319
4719 1209 4705
4717 4719 4705
1169 4537 4707
4707 4704 1209
4537 83 4704
4707 4537 4704
1212 4718 4719
4719 4707 1209
4718 1169 4707
4719 4718 4707
321 4770 4781
4781 4785 1225
4770 1223 4785
4781 4770 4785
1225 4783 4780
4780 4717 319
4783 1212 4717
4780 4783 4717
1223 4769 4772
4772 4716 1212
4769 310 4716
4772 4769 4716
1225 4785 4783
4783 4772 1212
4785 1223 4772
4783 4785 4772
3 5538 4302
4302 5541 1104
5538 1410 5541
4302 5538 5541
1104 5550 4303
4303 5548 291
5550 1413 5548
4303 5550 5548
1410 5539 5551
5551 5549 1413
5539 366 5549
5551 5539 5549
1104 5541 5550
5550 5551 1413
5541 1410 5551
5550 5541 5551
291 5579 4306
4306 5581 1105
5579 1422 5581
4306 5579 5581
1105 5575 4305
4305 5573 81
5575 1420 5573
4305 5575 5573
1422 5580 5583
5583 5574 1420
5580 369 5574
5583 5580 5574
1105 5581 5575
5575 5583 1420
5581 1422 5583
5575 5581 5583
366 5543 5584
5584 5586 1423
5543 1411 5586
5584 5543 5586
1423 5588 5585
5585 5577 369
5588 1421 5577
5585 5588 5577
1411 5542 5578
5578 5576 1421
5542 99 5576
5578 5542 5576
1423 5586 5588
5588 5578 1421
5586 1411 5578
5588 5586 5578
291 5548 5579
5579 5582 1422
5548 1413 5582
5579 5548 5582
1422 5589 5580
5580 5585 369
5589 1423 5585
5580 5589 5585
1413 5549 5587
5587 5584 1423
5549 366 5584
5587 5549 5584
1422 5582 5589
5589 5587 1423
5582 1413 5587
5589 5582 5587
81 5686 4313
4313 5688 1108
5686 1451 5688
4313 5686 5688
1108 5695 4314
4314 5693 292
5695 1453 5693
4314 5695 5693
1451 5687 5697
5697 5694 1453
5687 378 5694
5697 5687 5694
1108 5688 5695
5695 5697 1453
5688 1451 5697
5695 5688 5697
292 5673 4312
4312 5675 1107
5673 1447 5675
4312 5673 5675
1107 5670 4311
4311 5668 25
5670 1445 5668
4311 5670 5668
1447 5674 5676
5676 5669 1445
5674 376 5669
5676 5674 5669
1107 5675 5670
5670 5676 1445
5675 1447 5676
5670 5675 5676
378 5691 5703
5703 5706 1455
5691 1452 5706
5703 5691 5706
1455 5704 5702
5702 5672 376
5704 1446 5672
5702 5704 5672
1452 5690 5692
5692 5671 1446
5690 102 5671
5692 5690 5671
1455 5706 5704
5704 5692 1446
5706 1452 5692
5704 5706 5692
292 5693 5673
5673 5696 1447
5693 1453 5696
5673 5693 5696
1447 5705 5674
5674 5702 376
5705 1455 5702
5674 5705 5702
1453 5694 5707
5707 5703 1455
5694 378 5703
5707 5694 5703
1447 5696 5705
5705 5707 1455
5696 1453 5707
5705 5696 5707
99 5554 5708
5708 5710 1456
5554 1415 5710
5708 5554 5710
1456 5720 5709
5709 5717 379
5720 1458 5717
5709 5720 5717
1415 5555 5718
5718 5716 1458
5555 367 5716
5718 5555 5716
1456 5710 5720
5720 5718 1458
5710 1415 5718
5720 5710 5718
379 5727 5713
5713 5730 1457
5727 1460 5730
5713 5727 5730
1457 5714 5712
5712 5680 102
5714 1449 5680
5712 5714 5680
1460 5726 5728
5728 5681 1449
5726 377 5681
5728 5726 5681
1457 5730 5714
5714 5728 1449
5730 1460 5728
5714 5730 5728
367 5553 5682
5682 5684 1450
5553 1414 5684
5682 5553 5684
1450 5685 5683
5683 5678 377
5685 1448 5678
5683 5685 5678
1414 5552 5679
5679 5677 1448
5552 29 5677
5679 5552 5677
1450 5684 5685
5685 5679 1448
5684 1414 5679
5685 5684 5679
379 5717 5727
5727 5731 1460
5717 1458 5731
5727 5717 5731
1460 5729 5726
5726 5683 377
5729 1450 5683
5726 5729 5683
1458 5716 5719
5719 5682 1450
5716 367 5682
5719 5716 5682
1460 5731 5729
5729 5719 1450
5731 1458 5719
5729 5731 5719
81 5573 5686
5686 5689 1451
5573 1420 5689
5686 5573 5689
1451 5701 5687
5687 5699 378
5701 1454 5699
5687 5701 5699
1420 5574 5700
5700 5698 1454
5574 369 5698
5700 5574 5698
1451 5689 5701
5701 5700 1454
5689 1420 5700
5701 5689 5700
378 5732 5691
5691 5734 1452
5732 1461 5734
5691 5732 5734
1452 5715 5690
5690 5712 102
5715 1457 5712
5690 5715 5712
1461 5733 5736
5736 5713 1457
5733 379 5713
5736 5733 5713
1452 5734 5715
5715 5736 1457
5734 1461 5736
5715 5734 5736
369 5577 5721
5721 5723 1459
5577 1421 5723
5721 5577 5723
1459 5725 5722
5722 5709 379
5725 1456 5709
5722 5725 5709
1421 5576 5711
5711 5708 1456
5576 99 5708
5711 5576 5708
1459 5723 5725
5725 5711 1456
5723 1421 5711
5725 5723 5711
378 5699 5732
5732 5735 1461
5699 1454 5735
5732 5699 5735
1461 5737 5733
5733 5722 379
5737 1459 5722
5733 5737 5722
1454 5698 5724
5724 5721 1459
5698 369 5721
5724 5698 5721
1461 5735 5737
5737 5724 1459
5735 1454 5724
5737 5735 5724
25 6862 4336
4336 6864 1115
6862 1736 6864
4336 6862 6864
1115 6870 4337
4337 6868 295
6870 1738 6868
4337 6870 6868
1736 6863 6871
6871 6869 1738
6863 445 6869
6871 6863 6869
1115 6864 6870
6870 6871 1738
6864 1736 6871
6870 6864 6871
295 6892 4339
4339 6894 1116
6892 1745 6894
4339 6892 6894
1116 6887 4338
4338 6885 82
6887 1743 6885
4338 6887 6885
1745 6893 6896
6896 6886 1743
6893 447 6886
6896 6893 6886
1116 6894 6887
6887 6896 1743
6894 1745 6896
6887 6894 6896
445 6867 6901
6901 6903 1747
6867 1737 6903
6901 6867 6903
1747 6905 6902
6902 6890 447
6905 1744 6890
6902 6905 6890
1737 6866 6891
6891 6889 1744
6866 117 6889
6891 6866 6889
1747 6903 6905
6905 6891 1744
6903 1737 6891
6905 6903 6891
295 6868 6892
6892 6895 1745
6868 1738 6895
6892 6868 6895
1745 6906 6893
6893 6902 447
6906 1747 6902
6893 6906 6902
1738 6869 6904
6904 6901 1747
6869 445 6901
6904 6869 6901
1745 6895 6906
6906 6904 1747
6895 1738 6904
6906 6895 6904
82 6701 4334
4334 6703 1114
6701 1696 6703
4334 6701 6703
1114 6709 4335
4335 6707 294
6709 1698 6707
4335 6709 6707
1696 6702 6711
6711 6708 1698
6702 435 6708
6711 6702 6708
1114 6703 6709
6709 6711 1698
6703 1696 6711
6709 6703 6711
294 6676 4333
4333 6678 1113
6676 1689 6678
4333 6676 6678
1113 6669 4332
4332 6666 8
6669 1686 6666
4332 6669 6666
1689 6677 6679
6679 6667 1686
6677 432 6667
6679 6677 6667
1113 6678 6669
6669 6679 1686
6678 1689 6679
6669 6678 6679
435 6705 6713
6713 6716 1699
6705 1697 6716
6713 6705 6716
1699 6714 6712
6712 6671 432
6714 1687 6671
6712 6714 6671
1697 6704 6706
6706 6670 1687
6704 114 6670
6706 6704 6670
1699 6716 6714
6714 6706 1687
6716 1697 6706
6714 6716 6706
294 6707 6676
6676 6710 1689
6707 1698 6710
6676 6707 6710
1689 6715 6677
6677 6712 432
6715 1699 6712
6677 6715 6712
1698 6708 6717
6717 6713 1699
6708 435 6713
6717 6708 6713
1689 6710 6715
6715 6717 1699
6710 1698 6717
6715 6710 6717
117 6879 6928
6928 6930 1753
6879 1741 6930
6928 6879 6930
1753 6946 6929
6929 6943 449
6946 1756 6943
6929 6946 6943
1741 6880 6944
6944 6942 1756
6880 446 6942
6944 6880 6942
1753 6930 6946
6946 6944 1756
6930 1741 6944
6946 6930 6944
449 6933 6925
6925 6936 1752
6933 1754 6936
6925 6933 6936
1752 6926 6924
6924 6682 114
6926 1691 6682
6924 6926 6682
1754 6932 6934
6934 6683 1691
6932 433 6683
6934 6932 6683
1752 6936 6926
6926 6934 1691
6936 1754 6934
6926 6936 6934
446 6877 6882
6882 6884 1742
6877 1740 6884
6882 6877 6884
1742 6883 6881
6881 6681 433
6883 1690 6681
6881 6883 6681
1740 6876 6878
6878 6680 1690
6876 32 6680
6878 6876 6680
1742 6884 6883
6883 6878 1690
6884 1740 6878
6883 6884 6878
449 6943 6933
6933 6947 1754
6943 1756 6947
6933 6943 6947
1754 6935 6932
6932 6881 433
6935 1742 6881
6932 6935 6881
1756 6942 6945
6945 6882 1742
6942 446 6882
6945 6942 6882
1754 6947 6935
6935 6945 1742
6947 1756 6945
6935 6947 6945
82 6885 6701
6701 6888 1696
6885 1743 6888
6701 6885 6888
1696 6899 6702
6702 6897 435
6899 1746 6897
6702 6899 6897
1743 6886 6900
6900 6898 1746
6886 447 6898
6900 6886 6898
1696 6888 6899
6899 6900 1746
6888 1743 6900
6899 6888 6900
435 6937 6705
6705 6939 1697
6937 1755 6939
6705 6937 6939
1697 6927 6704
6704 6924 114
6927 1752 6924
6704 6927 6924
1755 6938 6941
6941 6925 1752
6938 449 6925
6941 6938 6925
1697 6939 6927
6927 6941 1752
6939 1755 6941
6927 6939 6941
447 6890 6948
6948 6950 1757
6890 1744 6950
6948 6890 6950
1757 6952 6949
6949 6929 449
6952 1753 6929
6949 6952 6929
1744 6889 6931
6931 6928 1753
6889 117 6928
6931 6889 6928
1757 6950 6952
6952 6931 1753
6950 1744 6931
6952 6950 6931
435 6897 6937
6937 6940 1755
6897 1746 6940
6937 6897 6940
1755 6953 6938
6938 6949 449
6953 1757 6949
6938 6953 6949
1746 6898 6951
6951 6948 1757
6898 447 6948
6951 6898 6948
1755 6940 6953
6953 6951 1757
6940 1746 6951
6953 6940 6951
29 5594 7086
7086 7088 1788
5594 1426 7088
7086 5594 7088
1788 7095 7087
7087 7093 456
7095 1790 7093
7087 7095 7093
1426 5595 7094
7094 7092 1790
5595 371 7092
7094 5595 7092
1788 7088 7095
7095 7094 1790
7088 1426 7094
7095 7088 7094
456 7130 7091
7091 7132 1789
7130 1800 7132
7091 7130 7132
1789 7120 7090
7090 7118 119
7120 1797 7118
7090 7120 7118
1800 7131 7134
7134 7119 1797
7131 458 7119
7134 7131 7119
1789 7132 7120
7120 7134 1797
7132 1800 7134
7120 7132 7134
371 5597 7121
7121 7123 1798
5597 1427 7123
7121 5597 7123
1798 7125 7122
7122 7115 458
7125 1796 7115
7122 7125 7115
1427 5596 7116
7116 7114 1796
5596 100 7114
7116 5596 7114
1798 7123 7125
7125 7116 1796
7123 1427 7116
7125 7123 7116
456 7093 7130
7130 7133 1800
7093 1790 7133
7130 7093 7133
1800 7135 7131
7131 7122 458
7135 1798 7122
7131 7135 7122
1790 7092 7124
7124 7121 1798
7092 371 7121
7124 7092 7121
1800 7133 7135
7135 7124 1798
7133 1790 7124
7135 7133 7124
119 7162 7104
7104 7164 1793
7162 1807 7164
7104 7162 7164
1793 7178 7105
7105 7176 457
7178 1810 7176
7105 7178 7176
1807 7163 7180
7180 7177 1810
7163 460 7177
7180 7163 7177
1793 7164 7178
7178 7180 1810
7164 1807 7180
7178 7164 7180
457 7107 7101
7101 7109 1792
7107 1794 7109
7101 7107 7109
1792 7102 7100
7100 6732 32
7102 1704 6732
7100 7102 6732
1794 7106 7108
7108 6733 1704
7106 437 6733
7108 7106 6733
1792 7109 7102
7102 7108 1704
7109 1794 7108
7102 7109 7108
460 7159 7167
7167 7170 1808
7159 1806 7170
7167 7159 7170
1808 7168 7166
7166 6735 437
7168 1705 6735
7166 7168 6735
1806 7158 7160
7160 6734 1705
7158 115 6734
7160 7158 6734
1808 7170 7168
7168 7160 1705
7170 1806 7160
7168 7170 7160
457 7176 7107
7107 7179 1794
7176 1810 7179
7107 7176 7179
1794 7169 7106
7106 7166 437
7169 1808 7166
7106 7169 7166
1810 7177 7181
7181 7167 1808
7177 460 7167
7181 7177 7167
1794 7179 7169
7169 7181 1808
7179 1810 7181
7169 7179 7181
100 5592 6753
6753 6755 1710
5592 1425 6755
6753 5592 6755
1710 6763 6754
6754 6760 439
6763 1712 6760
6754 6763 6760
1425 5593 6761
6761 6759 1712
5593 370 6759
6761 5593 6759
1710 6755 6763
6763 6761 1712
6755 1425 6761
6763 6755 6761
439 6765 6757
6757 6768 1711
6765 1713 6768
6757 6765 6768
1711 6758 6756
6756 6722 115
6758 1701 6722
6756 6758 6722
1713 6764 6766
6766 6723 1701
6764 436 6723
6766 6764 6723
1711 6768 6758
6758 6766 1701
6768 1713 6766
6758 6768 6766
370 5591 6728
6728 6730 1703
5591 1424 6730
6728 5591 6730
1703 6731 6729
6729 6719 436
6731 1700 6719
6729 6731 6719
1424 5590 6721
6721 6718 1700
5590 9 6718
6721 5590 6718
1703 6730 6731
6731 6721 1700
6730 1424 6721
6731 6730 6721
439 6760 6765
6765 6769 1713
6760 1712 6769
6765 6760 6769
1713 6767 6764
6764 6729 436
6767 1703 6729
6764 6767 6729
1712 6759 6762
6762 6728 1703
6759 370 6728
6762 6759 6728
1713 6769 6767
6767 6762 1703
6769 1712 6762
6767 6769 6762
119 7118 7162
7162 7165 1807
7118 1797 7165
7162 7118 7165
1807 7186 7163
7163 7183 460
7186 1811 7183
7163 7186 7183
1797 7119 7184
7184 7182 1811
7119 458 7182
7184 7119 7182
1807 7165 7186
7186 7184 1811
7165 1797 7184
7186 7165 7184
460 7172 7159
7159 7175 1806
7172 1809 7175
7159 7172 7175
1806 7161 7158
7158 6756 115
7161 1711 6756
7158 7161 6756
1809 7171 7173
7173 6757 1711
7171 439 6757
7173 7171 6757
1806 7175 7161
7161 7173 1711
7175 1809 7173
7161 7175 7173
458 7115 7127
7127 7129 1799
7115 1796 7129
7127 7115 7129
1799 7128 7126
7126 6754 439
7128 1710 6754
7126 7128 6754
1796 7114 7117
7117 6753 1710
7114 100 6753
7117 7114 6753
1799 7129 7128
7128 7117 1710
7129 1796 7117
7128 7129 7117
460 7183 7172
7172 7187 1809
7183 1811 7187
7172 7183 7187
1809 7174 7171
7171 7126 439
7174 1799 7126
7171 7174 7126
1811 7182 7185
7185 7127 1799
7182 458 7127
7185 7182 7127
1809 7187 7174
7174 7185 1799
7187 1811 7185
7174 7187 7185
25 5668 6862
6862 6865 1736
5668 1445 6865
6862 5668 6865
1736 6875 6863
6863 6873 445
6875 1739 6873
6863 6875 6873
1445 5669 6874
6874 6872 1739
5669 376 6872
6874 5669 6872
1736 6865 6875
6875 6874 1739
6865 1445 6874
6875 6865 6874
445 6918 6867
6867 6920 1737
6918 1751 6920
6867 6918 6920
1737 6912 6866
6866 6910 117
6912 1749 6910
6866 6912 6910
1751 6919 6922
6922 6911 1749
6919 448 6911
6922 6919 6911
1737 6920 6912
6912 6922 1749
6920 1751 6922
6912 6920 6922
376 5672 6913
6913 6915 1750
5672 1446 6915
6913 5672 6915
1750 6917 6914
6914 6908 448
6917 1748 6908
6914 6917 6908
1446 5671 6909
6909 6907 1748
5671 102 6907
6909 5671 6907
1750 6915 6917
6917 6909 1748
6915 1446 6909
6917 6915 6909
445 6873 6918
6918 6921 1751
6873 1739 6921
6918 6873 6921
1751 6923 6919
6919 6914 448
6923 1750 6914
6919 6923 6914
1739 6872 6916
6916 6913 1750
6872 376 6913
6916 6872 6913
1751 6921 6923
6923 6916 1750
6921 1739 6916
6923 6921 6916
117 7188 6879
6879 7190 1741
7188 1812 7190
6879 7188 7190
1741 7198 6880
6880 7196 446
7198 1814 7196
6880 7198 7196
1812 7189 7200
7200 7197 1814
7189 461 7197
7200 7189 7197
1741 7190 7198
7198 7200 1814
7190 1812 7200
7198 7190 7200
446 7110 6877
6877 7112 1740
7110 1795 7112
6877 7110 7112
1740 7103 6876
6876 7100 32
7103 1792 7100
6876 7103 7100
1795 7111 7113
7113 7101 1792
7111 457 7101
7113 7111 7101
1740 7112 7103
7103 7113 1792
7112 1795 7113
7103 7112 7113
461 7193 7207
7207 7210 1816
7193 1813 7210
7207 7193 7210
1816 7208 7206
7206 7105 457
7208 1793 7105
7206 7208 7105
1813 7192 7194
7194 7104 1793
7192 119 7104
7194 7192 7104
1816 7210 7208
7208 7194 1793
7210 1813 7194
7208 7210 7194
446 7196 7110
7110 7199 1795
7196 1814 7199
7110 7196 7199
1795 7209 7111
7111 7206 457
7209 1816 7206
7111 7209 7206
1814 7197 7211
7211 7207 1816
7197 461 7207
7211 7197 7207
1795 7199 7209
7209 7211 1816
7199 1814 7211
7209 7199 7211
102 5680 7136
7136 7138 1801
5680 1449 7138
7136 5680 7138
1801 7147 7137
7137 7144 459
7147 1803 7144
7137 7147 7144
1449 5681 7145
7145 7143 1803
5681 377 7143
7145 5681 7143
1801 7138 7147
7147 7145 1803
7138 1449 7145
7147 7138 7145
459 7153 7141
7141 7156 1802
7153 1805 7156
7141 7153 7156
1802 7142 7140
7140 7090 119
7142 1789 7090
7140 7142 7090
1805 7152 7154
7154 7091 1789
7152 456 7091
7154 7152 7091
1802 7156 7142
7142 7154 1789
7156 1805 7154
7142 7156 7154
377 5678 7096
7096 7098 1791
5678 1448 7098
7096 5678 7098
1791 7099 7097
7097 7087 456
7099 1788 7087
7097 7099 7087
1448 5677 7089
7089 7086 1788
5677 29 7086
7089 5677 7086
1791 7098 7099
7099 7089 1788
7098 1448 7089
7099 7098 7089
459 7144 7153
7153 7157 1805
7144 1803 7157
7153 7144 7157
1805 7155 7152
7152 7097 456
7155 1791 7097
7152 7155 7097
1803 7143 7146
7146 7096 1791
7143 377 7096
7146 7143 7096
1805 7157 7155
7155 7146 1791
7157 1803 7146
7155 7157 7146
117 6910 7188
7188 7191 1812
6910 1749 7191
7188 6910 7191
1812 7205 7189
7189 7202 461
7205 1815 7202
7189 7205 7202
1749 6911 7203
7203 7201 1815
6911 448 7201
7203 6911 7201
1812 7191 7205
7205 7203 1815
7191 1749 7203
7205 7191 7203
461 7213 7193
7193 7216 1813
7213 1817 7216
7193 7213 7216
1813 7195 7192
7192 7140 119
7195 1802 7140
7192 7195 7140
1817 7212 7214
7214 7141 1802
7212 459 7141
7214 7212 7141
1813 7216 7195
7195 7214 1802
7216 1817 7214
7195 7216 7214
448 6908 7148
7148 7150 1804
6908 1748 7150
7148 6908 7150
1804 7151 7149
7149 7137 459
7151 1801 7137
7149 7151 7137
1748 6907 7139
7139 7136 1801
6907 102 7136
7139 6907 7136
1804 7150 7151
7151 7139 1801
7150 1748 7139
7151 7150 7139
461 7202 7213
7213 7217 1817
7202 1815 7217
7213 7202 7217
1817 7215 7212
7212 7149 459
7215 1804 7149
7212 7215 7149
1815 7201 7204
7204 7148 1804
7201 448 7148
7204 7201 7148
1817 7217 7215
7215 7204 1804
7217 1815 7204
7215 7217 7204
4 3378 5738
5738 5741 1462
3378 858 5741
5738 3378 5741
1462 5751 5739
5739 5749 380
5751 1465 5749
5739 5751 5749
858 3379 5750
5750 5748 1465
3379 222 5748
5750 3379 5748
1462 5741 5751
5751 5750 1465
5741 858 5750
5751 5741 5750
380 5784 5743
5743 5786 1463
5784 1475 5786
5743 5784 5786
1463 5778 5742
5742 5776 103
5778 1473 5776
5742 5778 5776
1475 5785 5788
5788 5777 1473
5785 383 5777
5788 5785 5777
1463 5786 5778
5778 5788 1473
5786 1475 5788
5778 5786 5788
222 3381 5779
5779 5781 1474
3381 859 5781
5779 3381 5781
1474 5783 5780
5780 5774 383
5783 1472 5774
5780 5783 5774
859 3380 5775
5775 5773 1472
3380 60 5773
5775 3380 5773
1474 5781 5783
5783 5775 1472
5781 859 5775
5783 5781 5775
380 5749 5784
5784 5787 1475
5749 1465 5787
5784 5749 5787
1475 5789 5785
5785 5780 383
5789 1474 5780
5785 5789 5780
1465 5748 5782
5782 5779 1474
5748 222 5779
5782 5748 5779
1475 5787 5789
5789 5782 1474
5787 1465 5782
5789 5787 5782
103 5952 5754
5754 5954 1467
5952 1518 5954
5754 5952 5954
1467 5962 5755
5755 5960 381
5962 1520 5960
5755 5962 5960
1518 5953 5964
5964 5961 1520
5953 395 5961
5964 5953 5961
1467 5954 5962
5962 5964 1520
5954 1518 5964
5962 5954 5964
381 5926 5753
5753 5928 1466
5926 1512 5928
5753 5926 5928
1466 5923 5752
5752 5921 30
5923 1510 5921
5752 5923 5921
1512 5927 5929
5929 5922 1510
5927 393 5922
5929 5927 5922
1466 5928 5923
5923 5929 1510
5928 1512 5929
5923 5928 5929
395 5957 5971
5971 5974 1522
5957 1519 5974
5971 5957 5974
1522 5972 5970
5970 5925 393
5972 1511 5925
5970 5972 5925
1519 5956 5958
5958 5924 1511
5956 106 5924
5958 5956 5924
1522 5974 5972
5972 5958 1511
5974 1519 5958
5972 5974 5958
381 5960 5926
5926 5963 1512
5960 1520 5963
5926 5960 5963
1512 5973 5927
5927 5970 393
5973 1522 5970
5927 5973 5970
1520 5961 5975
5975 5971 1522
5961 395 5971
5975 5961 5971
1512 5963 5973
5973 5975 1522
5963 1520 5975
5973 5963 5975
60 3384 5930
5930 5932 1513
3384 861 5932
5930 3384 5932
1513 5941 5931
5931 5938 394
5941 1515 5938
5931 5941 5938
861 3385 5939
5939 5937 1515
3385 223 5937
5939 3385 5937
1513 5932 5941
5941 5939 1515
5932 861 5939
5941 5932 5939
394 5947 5935
5935 5950 1514
5947 1517 5950
5935 5947 5950
1514 5936 5934
5934 5915 106
5936 1508 5915
5934 5936 5915
1517 5946 5948
5948 5916 1508
5946 392 5916
5948 5946 5916
1514 5950 5936
5936 5948 1508
5950 1517 5948
5936 5950 5948
223 3383 5917
5917 5919 1509
3383 860 5919
5917 3383 5919
1509 5920 5918
5918 5913 392
5920 1507 5913
5918 5920 5913
860 3382 5914
5914 5912 1507
3382 18 5912
5914 3382 5912
1509 5919 5920
5920 5914 1507
5919 860 5914
5920 5919 5914
394 5938 5947
5947 5951 1517
5938 1515 5951
5947 5938 5951
1517 5949 5946
5946 5918 392
5949 1509 5918
5946 5949 5918
1515 5937 5940
5940 5917 1509
5937 223 5917
5940 5937 5917
1517 5951 5949
5949 5940 1509
5951 1515 5940
5949 5951 5940
103 5776 5952
5952 5955 1518
5776 1473 5955
5952 5776 5955
1518 5969 5953
5953 5966 395
5969 1521 5966
5953 5969 5966
1473 5777 5967
5967 5965 1521
5777 383 5965
5967 5777 5965
1518 5955 5969
5969 5967 1521
5955 1473 5967
5969 5955 5967
395 5977 5957
5957 5980 1519
5977 1523 5980
5957 5977 5980
1519 5959 5956
5956 5934 106
5959 1514 5934
5956 5959 5934
1523 5976 5978
5978 5935 1514
5976 394 5935
5978 5976 5935
1519 5980 5959
5959 5978 1514
5980 1523 5978
5959 5980 5978
383 5774 5942
5942 5944 1516
5774 1472 5944
5942 5774 5944
1516 5945 5943
5943 5931 394
5945 1513 5931
5943 5945 5931
1472 5773 5933
5933 5930 1513
5773 60 5930
5933 5773 5930
1516 5944 5945
5945 5933 1513
5944 1472 5933
5945 5944 5933
395 5966 5977
5977 5981 1523
5966 1521 5981
5977 5966 5981
1523 5979 5976
5976 5943 394
5979 1516 5943
5976 5979 5943
1521 5965 5968
5968 5942 1516
5965 383 5942
5968 5965 5942
1523 5981 5979
5979 5968 1516
5981 1521 5968
5979 5981 5968
30 6534 5799
5799 6536 1479
6534 1656 6536
5799 6534 6536
1479 6542 5800
5800 6540 385
6542 1658 6540
5800 6542 6540
1656 6535 6543
6543 6541 1658
6535 426 6541
6543 6535 6541
1479 6536 6542
6542 6543 1658
6536 1656 6543
6542 6536 6543
385 6569 5802
5802 6571 1480
6569 1666 6571
5802 6569 6571
1480 6564 5801
5801 6562 104
6564 1664 6562
5801 6564 6562
1666 6570 6573
6573 6563 1664
6570 428 6563
6573 6570 6563
1480 6571 6564
6564 6573 1664
6571 1666 6573
6564 6571 6573
426 6539 6578
6578 6580 1668
6539 1657 6580
6578 6539 6580
1668 6582 6579
6579 6567 428
6582 1665 6567
6579 6582 6567
1657 6538 6568
6568 6566 1665
6538 113 6566
6568 6538 6566
1668 6580 6582
6582 6568 1665
6580 1657 6568
6582 6580 6568
385 6540 6569
6569 6572 1666
6540 1658 6572
6569 6540 6572
1666 6583 6570
6570 6579 428
6583 1668 6579
6570 6583 6579
1658 6541 6581
6581 6578 1668
6541 426 6578
6581 6541 6578
1666 6572 6583
6583 6581 1668
6572 1658 6581
6583 6572 6581
104 6201 5793
5793 6203 1477
6201 1578 6203
5793 6201 6203
1477 6209 5794
5794 6207 384
6209 1580 6207
5794 6209 6207
1578 6202 6211
6211 6208 1580
6202 409 6208
6211 6202 6208
1477 6203 6209
6209 6211 1580
6203 1578 6211
6209 6203 6211
384 6176 5791
5791 6178 1476
6176 1571 6178
5791 6176 6178
1476 6169 5790
5790 6166 9
6169 1568 6166
5790 6169 6166
1571 6177 6179
6179 6167 1568
6177 406 6167
6179 6177 6167
1476 6178 6169
6169 6179 1568
6178 1571 6179
6169 6178 6179
409 6205 6213
6213 6216 1581
6205 1579 6216
6213 6205 6216
1581 6214 6212
6212 6171 406
6214 1569 6171
6212 6214 6171
1579 6204 6206
6206 6170 1569
6204 109 6170
6206 6204 6170
1581 6216 6214
6214 6206 1569
6216 1579 6206
6214 6216 6206
384 6207 6176
6176 6210 1571
6207 1580 6210
6176 6207 6210
1571 6215 6177
6177 6212 406
6215 1581 6212
6177 6215 6212
1580 6208 6217
6217 6213 1581
6208 409 6213
6217 6208 6213
1571 6210 6215
6215 6217 1581
6210 1580 6217
6215 6210 6217
113 6552 6610
6610 6612 1675
6552 1661 6612
6610 6552 6612
1675 6628 6611
6611 6625 430
6628 1678 6625
6611 6628 6625
1661 6553 6626
6626 6624 1678
6553 427 6624
6626 6553 6624
1675 6612 6628
6628 6626 1678
6612 1661 6626
6628 6612 6626
430 6615 6607
6607 6618 1674
6615 1676 6618
6607 6615 6618
1674 6608 6606
6606 6182 109
6608 1573 6182
6606 6608 6182
1676 6614 6616
6616 6183 1573
6614 407 6183
6616 6614 6183
1674 6618 6608
6608 6616 1573
6618 1676 6616
6608 6618 6616
427 6549 6555
6555 6557 1662
6549 1660 6557
6555 6549 6557
1662 6556 6554
6554 6181 407
6556 1572 6181
6554 6556 6181
1660 6548 6550
6550 6180 1572
6548 31 6180
6550 6548 6180
1662 6557 6556
6556 6550 1572
6557 1660 6550
6556 6557 6550
430 6625 6615
6615 6629 1676
6625 1678 6629
6615 6625 6629
1676 6617 6614
6614 6554 407
6617 1662 6554
6614 6617 6554
1678 6624 6627
6627 6555 1662
6624 427 6555
6627 6624 6555
1676 6629 6617
6617 6627 1662
6629 1678 6627
6617 6629 6627
104 6562 6201
6201 6565 1578
6562 1664 6565
6201 6562 6565
1578 6576 6202
6202 6574 409
6576 1667 6574
6202 6576 6574
1664 6563 6577
6577 6575 1667
6563 428 6575
6577 6563 6575
1578 6565 6576
6576 6577 1667
6565 1664 6577
6576 6565 6577
409 6619 6205
6205 6621 1579
6619 1677 6621
6205 6619 6621
1579 6609 6204
6204 6606 109
6609 1674 6606
6204 6609 6606
1677 6620 6623
6623 6607 1674
6620 430 6607
6623 6620 6607
1579 6621 6609
6609 6623 1674
6621 1677 6623
6609 6621 6623
428 6567 6630
6630 6632 1679
6567 1665 6632
6630 6567 6632
1679 6634 6631
6631 6611 430
6634 1675 6611
6631 6634 6611
1665 6566 6613
6613 6610 1675
6566 113 6610
6613 6566 6610
1679 6632 6634
6634 6613 1675
6632 1665 6613
6634 6632 6613
409 6574 6619
6619 6622 1677
6574 1667 6622
6619 6574 6622
1677 6635 6620
6620 6631 430
6635 1679 6631
6620 6635 6631
1667 6575 6633
6633 6630 1679
6575 428 6630
6633 6575 6630
1677 6622 6635
6635 6633 1679
6622 1667 6633
6635 6622 6633
18 3390 6310
6310 6312 1604
3390 864 6312
6310 3390 6312
1604 6319 6311
6311 6317 415
6319 1606 6317
6311 6319 6317
864 3391 6318
6318 6316 1606
3391 225 6316
6318 3391 6316
1604 6312 6319
6319 6318 1606
6312 864 6318
6319 6312 6318
415 6349 6315
6315 6351 1605
6349 1615 6351
6315 6349 6351
1605 6339 6314
6314 6337 111
6339 1612 6337
6314 6339 6337
1615 6350 6353
6353 6338 1612
6350 417 6338
6353 6350 6338
1605 6351 6339
6339 6353 1612
6351 1615 6353
6339 6351 6353
225 3393 6340
6340 6342 1613
3393 865 6342
6340 3393 6342
1613 6344 6341
6341 6334 417
6344 1611 6334
6341 6344 6334
865 3392 6335
6335 6333 1611
3392 61 6333
6335 3392 6333
1613 6342 6344
6344 6335 1611
6342 865 6335
6344 6342 6335
415 6317 6349
6349 6352 1615
6317 1606 6352
6349 6317 6352
1615 6354 6350
6350 6341 417
6354 1613 6341
6350 6354 6341
1606 6316 6343
6343 6340 1613
6316 225 6340
6343 6316 6340
1615 6352 6354
6354 6343 1613
6352 1606 6343
6354 6352 6343
111 6376 6327
6327 6378 1609
6376 1621 6378
6327 6376 6378
1609 6392 6328
6328 6390 416
6392 1624 6390
6328 6392 6390
1621 6377 6394
6394 6391 1624
6377 419 6391
6394 6377 6391
1609 6378 6392
6392 6394 1624
6378 1621 6394
6392 6378 6394
416 6330 6325
6325 6332 1608
6330 1610 6332
6325 6330 6332
1608 6326 6324
6324 6128 31
6326 1558 6128
6324 6326 6128
1610 6329 6331
6331 6129 1558
6329 403 6129
6331 6329 6129
1608 6332 6326
6326 6331 1558
6332 1610 6331
6326 6332 6331
419 6373 6381
6381 6384 1622
6373 1620 6384
6381 6373 6384
1622 6382 6380
6380 6131 403
6382 1559 6131
6380 6382 6131
1620 6372 6374
6374 6130 1559
6372 108 6130
6374 6372 6130
1622 6384 6382
6382 6374 1559
6384 1620 6374
6382 6384 6374
416 6390 6330
6330 6393 1610
6390 1624 6393
6330 6390 6393
1610 6383 6329
6329 6380 403
6383 1622 6380
6329 6383 6380
1624 6391 6395
6395 6381 1622
6391 419 6381
6395 6391 6381
1610 6393 6383
6383 6395 1622
6393 1624 6395
6383 6393 6395
61 3388 6149
6149 6151 1564
3388 863 6151
6149 3388 6151
1564 6159 6150
6150 6156 405
6159 1566 6156
6150 6159 6156
863 3389 6157
6157 6155 1566
3389 224 6155
6157 3389 6155
1564 6151 6159
6159 6157 1566
6151 863 6157
6159 6151 6157
405 6161 6153
6153 6164 1565
6161 1567 6164
6153 6161 6164
1565 6154 6152
6152 6118 108
6154 1555 6118
6152 6154 6118
1567 6160 6162
6162 6119 1555
6160 402 6119
6162 6160 6119
1565 6164 6154
6154 6162 1555
6164 1567 6162
6154 6164 6162
224 3387 6124
6124 6126 1557
3387 862 6126
6124 3387 6126
1557 6127 6125
6125 6115 402
6127 1554 6115
6125 6127 6115
862 3386 6117
6117 6114 1554
3386 5 6114
6117 3386 6114
1557 6126 6127
6127 6117 1554
6126 862 6117
6127 6126 6117
405 6156 6161
6161 6165 1567
6156 1566 6165
6161 6156 6165
1567 6163 6160
6160 6125 402
6163 1557 6125
6160 6163 6125
1566 6155 6158
6158 6124 1557
6155 224 6124
6158 6155 6124
1567 6165 6163
6163 6158 1557
6165 1566 6158
6163 6165 6158
111 6337 6376
6376 6379 1621
6337 1612 6379
6376 6337 6379
1621 6400 6377
6377 6397 419
6400 1625 6397
6377 6400 6397
1612 6338 6398
6398 6396 1625
6338 417 6396
6398 6338 6396
1621 6379 6400
6400 6398 1625
6379 1612 6398
6400 6379 6398
419 6386 6373
6373 6389 1620
6386 1623 6389
6373 6386 6389
1620 6375 6372
6372 6152 108
6375 1565 6152
6372 6375 6152
1623 6385 6387
6387 6153 1565
6385 405 6153
6387 6385 6153
1620 6389 6375
6375 6387 1565
6389 1623 6387
6375 6389 6387
417 6334 6346
6346 6348 1614
6334 1611 6348
6346 6334 6348
1614 6347 6345
6345 6150 405
6347 1564 6150
6345 6347 6150
1611 6333 6336
6336 6149 1564
6333 61 6149
6336 6333 6149
1614 6348 6347
6347 6336 1564
6348 1611 6336
6347 6348 6336
419 6397 6386
6386 6401 1623
6397 1625 6401
6386 6397 6401
1623 6388 6385
6385 6345 405
6388 1614 6345
6385 6388 6345
1625 6396 6399
6399 6346 1614
6396 417 6346
6399 6396 6346
1623 6401 6388
6388 6399 1614
6401 1625 6399
6388 6401 6399
30 5921 6534
6534 6537 1656
5921 1510 6537
6534 5921 6537
1656 6547 6535
6535 6545 426
6547 1659 6545
6535 6547 6545
1510 5922 6546
6546 6544 1659
5922 393 6544
6546 5922 6544
1656 6537 6547
6547 6546 1659
6537 1510 6546
6547 6537 6546
426 6600 6539
6539 6602 1657
6600 1673 6602
6539 6600 6602
1657 6590 6538
6538 6588 113
6590 1670 6588
6538 6590 6588
1673 6601 6604
6604 6589 1670
6601 429 6589
6604 6601 6589
1657 6602 6590
6590 6604 1670
6602 1673 6604
6590 6602 6604
393 5925 6591
6591 6593 1671
5925 1511 6593
6591 5925 6593
1671 6595 6592
6592 6585 429
6595 1669 6585
6592 6595 6585
1511 5924 6586
6586 6584 1669
5924 106 6584
6586 5924 6584
1671 6593 6595
6595 6586 1669
6593 1511 6586
6595 6593 6586
426 6545 6600
6600 6603 1673
6545 1659 6603
6600 6545 6603
1673 6605 6601
6601 6592 429
6605 1671 6592
6601 6605 6592
1659 6544 6594
6594 6591 1671
6544 393 6591
6594 6544 6591
1673 6603 6605
6605 6594 1671
6603 1659 6594
6605 6603 6594
113 6640 6552
6552 6642 1661
6640 1681 6642
6552 6640 6642
1661 6656 6553
6553 6654 427
6656 1684 6654
6553 6656 6654
1681 6641 6658
6658 6655 1684
6641 431 6655
6658 6641 6655
1661 6642 6656
6656 6658 1684
6642 1681 6658
6656 6642 6658
427 6559 6549
6549 6561 1660
6559 1663 6561
6549 6559 6561
1660 6551 6548
6548 6324 31
6551 1608 6324
6548 6551 6324
1663 6558 6560
6560 6325 1608
6558 416 6325
6560 6558 6325
1660 6561 6551
6551 6560 1608
6561 1663 6560
6551 6561 6560
431 6637 6645
6645 6648 1682
6637 1680 6648
6645 6637 6648
1682 6646 6644
6644 6328 416
6646 1609 6328
6644 6646 6328
1680 6636 6638
6638 6327 1609
6636 111 6327
6638 6636 6327
1682 6648 6646
6646 6638 1609
6648 1680 6638
6646 6648 6638
427 6654 6559
6559 6657 1663
6654 1684 6657
6559 6654 6657
1663 6647 6558
6558 6644 416
6647 1682 6644
6558 6647 6644
1684 6655 6659
6659 6645 1682
6655 431 6645
6659 6655 6645
1663 6657 6647
6647 6659 1682
6657 1684 6659
6647 6657 6659
106 5915 6355
6355 6357 1616
5915 1508 6357
6355 5915 6357
1616 6365 6356
6356 6362 418
6365 1618 6362
6356 6365 6362
1508 5916 6363
6363 6361 1618
5916 392 6361
6363 5916 6361
1616 6357 6365
6365 6363 1618
6357 1508 6363
6365 6357 6363
418 6367 6359
6359 6370 1617
6367 1619 6370
6359 6367 6370
1617 6360 6358
6358 6314 111
6360 1605 6314
6358 6360 6314
1619 6366 6368
6368 6315 1605
6366 415 6315
6368 6366 6315
1617 6370 6360
6360 6368 1605
6370 1619 6368
6360 6370 6368
392 5913 6320
6320 6322 1607
5913 1507 6322
6320 5913 6322
1607 6323 6321
6321 6311 415
6323 1604 6311
6321 6323 6311
1507 5912 6313
6313 6310 1604
5912 18 6310
6313 5912 6310
1607 6322 6323
6323 6313 1604
6322 1507 6313
6323 6322 6313
418 6362 6367
6367 6371 1619
6362 1618 6371
6367 6362 6371
1619 6369 6366
6366 6321 415
6369 1607 6321
6366 6369 6321
1618 6361 6364
6364 6320 1607
6361 392 6320
6364 6361 6320
1619 6371 6369
6369 6364 1607
6371 1618 6364
6369 6371 6364
113 6588 6640
6640 6643 1681
6588 1670 6643
6640 6588 6643
1681 6664 6641
6641 6661 431
6664 1685 6661
6641 6664 6661
1670 6589 6662
6662 6660 1685
6589 429 6660
6662 6589 6660
1681 6643 6664
6664 6662 1685
6643 1670 6662
6664 6643 6662
431 6650 6637
6637 6653 1680
6650 1683 6653
6637 6650 6653
1680 6639 6636
6636 6358 111
6639 1617 6358
6636 6639 6358
1683 6649 6651
6651 6359 1617
6649 418 6359
6651 6649 6359
1680 6653 6639
6639 6651 1617
6653 1683 6651
6639 6653 6651
429 6585 6597
6597 6599 1672
6585 1669 6599
6597 6585 6599
1672 6598 6596
6596 6356 418
6598 1616 6356
6596 6598 6356
1669 6584 6587
6587 6355 1616
6584 106 6355
6587 6584 6355
1672 6599 6598
6598 6587 1616
6599 1669 6587
6598 6599 6587
431 6661 6650
6650 6665 1683
6661 1685 6665
6650 6661 6665
1683 6652 6649
6649 6596 418
6652 1672 6596
6649 6652 6596
1685 6660 6663
6663 6597 1672
6660 429 6597
6663 6660 6597
1683 6665 6652
6652 6663 1672
6665 1685 6663
6652 6665 6663
2 8562 2594
2594 8564 658
8562 2154 8564
2594 8562 8564
658 8570 2595
2595 8568 170
8570 2156 8568
2595 8570 8568
2154 8563 8571
8571 8569 2156
8563 546 8569
8571 8563 8569
658 8564 8570
8570 8571 2156
8564 2154 8571
8570 8564 8571
170 8586 2598
2598 8588 659
8586 2162 8588
2598 8586 8588
659 8582 2597
2597 8580 46
8582 2160 8580
2597 8582 8580
2162 8587 8590
8590 8581 2160
8587 548 8581
8590 8587 8581
659 8588 8582
8582 8590 2160
8588 2162 8590
8582 8588 8590
546 8567 8591
8591 8593 2163
8567 2155 8593
8591 8567 8593
2163 8595 8592
8592 8584 548
8595 2161 8584
8592 8595 8584
2155 8566 8585
8585 8583 2161
8566 141 8583
8585 8566 8583
2163 8593 8595
8595 8585 2161
8593 2155 8585
8595 8593 8585
170 8568 8586
8586 8589 2162
8568 2156 8589
8586 8568 8589
2162 8596 8587
8587 8592 548
8596 2163 8592
8587 8596 8592
2156 8569 8594
8594 8591 2163
8569 546 8591
8594 8569 8591
2162 8589 8596
8596 8594 2163
8589 2156 8594
8596 8589 8594
46 8640 2605
2605 8642 662
8640 2178 8642
2605 8640 8642
662 8649 2606
2606 8647 171
8649 2180 8647
2606 8649 8647
2178 8641 8651
8651 8648 2180
8641 554 8648
8651 8641 8648
662 8642 8649
8649 8651 2180
8642 2178 8651
8649 8642 8651
171 8627 2604
2604 8629 661
8627 2174 8629
2604 8627 8629
661 8624 2603
2603 8622 14
8624 2172 8622
2603 8624 8622
2174 8628 8630
8630 8623 2172
8628 552 8623
8630 8628 8623
661 8629 8624
8624 8630 2172
8629 2174 8630
8624 8629 8630
554 8645 8657
8657 8660 2182
8645 2179 8660
8657 8645 8660
2182 8658 8656
8656 8626 552
8658 2173 8626
8656 8658 8626
2179 8644 8646
8646 8625 2173
8644 143 8625
8646 8644 8625
2182 8660 8658
8658 8646 2173
8660 2179 8646
8658 8660 8646
171 8647 8627
8627 8650 2174
8647 2180 8650
8627 8647 8650
2174 8659 8628
8628 8656 552
8659 2182 8656
8628 8659 8656
2180 8648 8661
8661 8657 2182
8648 554 8657
8661 8648 8657
2174 8650 8659
8659 8661 2182
8650 2180 8661
8659 8650 8661
141 8578 8662
8662 8664 2183
8578 2159 8664
8662 8578 8664
2183 8674 8663
8663 8671 555
8674 2185 8671
8663 8674 8671
2159 8579 8672
8672 8670 2185
8579 547 8670
8672 8579 8670
2183 8664 8674
8674 8672 2185
8664 2159 8672
8674 8664 8672
555 8681 8667
8667 8684 2184
8681 2187 8684
8667 8681 8684
2184 8668 8666
8666 8634 143
8668 2176 8634
8666 8668 8634
2187 8680 8682
8682 8635 2176
8680 553 8635
8682 8680 8635
2184 8684 8668
8668 8682 2176
8684 2187 8682
8668 8684 8682
547 8577 8636
8636 8638 2177
8577 2158 8638
8636 8577 8638
2177 8639 8637
8637 8632 553
8639 2175 8632
8637 8639 8632
2158 8576 8633
8633 8631 2175
8576 38 8631
8633 8576 8631
2177 8638 8639
8639 8633 2175
8638 2158 8633
8639 8638 8633
555 8671 8681
8681 8685 2187
8671 2185 8685
8681 8671 8685
2187 8683 8680
8680 8637 553
8683 2177 8637
8680 8683 8637
2185 8670 8673
8673 8636 2177
8670 547 8636
8673 8670 8636
2187 8685 8683
8683 8673 2177
8685 2185 8673
8683 8685 8673
46 8580 8640
8640 8643 2178
8580 2160 8643
8640 8580 8643
2178 8655 8641
8641 8653 554
8655 2181 8653
8641 8655 8653
2160 8581 8654
8654 8652 2181
8581 548 8652
8654 8581 8652
2178 8643 8655
8655 8654 2181
8643 2160 8654
8655 8643 8654
554 8686 8645
8645 8688 2179
8686 2188 8688
8645 8686 8688
2179 8669 8644
8644 8666 143
8669 2184 8666
8644 8669 8666
2188 8687 8690
8690 8667 2184
8687 555 8667
8690 8687 8667
2179 8688 8669
8669 8690 2184
8688 2188 8690
8669 8688 8690
548 8584 8675
8675 8677 2186
8584 2161 8677
8675 8584 8677
2186 8679 8676
8676 8663 555
8679 2183 8663
8676 8679 8663
2161 8583 8665
8665 8662 2183
8583 141 8662
8665 8583 8662
2186 8677 8679
8679 8665 2183
8677 2161 8665
8679 8677 8665
554 8653 8686
8686 8689 2188
8653 2181 8689
8686 8653 8689
2188 8691 8687
8687 8676 555
8691 2186 8676
8687 8691 8676
2181 8652 8678
8678 8675 2186
8652 548 8675
8678 8652 8675
2188 8689 8691
8691 8678 2186
8689 2181 8678
8691 8689 8678
14 8844 2628
2628 8846 669
8844 2229 8846
2628 8844 8846
669 8852 2629
2629 8850 174
8852 2231 8850
2629 8852 8850
2229 8845 8853
8853 8851 2231
8845 567 8851
8853 8845 8851
669 8846 8852
8852 8853 2231
8846 2229 8853
8852 8846 8853
174 8874 2631
2631 8876 670
8874 2238 8876
2631 8874 8876
670 8869 2630
2630 8867 47
8869 2236 8867
2630 8869 8867
2238 8875 8878
8878 8868 2236
8875 569 8868
8878 8875 8868
670 8876 8869
8869 8878 2236
8876 2238 8878
8869 8876 8878
567 8849 8883
8883 8885 2240
8849 2230 8885
8883 8849 8885
2240 8887 8884
8884 8872 569
8887 2237 8872
8884 8887 8872
2230 8848 8873
8873 8871 2237
8848 147 8871
8873 8848 8871
2240 8885 8887
8887 8873 2237
8885 2230 8873
8887 8885 8873
174 8850 8874
8874 8877 2238
8850 2231 8877
8874 8850 8877
2238 8888 8875
8875 8884 569
8888 2240 8884
8875 8888 8884
2231 8851 8886
8886 8883 2240
8851 567 8883
8886 8851 8883
2238 8877 8888
8888 8886 2240
8877 2231 8886
8888 8877 8886
47 8780 2626
2626 8782 668
8780 2212 8782
2626 8780 8782
668 8788 2627
2627 8786 173
8788 2214 8786
2627 8788 8786
2212 8781 8790
8790 8787 2214
8781 562 8787
8790 8781 8787
668 8782 8788
8788 8790 2214
8782 2212 8790
8788 8782 8790
173 8768 2625
2625 8770 667
8768 2208 8770
2625 8768 8770
667 8764 2624
2624 8762 4
8764 2206 8762
2624 8764 8762
2208 8769 8771
8771 8763 2206
8769 560 8763
8771 8769 8763
667 8770 8764
8764 8771 2206
8770 2208 8771
8764 8770 8771
562 8784 8792
8792 8795 2215
8784 2213 8795
8792 8784 8795
2215 8793 8791
8791 8767 560
8793 2207 8767
8791 8793 8767
2213 8783 8785
8785 8766 2207
8783 145 8766
8785 8783 8766
2215 8795 8793
8793 8785 2207
8795 2213 8785
8793 8795 8785
173 8786 8768
8768 8789 2208
8786 2214 8789
8768 8786 8789
2208 8794 8769
8769 8791 560
8794 2215 8791
8769 8794 8791
2214 8787 8796
8796 8792 2215
8787 562 8792
8796 8787 8792
2208 8789 8794
8794 8796 2215
8789 2214 8796
8794 8789 8796
147 8861 8910
8910 8912 2246
8861 2234 8912
8910 8861 8912
2246 8928 8911
8911 8925 571
8928 2249 8925
8911 8928 8925
2234 8862 8926
8926 8924 2249
8862 568 8924
8926 8862 8924
2246 8912 8928
8928 8926 2249
8912 2234 8926
8928 8912 8926
571 8915 8907
8907 8918 2245
8915 2247 8918
8907 8915 8918
2245 8908 8906
8906 8778 145
8908 2211 8778
8906 8908 8778
2247 8914 8916
8916 8779 2211
8914 561 8779
8916 8914 8779
2245 8918 8908
8908 8916 2211
8918 2247 8916
8908 8918 8916
568 8859 8864
8864 8866 2235
8859 2233 8866
8864 8859 8866
2235 8865 8863
8863 8777 561
8865 2210 8777
8863 8865 8777
2233 8858 8860
8860 8776 2210
8858 39 8776
8860 8858 8776
2235 8866 8865
8865 8860 2210
8866 2233 8860
8865 8866 8860
571 8925 8915
8915 8929 2247
8925 2249 8929
8915 8925 8929
2247 8917 8914
8914 8863 561
8917 2235 8863
8914 8917 8863
2249 8924 8927
8927 8864 2235
8924 568 8864
8927 8924 8864
2247 8929 8917
8917 8927 2235
8929 2249 8927
8917 8929 8927
47 8867 8780
8780 8870 2212
8867 2236 8870
8780 8867 8870
2212 8881 8781
8781 8879 562
8881 2239 8879
8781 8881 8879
2236 8868 8882
8882 8880 2239
8868 569 8880
8882 8868 8880
2212 8870 8881
8881 8882 2239
8870 2236 8882
8881 8870 8882
562 8919 8784
8784 8921 2213
8919 2248 8921
8784 8919 8921
2213 8909 8783
8783 8906 145
8909 2245 8906
8783 8909 8906
2248 8920 8923
8923 8907 2245
8920 571 8907
8923 8920 8907
2213 8921 8909
8909 8923 2245
8921 2248 8923
8909 8921 8923
569 8872 8930
8930 8932 2250
8872 2237 8932
8930 8872 8932
2250 8934 8931
8931 8911 571
8934 2246 8911
8931 8934 8911
2237 8871 8913
8913 8910 2246
8871 147 8910
8913 8871 8910
2250 8932 8934
8934 8913 2246
8932 2237 8913
8934 8932 8913
562 8879 8919
8919 8922 2248
8879 2239 8922
8919 8879 8922
2248 8935 8920
8920 8931 571
8935 2250 8931
8920 8935 8931
2239 8880 8933
8933 8930 2250
8880 569 8930
8933 8880 8930
2248 8922 8935
8935 8933 2250
8922 2239 8933
8935 8922 8933
38 8618 9006
9006 9008 2268
8618 2170 9008
9006 8618 9008
2268 9015 9007
9007 9013 576
9015 2270 9013
9007 9015 9013
2170 8619 9014
9014 9012 2270
8619 551 9012
9014 8619 9012
2268 9008 9015
9015 9014 2270
9008 2170 9014
9015 9008 9014
576 9050 9011
9011 9052 2269
9050 2280 9052
9011 9050 9052
2269 9040 9010
9010 9038 149
9040 2277 9038
9010 9040 9038
2280 9051 9054
9054 9039 2277
9051 578 9039
9054 9051 9039
2269 9052 9040
9040 9054 2277
9052 2280 9054
9040 9052 9054
551 8621 9041
9041 9043 2278
8621 2171 9043
9041 8621 9043
2278 9045 9042
9042 9035 578
9045 2276 9035
9042 9045 9035
2171 8620 9036
9036 9034 2276
8620 142 9034
9036 8620 9034
2278 9043 9045
9045 9036 2276
9043 2171 9036
9045 9043 9036
576 9013 9050
9050 9053 2280
9013 2270 9053
9050 9013 9053
2280 9055 9051
9051 9042 578
9055 2278 9042
9051 9055 9042
2270 9012 9044
9044 9041 2278
9012 551 9041
9044 9012 9041
2280 9053 9055
9055 9044 2278
9053 2270 9044
9055 9053 9044
149 9082 9024
9024 9084 2273
9082 2287 9084
9024 9082 9084
2273 9098 9025
9025 9096 577
9098 2290 9096
9025 9098 9096
2287 9083 9100
9100 9097 2290
9083 580 9097
9100 9083 9097
2273 9084 9098
9098 9100 2290
9084 2287 9100
9098 9084 9100
577 9027 9021
9021 9029 2272
9027 2274 9029
9021 9027 9029
2272 9022 9020
9020 8823 39
9022 2223 8823
9020 9022 8823
2274 9026 9028
9028 8824 2223
9026 565 8824
9028 9026 8824
2272 9029 9022
9022 9028 2223
9029 2274 9028
9022 9029 9028
580 9079 9087
9087 9090 2288
9079 2286 9090
9087 9079 9090
2288 9088 9086
9086 8826 565
9088 2224 8826
9086 9088 8826
2286 9078 9080
9080 8825 2224
9078 146 8825
9080 9078 8825
2288 9090 9088
9088 9080 2224
9090 2286 9080
9088 9090 9080
577 9096 9027
9027 9099 2274
9096 2290 9099
9027 9096 9099
2274 9089 9026
9026 9086 565
9089 2288 9086
9026 9089 9086
2290 9097 9101
9101 9087 2288
9097 580 9087
9101 9097 9087
2274 9099 9089
9089 9101 2288
9099 2290 9101
9089 9099 9101
142 8616 8827
8827 8829 2225
8616 2169 8829
8827 8616 8829
2225 8837 8828
8828 8834 566
8837 2227 8834
8828 8837 8834
2169 8617 8835
8835 8833 2227
8617 550 8833
8835 8617 8833
2225 8829 8837
8837 8835 2227
8829 2169 8835
8837 8829 8835
566 8839 8831
8831 8842 2226
8839 2228 8842
8831 8839 8842
2226 8832 8830
8830 8817 146
8832 2221 8817
8830 8832 8817
2228 8838 8840
8840 8818 2221
8838 564 8818
8840 8838 8818
2226 8842 8832
8832 8840 2221
8842 2228 8840
8832 8842 8840
550 8615 8819
8819 8821 2222
8615 2168 8821
8819 8615 8821
2222 8822 8820
8820 8815 564
8822 2220 8815
8820 8822 8815
2168 8614 8816
8816 8814 2220
8614 11 8814
8816 8614 8814
2222 8821 8822
8822 8816 2220
8821 2168 8816
8822 8821 8816
566 8834 8839
8839 8843 2228
8834 2227 8843
8839 8834 8843
2228 8841 8838
8838 8820 564
8841 2222 8820
8838 8841 8820
2227 8833 8836
8836 8819 2222
8833 550 8819
8836 8833 8819
2228 8843 8841
8841 8836 2222
8843 2227 8836
8841 8843 8836
149 9038 9082
9082 9085 2287
9038 2277 9085
9082 9038 9085
2287 9106 9083
9083 9103 580
9106 2291 9103
9083 9106 9103
2277 9039 9104
9104 9102 2291
9039 578 9102
9104 9039 9102
2287 9085 9106
9106 9104 2291
9085 2277 9104
9106 9085 9104
580 9092 9079
9079 9095 2286
9092 2289 9095
9079 9092 9095
2286 9081 9078
9078 8830 146
9081 2226 8830
9078 9081 8830
2289 9091 9093
9093 8831 2226
9091 566 8831
9093 9091 8831
2286 9095 9081
9081 9093 2226
9095 2289 9093
9081 9095 9093
578 9035 9047
9047 9049 2279
9035 2276 9049
9047 9035 9049
2279 9048 9046
9046 8828 566
9048 2225 8828
9046 9048 8828
2276 9034 9037
9037 8827 2225
9034 142 8827
9037 9034 8827
2279 9049 9048
9048 9037 2225
9049 2276 9037
9048 9049 9037
580 9103 9092
9092 9107 2289
9103 2291 9107
9092 9103 9107
2289 9094 9091
9091 9046 566
9094 2279 9046
9091 9094 9046
2291 9102 9105
9105 9047 2279
9102 578 9047
9105 9102 9047
2289 9107 9094
9094 9105 2279
9107 2291 9105
9094 9107 9105
14 8622 8844
8844 8847 2229
8622 2172 8847
8844 8622 8847
2229 8857 8845
8845 8855 567
8857 2232 8855
8845 8857 8855
2172 8623 8856
8856 8854 2232
8623 552 8854
8856 8623 8854
2229 8847 8857
8857 8856 2232
8847 2172 8856
8857 8847 8856
567 8900 8849
8849 8902 2230
8900 2244 8902
8849 8900 8902
2230 8894 8848
8848 8892 147
8894 2242 8892
8848 8894 8892
2244 8901 8904
8904 8893 2242
8901 570 8893
8904 8901 8893
2230 8902 8894
8894 8904 2242
8902 2244 8904
8894 8902 8904
552 8626 8895
8895 8897 2243
8626 2173 8897
8895 8626 8897
2243 8899 8896
8896 8890 570
8899 2241 8890
8896 8899 8890
2173 8625 8891
8891 8889 2241
8625 143 8889
8891 8625 8889
2243 8897 8899
8899 8891 2241
8897 2173 8891
8899 8897 8891
567 8855 8900
8900 8903 2244
8855 2232 8903
8900 8855 8903
2244 8905 8901
8901 8896 570
8905 2243 8896
8901 8905 8896
2232 8854 8898
8898 8895 2243
8854 552 8895
8898 8854 8895
2244 8903 8905
8905 8898 2243
8903 2232 8898
8905 8903 8898
147 9108 8861
8861 9110 2234
9108 2292 9110
8861 9108 9110
2234 9118 8862
8862 9116 568
9118 2294 9116
8862 9118 9116
2292 9109 9120
9120 9117 2294
9109 581 9117
9120 9109 9117
2234 9110 9118
9118 9120 2294
9110 2292 9120
9118 9110 9120
568 9030 8859
8859 9032 2233
9030 2275 9032
8859 9030 9032
2233 9023 8858
8858 9020 39
9023 2272 9020
8858 9023 9020
2275 9031 9033
9033 9021 2272
9031 577 9021
9033 9031 9021
2233 9032 9023
9023 9033 2272
9032 2275 9033
9023 9032 9033
581 9113 9127
9127 9130 2296
9113 2293 9130
9127 9113 9130
2296 9128 9126
9126 9025 577
9128 2273 9025
9126 9128 9025
2293 9112 9114
9114 9024 2273
9112 149 9024
9114 9112 9024
2296 9130 9128
9128 9114 2273
9130 2293 9114
9128 9130 9114
568 9116 9030
9030 9119 2275
9116 2294 9119
9030 9116 9119
2275 9129 9031
9031 9126 577
9129 2296 9126
9031 9129 9126
2294 9117 9131
9131 9127 2296
9117 581 9127
9131 9117 9127
2275 9119 9129
9129 9131 2296
9119 2294 9131
9129 9119 9131
143 8634 9056
9056 9058 2281
8634 2176 9058
9056 8634 9058
2281 9067 9057
9057 9064 579
9067 2283 9064
9057 9067 9064
2176 8635 9065
9065 9063 2283
8635 553 9063
9065 8635 9063
2281 9058 9067
9067 9065 2283
9058 2176 9065
9067 9058 9065
579 9073 9061
9061 9076 2282
9073 2285 9076
9061 9073 9076
2282 9062 9060
9060 9010 149
9062 2269 9010
9060 9062 9010
2285 9072 9074
9074 9011 2269
9072 576 9011
9074 9072 9011
2282 9076 9062
9062 9074 2269
9076 2285 9074
9062 9076 9074
553 8632 9016
9016 9018 2271
8632 2175 9018
9016 8632 9018
2271 9019 9017
9017 9007 576
9019 2268 9007
9017 9019 9007
2175 8631 9009
9009 9006 2268
8631 38 9006
9009 8631 9006
2271 9018 9019
9019 9009 2268
9018 2175 9009
9019 9018 9009
579 9064 9073
9073 9077 2285
9064 2283 9077
9073 9064 9077
2285 9075 9072
9072 9017 576
9075 2271 9017
9072 9075 9017
2283 9063 9066
9066 9016 2271
9063 553 9016
9066 9063 9016
2285 9077 9075
9075 9066 2271
9077 2283 9066
9075 9077 9066
147 8892 9108
9108 9111 2292
8892 2242 9111
9108 8892 9111
2292 9125 9109
9109 9122 581
9125 2295 9122
9109 9125 9122
2242 8893 9123
9123 9121 2295
8893 570 9121
9123 8893 9121
2292 9111 9125
9125 9123 2295
9111 2242 9123
9125 9111 9123
581 9133 9113
9113 9136 2293
9133 2297 9136
9113 9133 9136
2293 9115 9112
9112 9060 149
9115 2282 9060
9112 9115 9060
2297 9132 9134
9134 9061 2282
9132 579 9061
9134 9132 9061
2293 9136 9115
9115 9134 2282
9136 2297 9134
9115 9136 9134
570 8890 9068
9068 9070 2284
8890 2241 9070
9068 8890 9070
2284 9071 9069
9069 9057 579
9071 2281 9057
9069 9071 9057
2241 8889 9059
9059 9056 2281
8889 143 9056
9059 8889 9056
2284 9070 9071
9071 9059 2281
9070 2241 9059
9071 9070 9059
581 9122 9133
9133 9137 2297
9122 2295 9137
9133 9122 9137
2297 9135 9132
9132 9069 579
9135 2284 9069
9132 9135 9069
2295 9121 9124
9124 9068 2284
9121 570 9068
9124 9121 9068
2297 9137 9135
9135 9124 2284
9137 2295 9124
9135 9137 9124
6 7434 3424
3424 7436 875
7434 1878 7436
3424 7434 7436
875 7442 3425
3425 7440 229
7442 1880 7440
3425 7442 7440
1878 7435 7443
7443 7441 1880
7435 480 7441
7443 7435 7441
875 7436 7442
7442 7443 1880
7436 1878 7443
7442 7436 7443
229 7458 3427
3427 7460 876
7458 1886 7460
3427 7458 7460
876 7454 3426
3426 7452 63
7454 1884 7452
3426 7454 7452
1886 7459 7462
7462 7453 1884
7459 482 7453
7462 7459 7453
876 7460 7454
7454 7462 1884
7460 1886 7462
7454 7460 7462
480 7439 7463
7463 7465 1887
7439 1879 7465
7463 7439 7465
1887 7467 7464
7464 7456 482
7467 1885 7456
7464 7467 7456
1879 7438 7457
7457 7455 1885
7438 126 7455
7457 7438 7455
1887 7465 7467
7467 7457 1885
7465 1879 7457
7467 7465 7457
229 7440 7458
7458 7461 1886
7440 1880 7461
7458 7440 7461
1886 7468 7459
7459 7464 482
7468 1887 7464
7459 7468 7464
1880 7441 7466
7466 7463 1887
7441 480 7463
7466 7441 7463
1886 7461 7468
7468 7466 1887
7461 1880 7466
7468 7461 7466
63 7539 3430
3430 7541 878
7539 1908 7541
3430 7539 7541
878 7548 3431
3431 7546 230
7548 1910 7546
3431 7548 7546
1908 7540 7550
7550 7547 1910
7540 489 7547
7550 7540 7547
878 7541 7548
7548 7550 1910
7541 1908 7550
7548 7541 7550
230 7522 3429
3429 7524 877
7522 1903 7524
3429 7522 7524
877 7518 3428
3428 7516 19
7518 1901 7516
3428 7518 7516
1903 7523 7525
7525 7517 1901
7523 487 7517
7525 7523 7517
877 7524 7518
7518 7525 1901
7524 1903 7525
7518 7524 7525
489 7544 7556
7556 7559 1912
7544 1909 7559
7556 7544 7559
1912 7557 7555
7555 7521 487
7557 1902 7521
7555 7557 7521
1909 7543 7545
7545 7520 1902
7543 128 7520
7545 7543 7520
1912 7559 7557
7557 7545 1902
7559 1909 7545
7557 7559 7545
230 7546 7522
7522 7549 1903
7546 1910 7549
7522 7546 7549
1903 7558 7523
7523 7555 487
7558 1912 7555
7523 7558 7555
1910 7547 7560
7560 7556 1912
7547 489 7556
7560 7547 7556
1903 7549 7558
7558 7560 1912
7549 1910 7560
7558 7549 7560
126 7450 7578
7578 7580 1917
7450 1883 7580
7578 7450 7580
1917 7590 7579
7579 7587 491
7590 1919 7587
7579 7590 7587
1883 7451 7588
7588 7586 1919
7451 481 7586
7588 7451 7586
1917 7580 7590
7590 7588 1919
7580 1883 7588
7590 7580 7588
491 7597 7583
7583 7600 1918
7597 1921 7600
7583 7597 7600
1918 7584 7582
7582 7533 128
7584 1906 7533
7582 7584 7533
1921 7596 7598
7598 7534 1906
7596 488 7534
7598 7596 7534
1918 7600 7584
7584 7598 1906
7600 1921 7598
7584 7600 7598
481 7449 7535
7535 7537 1907
7449 1882 7537
7535 7449 7537
1907 7538 7536
7536 7531 488
7538 1905 7531
7536 7538 7531
1882 7448 7532
7532 7530 1905
7448 35 7530
7532 7448 7530
1907 7537 7538
7538 7532 1905
7537 1882 7532
7538 7537 7532
491 7587 7597
7597 7601 1921
7587 1919 7601
7597 7587 7601
1921 7599 7596
7596 7536 488
7599 1907 7536
7596 7599 7536
1919 7586 7589
7589 7535 1907
7586 481 7535
7589 7586 7535
1921 7601 7599
7599 7589 1907
7601 1919 7589
7599 7601 7589
63 7452 7539
7539 7542 1908
7452 1884 7542
7539 7452 7542
1908 7554 7540
7540 7552 489
7554 1911 7552
7540 7554 7552
1884 7453 7553
7553 7551 1911
7453 482 7551
7553 7453 7551
1908 7542 7554
7554 7553 1911
7542 1884 7553
7554 7542 7553
489 7602 7544
7544 7604 1909
7602 1922 7604
7544 7602 7604
1909 7585 7543
7543 7582 128
7585 1918 7582
7543 7585 7582
1922 7603 7606
7606 7583 1918
7603 491 7583
7606 7603 7583
1909 7604 7585
7585 7606 1918
7604 1922 7606
7585 7604 7606
482 7456 7591
7591 7593 1920
7456 1885 7593
7591 7456 7593
1920 7595 7592
7592 7579 491
7595 1917 7579
7592 7595 7579
1885 7455 7581
7581 7578 1917
7455 126 7578
7581 7455 7578
1920 7593 7595
7595 7581 1917
7593 1885 7581
7595 7593 7581
489 7552 7602
7602 7605 1922
7552 1911 7605
7602 7552 7605
1922 7607 7603
7603 7592 491
7607 1920 7592
7603 7607 7592
1911 7551 7594
7594 7591 1920
7551 482 7591
7594 7551 7591
1922 7605 7607
7607 7594 1920
7605 1911 7594
7607 7605 7594
19 7364 3403
3403 7366 869
7364 1861 7366
3403 7364 7366
869 7371 3404
3404 7369 227
7371 1863 7369
3404 7371 7369
1861 7365 7372
7372 7370 1863
7365 476 7370
7372 7365 7370
869 7366 7371
7371 7372 1863
7366 1861 7372
7371 7366 7372
227 7389 3406
3406 7391 870
7389 1869 7391
3406 7389 7391
870 7384 3405
3405 7382 62
7384 1867 7382
3405 7384 7382
1869 7390 7393
7393 7383 1867
7390 478 7383
7393 7390 7383
870 7391 7384
7384 7393 1867
7391 1869 7393
7384 7391 7393
476 7368 7398
7398 7400 1871
7368 1862 7400
7398 7368 7400
1871 7402 7399
7399 7387 478
7402 1868 7387
7399 7402 7387
1862 7367 7388
7388 7386 1868
7367 125 7386
7388 7367 7386
1871 7400 7402
7402 7388 1868
7400 1862 7388
7402 7400 7388
227 7369 7389
7389 7392 1869
7369 1863 7392
7389 7369 7392
1869 7403 7390
7390 7399 478
7403 1871 7399
7390 7403 7399
1863 7370 7401
7401 7398 1871
7370 476 7398
7401 7370 7398
1869 7392 7403
7403 7401 1871
7392 1863 7401
7403 7392 7401
62 7339 3397
3397 7341 867
7339 1853 7341
3397 7339 7341
867 7347 3398
3398 7345 226
7347 1855 7345
3398 7347 7345
1853 7340 7349
7349 7346 1855
7340 473 7346
7349 7340 7346
867 7341 7347
7347 7349 1855
7341 1853 7349
7347 7341 7349
226 7331 3395
3395 7333 866
7331 1850 7333
3395 7331 7333
866 7328 3394
3394 7326 2
7328 1848 7326
3394 7328 7326
1850 7332 7334
7334 7327 1848
7332 471 7327
7334 7332 7327
866 7333 7328
7328 7334 1848
7333 1850 7334
7328 7333 7334
473 7343 7351
7351 7354 1856
7343 1854 7354
7351 7343 7354
1856 7352 7350
7350 7330 471
7352 1849 7330
7350 7352 7330
1854 7342 7344
7344 7329 1849
7342 123 7329
7344 7342 7329
1856 7354 7352
7352 7344 1849
7354 1854 7344
7352 7354 7344
226 7345 7331
7331 7348 1850
7345 1855 7348
7331 7345 7348
1850 7353 7332
7332 7350 471
7353 1856 7350
7332 7353 7350
1855 7346 7355
7355 7351 1856
7346 473 7351
7355 7346 7351
1850 7348 7353
7353 7355 1856
7348 1855 7355
7353 7348 7355
125 7376 7408
7408 7410 1873
7376 1865 7410
7408 7376 7410
1873 7426 7409
7409 7423 479
7426 1876 7423
7409 7426 7423
1865 7377 7424
7424 7422 1876
7377 477 7422
7424 7377 7422
1873 7410 7426
7426 7424 1876
7410 1865 7424
7426 7410 7424
479 7413 7405
7405 7416 1872
7413 1874 7416
7405 7413 7416
1872 7406 7404
7404 7337 123
7406 1852 7337
7404 7406 7337
1874 7412 7414
7414 7338 1852
7412 472 7338
7414 7412 7338
1872 7416 7406
7406 7414 1852
7416 1874 7414
7406 7416 7414
477 7374 7379
7379 7381 1866
7374 1864 7381
7379 7374 7381
1866 7380 7378
7378 7336 472
7380 1851 7336
7378 7380 7336
1864 7373 7375
7375 7335 1851
7373 34 7335
7375 7373 7335
1866 7381 7380
7380 7375 1851
7381 1864 7375
7380 7381 7375
479 7423 7413
7413 7427 1874
7423 1876 7427
7413 7423 7427
1874 7415 7412
7412 7378 472
7415 1866 7378
7412 7415 7378
1876 7422 7425
7425 7379 1866
7422 477 7379
7425 7422 7379
1874 7427 7415
7415 7425 1866
7427 1876 7425
7415 7427 7425
62 7382 7339
7339 7385 1853
7382 1867 7385
7339 7382 7385
1853 7396 7340
7340 7394 473
7396 1870 7394
7340 7396 7394
1867 7383 7397
7397 7395 1870
7383 478 7395
7397 7383 7395
1853 7385 7396
7396 7397 1870
7385 1867 7397
7396 7385 7397
473 7417 7343
7343 7419 1854
7417 1875 7419
7343 7417 7419
1854 7407 7342
7342 7404 123
7407 1872 7404
7342 7407 7404
1875 7418 7421
7421 7405 1872
7418 479 7405
7421 7418 7405
1854 7419 7407
7407 7421 1872
7419 1875 7421
7407 7419 7421
478 7387 7428
7428 7430 1877
7387 1868 7430
7428 7387 7430
1877 7432 7429
7429 7409 479
7432 1873 7409
7429 7432 7409
1868 7386 7411
7411 7408 1873
7386 125 7408
7411 7386 7408
1877 7430 7432
7432 7411 1873
7430 1868 7411
7432 7430 7411
473 7394 7417
7417 7420 1875
7394 1870 7420
7417 7394 7420
1875 7433 7418
7418 7429 479
7433 1877 7429
7418 7433 7429
1870 7395 7431
7431 7428 1877
7395 478 7428
7431 7395 7428
1875 7420 7433
7433 7431 1877
7420 1870 7431
7433 7420 7431
35 7495 7692
7692 7694 1944
7495 1895 7694
7692 7495 7694
1944 7701 7693
7693 7699 497
7701 1946 7699
7693 7701 7699
1895 7496 7700
7700 7698 1946
7496 485 7698
7700 7496 7698
1944 7694 7701
7701 7700 1946
7694 1895 7700
7701 7694 7700
497 7768 7697
7697 7770 1945
7768 1962 7770
7697 7768 7770
1945 7756 7696
7696 7754 130
7756 1959 7754
7696 7756 7754
1962 7769 7772
7772 7755 1959
7769 500 7755
7772 7769 7755
1945 7770 7756
7756 7772 1959
7770 1962 7772
7756 7770 7772
485 7498 7758
7758 7760 1960
7498 1896 7760
7758 7498 7760
1960 7762 7759
7759 7751 500
7762 1958 7751
7759 7762 7751
1896 7497 7752
7752 7750 1958
7497 127 7750
7752 7497 7750
1960 7760 7762
7762 7752 1958
7760 1896 7752
7762 7760 7752
497 7699 7768
7768 7771 1962
7699 1946 7771
7768 7699 7771
1962 7773 7769
7769 7759 500
7773 1960 7759
7769 7773 7759
1946 7698 7761
7761 7758 1960
7698 485 7758
7761 7698 7758
1962 7771 7773
7773 7761 1960
7771 1946 7761
7773 7771 7761
130 7710 7682
7682 7712 1941
7710 1949 7712
7682 7710 7712
1941 7724 7683
7683 7722 496
7724 1952 7722
7683 7724 7722
1949 7711 7726
7726 7723 1952
7711 498 7723
7726 7711 7723
1941 7712 7724
7724 7726 1952
7712 1949 7726
7724 7712 7726
496 7685 7679
7679 7687 1940
7685 1942 7687
7679 7685 7687
1940 7680 7678
7678 7360 34
7680 1859 7360
7678 7680 7360
1942 7684 7686
7686 7361 1859
7684 475 7361
7686 7684 7361
1940 7687 7680
7680 7686 1859
7687 1942 7686
7680 7687 7686
498 7707 7714
7714 7717 1950
7707 1948 7717
7714 7707 7717
1950 7715 7713
7713 7363 475
7715 1860 7363
7713 7715 7363
1948 7706 7708
7708 7362 1860
7706 124 7362
7708 7706 7362
1950 7717 7715
7715 7708 1860
7717 1948 7708
7715 7717 7708
496 7722 7685
7685 7725 1942
7722 1952 7725
7685 7722 7725
1942 7716 7684
7684 7713 475
7716 1950 7713
7684 7716 7713
1952 7723 7727
7727 7714 1950
7723 498 7714
7727 7723 7714
1942 7725 7716
7716 7727 1950
7725 1952 7727
7716 7725 7727
127 7489 7502
7502 7504 1898
7489 1893 7504
7502 7489 7504
1898 7514 7503
7503 7511 486
7514 1900 7511
7503 7514 7511
1893 7490 7512
7512 7510 1900
7490 484 7510
7512 7490 7510
1898 7504 7514
7514 7512 1900
7504 1893 7512
7514 7504 7512
486 7506 7500
7500 7509 1897
7506 1899 7509
7500 7506 7509
1897 7501 7499
7499 7358 124
7501 1858 7358
7499 7501 7358
1899 7505 7507
7507 7359 1858
7505 474 7359
7507 7505 7359
1897 7509 7501
7501 7507 1858
7509 1899 7507
7501 7509 7507
484 7487 7492
7492 7494 1894
7487 1892 7494
7492 7487 7494
1894 7493 7491
7491 7357 474
7493 1857 7357
7491 7493 7357
1892 7486 7488
7488 7356 1857
7486 10 7356
7488 7486 7356
1894 7494 7493
7493 7488 1857
7494 1892 7488
7493 7494 7488
486 7511 7506
7506 7515 1899
7511 1900 7515
7506 7511 7515
1899 7508 7505
7505 7491 474
7508 1894 7491
7505 7508 7491
1900 7510 7513
7513 7492 1894
7510 484 7492
7513 7510 7492
1899 7515 7508
7508 7513 1894
7515 1900 7513
7508 7515 7513
130 7754 7710
7710 7757 1949
7754 1959 7757
7710 7754 7757
1949 7776 7711
7711 7774 498
7776 1963 7774
7711 7776 7774
1959 7755 7778
7778 7775 1963
7755 500 7775
7778 7755 7775
1949 7757 7776
7776 7778 1963
7757 1959 7778
7776 7757 7778
498 7719 7707
7707 7721 1948
7719 1951 7721
7707 7719 7721
1948 7709 7706
7706 7499 124
7709 1897 7499
7706 7709 7499
1951 7718 7720
7720 7500 1897
7718 486 7500
7720 7718 7500
1948 7721 7709
7709 7720 1897
7721 1951 7720
7709 7721 7720
500 7751 7764
7764 7767 1961
7751 1958 7767
7764 7751 7767
1961 7765 7763
7763 7503 486
7765 1898 7503
7763 7765 7503
1958 7750 7753
7753 7502 1898
7750 127 7502
7753 7750 7502
1961 7767 7765
7765 7753 1898
7767 1958 7753
7765 7767 7753
498 7774 7719
7719 7777 1951
7774 1963 7777
7719 7774 7777
1951 7766 7718
7718 7763 486
7766 1961 7763
7718 7766 7763
1963 7775 7779
7779 7764 1961
7775 500 7764
7779 7775 7764
1951 7777 7766
7766 7779 1961
7777 1963 7779
7766 7777 7779
19 7516 7364
7364 7519 1861
7516 1901 7519
7364 7516 7519
1861 7528 7365
7365 7526 476
7528 1904 7526
7365 7528 7526
1901 7517 7529
7529 7527 1904
7517 487 7527
7529 7517 7527
1861 7519 7528
7528 7529 1904
7519 1901 7529
7528 7519 7529
476 7567 7368
7368 7569 1862
7567 1915 7569
7368 7567 7569
1862 7563 7367
7367 7561 125
7563 1913 7561
7367 7563 7561
1915 7568 7571
7571 7562 1913
7568 490 7562
7571 7568 7562
1862 7569 7563
7563 7571 1913
7569 1915 7571
7563 7569 7571
487 7521 7572
7572 7574 1916
7521 1902 7574
7572 7521 7574
1916 7576 7573
7573 7565 490
7576 1914 7565
7573 7576 7565
1902 7520 7566
7566 7564 1914
7520 128 7564
7566 7520 7564
1916 7574 7576
7576 7566 1914
7574 1902 7566
7576 7574 7566
476 7526 7567
7567 7570 1915
7526 1904 7570
7567 7526 7570
1915 7577 7568
7568 7573 490
7577 1916 7573
7568 7577 7573
1904 7527 7575
7575 7572 1916
7527 487 7572
7575 7527 7572
1915 7570 7577
7577 7575 1916
7570 1904 7575
7577 7570 7575
125 7728 7376
7376 7730 1865
7728 1953 7730
7376 7728 7730
1865 7737 7377
7377 7735 477
7737 1955 7735
7377 7737 7735
1953 7729 7739
7739 7736 1955
7729 499 7736
7739 7729 7736
1865 7730 7737
7737 7739 1955
7730 1953 7739
7737 7730 7739
477 7688 7374
7374 7690 1864
7688 1943 7690
7374 7688 7690
1864 7681 7373
7373 7678 34
7681 1940 7678
7373 7681 7678
1943 7689 7691
7691 7679 1940
7689 496 7679
7691 7689 7679
1864 7690 7681
7681 7691 1940
7690 1943 7691
7681 7690 7691
499 7733 7745
7745 7748 1957
7733 1954 7748
7745 7733 7748
1957 7746 7744
7744 7683 496
7746 1941 7683
7744 7746 7683
1954 7732 7734
7734 7682 1941
7732 130 7682
7734 7732 7682
1957 7748 7746
7746 7734 1941
7748 1954 7734
7746 7748 7734
477 7735 7688
7688 7738 1943
7735 1955 7738
7688 7735 7738
1943 7747 7689
7689 7744 496
7747 1957 7744
7689 7747 7744
1955 7736 7749
7749 7745 1957
7736 499 7745
7749 7736 7745
1943 7738 7747
7747 7749 1957
7738 1955 7749
7747 7738 7749
128 7533 7780
7780 7782 1964
7533 1906 7782
7780 7533 7782
1964 7792 7781
7781 7789 501
7792 1966 7789
7781 7792 7789
1906 7534 7790
7790 7788 1966
7534 488 7788
7790 7534 7788
1964 7782 7792
7792 7790 1966
7782 1906 7790
7792 7782 7790
501 7799 7785
7785 7802 1965
7799 1968 7802
7785 7799 7802
1965 7786 7784
7784 7696 130
7786 1945 7696
7784 7786 7696
1968 7798 7800
7800 7697 1945
7798 497 7697
7800 7798 7697
1965 7802 7786
7786 7800 1945
7802 1968 7800
7786 7802 7800
488 7531 7702
7702 7704 1947
7531 1905 7704
7702 7531 7704
1947 7705 7703
7703 7693 497
7705 1944 7693
7703 7705 7693
1905 7530 7695
7695 7692 1944
7530 35 7692
7695 7530 7692
1947 7704 7705
7705 7695 1944
7704 1905 7695
7705 7704 7695
501 7789 7799
7799 7803 1968
7789 1966 7803
7799 7789 7803
1968 7801 7798
7798 7703 497
7801 1947 7703
7798 7801 7703
1966 7788 7791
7791 7702 1947
7788 488 7702
7791 7788 7702
1968 7803 7801
7801 7791 1947
7803 1966 7791
7801 7803 7791
125 7561 7728
7728 7731 1953
7561 1913 7731
7728 7561 7731
1953 7743 7729
7729 7741 499
7743 1956 7741
7729 7743 7741
1913 7562 7742
7742 7740 1956
7562 490 7740
7742 7562 7740
1953 7731 7743
7743 7742 1956
7731 1913 7742
7743 7731 7742
499 7804 7733
7733 7806 1954
7804 1969 7806
7733 7804 7806
1954 7787 7732
7732 7784 130
7787 1965 7784
7732 7787 7784
1969 7805 7808
7808 7785 1965
7805 501 7785
7808 7805 7785
1954 7806 7787
7787 7808 1965
7806 1969 7808
7787 7806 7808
490 7565 7793
7793 7795 1967
7565 1914 7795
7793 7565 7795
1967 7797 7794
7794 7781 501
7797 1964 7781
7794 7797 7781
1914 7564 7783
7783 7780 1964
7564 128 7780
7783 7564 7780
1967 7795 7797
7797 7783 1964
7795 1914 7783
7797 7795 7783
499 7741 7804
7804 7807 1969
7741 1956 7807
7804 7741 7807
1969 7809 7805
7805 7794 501
7809 1967 7794
7805 7809 7794
1956 7740 7796
7796 7793 1967
7740 490 7793
7796 7740 7793
1969 7807 7809
7809 7796 1967
7807 1956 7796
7809 7807 7796
8 4838 4462
4462 4841 1148
4838 1240 4841
4462 4838 4841
1148 4850 4463
4463 4848 304
4850 1243 4848
4463 4850 4848
1240 4839 4851
4851 4849 1243
4839 326 4849
4851 4839 4849
1148 4841 4850
4850 4851 1243
4841 1240 4851
4850 4841 4851
304 4879 4466
4466 4881 1149
4879 1252 4881
4466 4879 4881
1149 4875 4465
4465 4873 85
4875 1250 4873
4465 4875 4873
1252 4880 4883
4883 4874 1250
4880 329 4874
4883 4880 4874
1149 4881 4875
4875 4883 1250
4881 1252 4883
4875 4881 4883
326 4843 4884
4884 4886 1253
4843 1241 4886
4884 4843 4886
1253 4888 4885
4885 4877 329
4888 1251 4877
4885 4888 4877
1241 4842 4878
4878 4876 1251
4842 90 4876
4878 4842 4876
1253 4886 4888
4888 4878 1251
4886 1241 4878
4888 4886 4878
304 4848 4879
4879 4882 1252
4848 1243 4882
4879 4848 4882
1252 4889 4880
4880 4885 329
4889 1253 4885
4880 4889 4885
1243 4849 4887
4887 4884 1253
4849 326 4884
4887 4849 4884
1252 4882 4889
4889 4887 1253
4882 1243 4887
4889 4882 4887
85 5234 4473
4473 5236 1152
5234 1336 5236
4473 5234 5236
1152 5243 4474
4474 5241 305
5243 1338 5241
4474 5243 5241
1336 5235 5245
5245 5242 1338
5235 348 5242
5245 5235 5242
1152 5236 5243
5243 5245 1338
5236 1336 5245
5243 5236 5245
305 5212 4472
4472 5214 1151
5212 1330 5214
4472 5212 5214
1151 5208 4471
4471 5206 26
5208 1328 5206
4471 5208 5206
1330 5213 5215
5215 5207 1328
5213 346 5207
5215 5213 5207
1151 5214 5208
5208 5215 1328
5214 1330 5215
5208 5214 5215
348 5239 5251
5251 5254 1340
5239 1337 5254
5251 5239 5254
1340 5252 5250
5250 5211 346
5252 1329 5211
5250 5252 5211
1337 5238 5240
5240 5210 1329
5238 94 5210
5240 5238 5210
1340 5254 5252
5252 5240 1329
5254 1337 5240
5252 5254 5240
305 5241 5212
5212 5244 1330
5241 1338 5244
5212 5241 5244
1330 5253 5213
5213 5250 346
5253 1340 5250
5213 5253 5250
1338 5242 5255
5255 5251 1340
5242 348 5251
5255 5242 5251
1330 5244 5253
5253 5255 1340
5244 1338 5255
5253 5244 5255
90 4854 5278
5278 5280 1346
4854 1245 5280
5278 4854 5280
1346 5290 5279
5279 5287 350
5290 1348 5287
5279 5290 5287
1245 4855 5288
5288 5286 1348
4855 327 5286
5288 4855 5286
1346 5280 5290
5290 5288 1348
5280 1245 5288
5290 5280 5288
350 5297 5283
5283 5300 1347
5297 1350 5300
5283 5297 5300
1347 5284 5282
5282 5224 94
5284 1333 5224
5282 5284 5224
1350 5296 5298
5298 5225 1333
5296 347 5225
5298 5296 5225
1347 5300 5284
5284 5298 1333
5300 1350 5298
5284 5300 5298
327 4853 5226
5226 5228 1334
4853 1244 5228
5226 4853 5228
1334 5229 5227
5227 5221 347
5229 1332 5221
5227 5229 5221
1244 4852 5222
5222 5220 1332
4852 27 5220
5222 4852 5220
1334 5228 5229
5229 5222 1332
5228 1244 5222
5229 5228 5222
350 5287 5297
5297 5301 1350
5287 1348 5301
5297 5287 5301
1350 5299 5296
5296 5227 347
5299 1334 5227
5296 5299 5227
1348 5286 5289
5289 5226 1334
5286 327 5226
5289 5286 5226
1350 5301 5299
5299 5289 1334
5301 1348 5289
5299 5301 5289
85 4873 5234
5234 5237 1336
4873 1250 5237
5234 4873 5237
1336 5249 5235
5235 5247 348
5249 1339 5247
5235 5249 5247
1250 4874 5248
5248 5246 1339
4874 329 5246
5248 4874 5246
1336 5237 5249
5249 5248 1339
5237 1250 5248
5249 5237 5248
348 5302 5239
5239 5304 1337
5302 1351 5304
5239 5302 5304
1337 5285 5238
5238 5282 94
5285 1347 5282
5238 5285 5282
1351 5303 5306
5306 5283 1347
5303 350 5283
5306 5303 5283
1337 5304 5285
5285 5306 1347
5304 1351 5306
5285 5304 5306
329 4877 5291
5291 5293 1349
4877 1251 5293
5291 4877 5293
1349 5295 5292
5292 5279 350
5295 1346 5279
5292 5295 5279
1251 4876 5281
5281 5278 1346
4876 90 5278
5281 4876 5278
1349 5293 5295
5295 5281 1346
5293 1251 5281
5295 5293 5281
348 5247 5302
5302 5305 1351
5247 1339 5305
5302 5247 5305
1351 5307 5303
5303 5292 350
5307 1349 5292
5303 5307 5292
1339 5246 5294
5294 5291 1349
5246 329 5291
5294 5246 5291
1351 5305 5307
5307 5294 1349
5305 1339 5294
5307 5305 5294
26 4593 4424
4424 4595 1138
4593 1182 4595
4424 4593 4595
1138 4600 4425
4425 4598 301
4600 1184 4598
4425 4600 4598
1182 4594 4601
4601 4599 1184
4594 313 4599
4601 4594 4599
1138 4595 4600
4600 4601 1184
4595 1182 4601
4600 4595 4601
301 4632 4427
4427 4634 1139
4632 1192 4634
4427 4632 4634
1139 4626 4426
4426 4624 84
4626 1190 4624
4426 4626 4624
1192 4633 4636
4636 4625 1190
4633 315 4625
4636 4633 4625
1139 4634 4626
4626 4636 1190
4634 1192 4636
4626 4634 4636
313 4597 4642
4642 4644 1194
4597 1183 4644
4642 4597 4644
1194 4646 4643
4643 4629 315
4646 1191 4629
4643 4646 4629
1183 4596 4630
4630 4628 1191
4596 87 4628
4630 4596 4628
1194 4644 4646
4646 4630 1191
4644 1183 4630
4646 4644 4630
301 4598 4632
4632 4635 1192
4598 1184 4635
4632 4598 4635
1192 4647 4633
4633 4643 315
4647 1194 4643
4633 4647 4643
1184 4599 4645
4645 4642 1194
4599 313 4642
4645 4599 4642
1192 4635 4647
4647 4645 1194
4635 1184 4645
4647 4635 4645
84 4448 4414
4414 4450 1135
4448 1145 4450
4414 4448 4450
1135 4458 4415
4415 4456 300
4458 1147 4456
4415 4458 4456
1145 4449 4460
4460 4457 1147
4449 303 4457
4460 4449 4457
1135 4450 4458
4458 4460 1147
4450 1145 4460
4458 4450 4460
300 4421 4411
4411 4423 1134
4421 1137 4423
4411 4421 4423
1134 4413 4410
4410 4178 6
4413 1066 4178
4410 4413 4178
1137 4420 4422
4422 4179 1066
4420 278 4179
4422 4420 4179
1134 4423 4413
4413 4422 1066
4423 1137 4422
4413 4423 4422
303 4446 4452
4452 4455 1146
4446 1144 4455
4452 4446 4455
1146 4453 4451
4451 4181 278
4453 1067 4181
4451 4453 4181
1144 4445 4447
4447 4180 1067
4445 76 4180
4447 4445 4180
1146 4455 4453
4453 4447 1067
4455 1144 4447
4453 4455 4447
300 4456 4421
4421 4459 1137
4456 1147 4459
4421 4456 4459
1137 4454 4420
4420 4451 278
4454 1146 4451
4420 4454 4451
1147 4457 4461
4461 4452 1146
4457 303 4452
4461 4457 4452
1137 4459 4454
4454 4461 1146
4459 1147 4461
4454 4459 4461
87 4587 4606
4606 4608 1186
4587 1180 4608
4606 4587 4608
1186 4622 4607
4607 4619 314
4622 1189 4619
4607 4622 4619
1180 4588 4620
4620 4618 1189
4588 312 4618
4620 4588 4618
1186 4608 4622
4622 4620 1189
4608 1180 4620
4622 4608 4620
314 4610 4603
4603 4613 1185
4610 1187 4613
4603 4610 4613
1185 4604 4602
4602 4184 76
4604 1069 4184
4602 4604 4184
1187 4609 4611
4611 4185 1069
4609 279 4185
4611 4609 4185
1185 4613 4604
4604 4611 1069
4613 1187 4611
4604 4613 4611
312 4585 4590
4590 4592 1181
4585 1179 4592
4590 4585 4592
1181 4591 4589
4589 4183 279
4591 1068 4183
4589 4591 4183
1179 4584 4586
4586 4182 1068
4584 23 4182
4586 4584 4182
1181 4592 4591
4591 4586 1068
4592 1179 4586
4591 4592 4586
314 4619 4610
4610 4623 1187
4619 1189 4623
4610 4619 4623
1187 4612 4609
4609 4589 279
4612 1181 4589
4609 4612 4589
1189 4618 4621
4621 4590 1181
4618 312 4590
4621 4618 4590
1187 4623 4612
4612 4621 1181
4623 1189 4621
4612 4623 4621
84 4624 4448
4448 4627 1145
4624 1190 4627
4448 4624 4627
1145 4639 4449
4449 4637 303
4639 1193 4637
4449 4639 4637
1190 4625 4641
4641 4638 1193
4625 315 4638
4641 4625 4638
1145 4627 4639
4639 4641 1193
4627 1190 4641
4639 4627 4641
303 4614 4446
4446 4616 1144
4614 1188 4616
4446 4614 4616
1144 4605 4445
4445 4602 76
4605 1185 4602
4445 4605 4602
1188 4615 4617
4617 4603 1185
4615 314 4603
4617 4615 4603
1144 4616 4605
4605 4617 1185
4616 1188 4617
4605 4616 4617
315 4629 4649
4649 4652 1195
4629 1191 4652
4649 4629 4652
1195 4650 4648
4648 4607 314
4650 1186 4607
4648 4650 4607
1191 4628 4631
4631 4606 1186
4628 87 4606
4631 4628 4606
1195 4652 4650
4650 4631 1186
4652 1191 4631
4650 4652 4631
303 4637 4614
4614 4640 1188
4637 1193 4640
4614 4637 4640
1188 4651 4615
4615 4648 314
4651 1195 4648
4615 4651 4648
1193 4638 4653
4653 4649 1195
4638 315 4649
4653 4638 4649
1188 4640 4651
4651 4653 1195
4640 1193 4653
4651 4640 4653
27 4800 4996
4996 4998 1280
4800 1230 4998
4996 4800 4998
1280 5004 4997
4997 5002 336
5004 1282 5002
4997 5004 5002
1230 4801 5003
5003 5001 1282
4801 323 5001
5003 4801 5001
1280 4998 5004
5004 5003 1282
4998 1230 5003
5004 4998 5003
336 5062 5000
5000 5064 1281
5062 1296 5064
5000 5062 5064
1281 5050 4999
4999 5048 92
5050 1293 5048
4999 5050 5048
1296 5063 5066
5066 5049 1293
5063 339 5049
5066 5063 5049
1281 5064 5050
5050 5066 1293
5064 1296 5066
5050 5064 5066
323 4803 5052
5052 5054 1294
4803 1231 5054
5052 4803 5054
1294 5056 5053
5053 5045 339
5056 1292 5045
5053 5056 5045
1231 4802 5046
5046 5044 1292
4802 89 5044
5046 4802 5044
1294 5054 5056
5056 5046 1292
5054 1231 5046
5056 5054 5046
336 5002 5062
5062 5065 1296
5002 1282 5065
5062 5002 5065
1296 5067 5063
5063 5053 339
5067 1294 5053
5063 5067 5053
1282 5001 5055
5055 5052 1294
5001 323 5052
5055 5001 5052
1296 5065 5067
5067 5055 1294
5065 1282 5055
5067 5065 5055
92 5009 4986
4986 5011 1277
5009 1284 5011
4986 5009 5011
1277 5023 4987
4987 5021 335
5023 1287 5021
4987 5023 5021
1284 5010 5025
5025 5022 1287
5010 337 5022
5025 5010 5022
1277 5011 5023
5023 5025 1287
5011 1284 5025
5023 5011 5025
335 4989 4983
4983 4991 1276
4989 1278 4991
4983 4989 4991
1276 4984 4982
4982 4190 23
4984 1072 4190
4982 4984 4190
1278 4988 4990
4990 4191 1072
4988 281 4191
4990 4988 4191
1276 4991 4984
4984 4990 1072
4991 1278 4990
4984 4991 4990
337 5006 5013
5013 5016 1285
5006 1283 5016
5013 5006 5016
1285 5014 5012
5012 4193 281
5014 1073 4193
5012 5014 4193
1283 5005 5007
5007 4192 1073
5005 77 4192
5007 5005 4192
1285 5016 5014
5014 5007 1073
5016 1283 5007
5014 5016 5007
335 5021 4989
4989 5024 1278
5021 1287 5024
4989 5021 5024
1278 5015 4988
4988 5012 281
5015 1285 5012
4988 5015 5012
1287 5022 5026
5026 5013 1285
5022 337 5013
5026 5022 5013
1278 5024 5015
5015 5026 1285
5024 1287 5026
5015 5024 5026
89 4790 4824
4824 4826 1237
4790 1227 4826
4824 4790 4826
1237 4836 4825
4825 4833 325
4836 1239 4833
4825 4836 4833
1227 4791 4834
4834 4832 1239
4791 322 4832
4834 4791 4832
1237 4826 4836
4836 4834 1239
4826 1227 4834
4836 4826 4834
325 4828 4822
4822 4831 1236
4828 1238 4831
4822 4828 4831
1236 4823 4821
4821 4188 77
4823 1071 4188
4821 4823 4188
1238 4827 4829
4829 4189 1071
4827 280 4189
4829 4827 4189
1236 4831 4823
4823 4829 1071
4831 1238 4829
4823 4831 4829
322 4787 4797
4797 4799 1229
4787 1226 4799
4797 4787 4799
1229 4798 4796
4796 4187 280
4798 1070 4187
4796 4798 4187
1226 4786 4789
4789 4186 1070
4786 7 4186
4789 4786 4186
1229 4799 4798
4798 4789 1070
4799 1226 4789
4798 4799 4789
325 4833 4828
4828 4837 1238
4833 1239 4837
4828 4833 4837
1238 4830 4827
4827 4796 280
4830 1229 4796
4827 4830 4796
1239 4832 4835
4835 4797 1229
4832 322 4797
4835 4832 4797
1238 4837 4830
4830 4835 1229
4837 1239 4835
4830 4837 4835
92 5048 5009
5009 5051 1284
5048 1293 5051
5009 5048 5051
1284 5070 5010
5010 5068 337
5070 1297 5068
5010 5070 5068
1293 5049 5072
5072 5069 1297
5049 339 5069
5072 5049 5069
1284 5051 5070
5070 5072 1297
5051 1293 5072
5070 5051 5072
337 5018 5006
5006 5020 1283
5018 1286 5020
5006 5018 5020
1283 5008 5005
5005 4821 77
5008 1236 4821
5005 5008 4821
1286 5017 5019
5019 4822 1236
5017 325 4822
5019 5017 4822
1283 5020 5008
5008 5019 1236
5020 1286 5019
5008 5020 5019
339 5045 5058
5058 5061 1295
5045 1292 5061
5058 5045 5061
1295 5059 5057
5057 4825 325
5059 1237 4825
5057 5059 4825
1292 5044 5047
5047 4824 1237
5044 89 4824
5047 5044 4824
1295 5061 5059
5059 5047 1237
5061 1292 5047
5059 5061 5047
337 5068 5018
5018 5071 1286
5068 1297 5071
5018 5068 5071
1286 5060 5017
5017 5057 325
5060 1295 5057
5017 5060 5057
1297 5069 5073
5073 5058 1295
5069 339 5058
5073 5069 5058
1286 5071 5060
5060 5073 1295
5071 1297 5073
5060 5071 5073
26 5206 4593
4593 5209 1182
5206 1328 5209
4593 5206 5209
1182 5218 4594
4594 5216 313
5218 1331 5216
4594 5218 5216
1328 5207 5219
5219 5217 1331
5207 346 5217
5219 5207 5217
1182 5209 5218
5218 5219 1331
5209 1328 5219
5218 5209 5219
313 5263 4597
4597 5265 1183
5263 1343 5265
4597 5263 5265
1183 5258 4596
4596 5256 87
5258 1341 5256
4596 5258 5256
1343 5264 5267
5267 5257 1341
5264 349 5257
5267 5264 5257
1183 5265 5258
5258 5267 1341
5265 1343 5267
5258 5265 5267
346 5211 5272
5272 5274 1345
5211 1329 5274
5272 5211 5274
1345 5276 5273
5273 5261 349
5276 1342 5261
5273 5276 5261
1329 5210 5262
5262 5260 1342
5210 94 5260
5262 5210 5260
1345 5274 5276
5276 5262 1342
5274 1329 5262
5276 5274 5262
313 5216 5263
5263 5266 1343
5216 1331 5266
5263 5216 5266
1343 5277 5264
5264 5273 349
5277 1345 5273
5264 5277 5273
1331 5217 5275
5275 5272 1345
5217 346 5272
5275 5217 5272
1343 5266 5277
5277 5275 1345
5266 1331 5275
5277 5266 5275
87 5027 4587
4587 5029 1180
5027 1288 5029
4587 5027 5029
1180 5035 4588
4588 5033 312
5035 1290 5033
4588 5035 5033
1288 5028 5037
5037 5034 1290
5028 338 5034
5037 5028 5034
1180 5029 5035
5035 5037 1290
5029 1288 5037
5035 5029 5037
312 4992 4585
4585 4994 1179
4992 1279 4994
4585 4992 4994
1179 4985 4584
4584 4982 23
4985 1276 4982
4584 4985 4982
1279 4993 4995
4995 4983 1276
4993 335 4983
4995 4993 4983
1179 4994 4985
4985 4995 1276
4994 1279 4995
4985 4994 4995
338 5031 5039
5039 5042 1291
5031 1289 5042
5039 5031 5042
1291 5040 5038
5038 4987 335
5040 1277 4987
5038 5040 4987
1289 5030 5032
5032 4986 1277
5030 92 4986
5032 5030 4986
1291 5042 5040
5040 5032 1277
5042 1289 5032
5040 5042 5032
312 5033 4992
4992 5036 1279
5033 1290 5036
4992 5033 5036
1279 5041 4993
4993 5038 335
5041 1291 5038
4993 5041 5038
1290 5034 5043
5043 5039 1291
5034 338 5039
5043 5034 5039
1279 5036 5041
5041 5043 1291
5036 1290 5043
5041 5036 5043
94 5224 5312
5312 5314 1353
5224 1333 5314
5312 5224 5314
1353 5330 5313
5313 5327 351
5330 1356 5327
5313 5330 5327
1333 5225 5328
5328 5326 1356
5225 347 5326
5328 5225 5326
1353 5314 5330
5330 5328 1356
5314 1333 5328
5330 5314 5328
351 5317 5309
5309 5320 1352
5317 1354 5320
5309 5317 5320
1352 5310 5308
5308 4999 92
5310 1281 4999
5308 5310 4999
1354 5316 5318
5318 5000 1281
5316 336 5000
5318 5316 5000
1352 5320 5310
5310 5318 1281
5320 1354 5318
5310 5320 5318
347 5221 5231
5231 5233 1335
5221 1332 5233
5231 5221 5233
1335 5232 5230
5230 4997 336
5232 1280 4997
5230 5232 4997
1332 5220 5223
5223 4996 1280
5220 27 4996
5223 5220 4996
1335 5233 5232
5232 5223 1280
5233 1332 5223
5232 5233 5223
351 5327 5317
5317 5331 1354
5327 1356 5331
5317 5327 5331
1354 5319 5316
5316 5230 336
5319 1335 5230
5316 5319 5230
1356 5326 5329
5329 5231 1335
5326 347 5231
5329 5326 5231
1354 5331 5319
5319 5329 1335
5331 1356 5329
5319 5331 5329
87 5256 5027
5027 5259 1288
5256 1341 5259
5027 5256 5259
1288 5270 5028
5028 5268 338
5270 1344 5268
5028 5270 5268
1341 5257 5271
5271 5269 1344
5257 349 5269
5271 5257 5269
1288 5259 5270
5270 5271 1344
5259 1341 5271
5270 5259 5271
338 5321 5031
5031 5323 1289
5321 1355 5323
5031 5321 5323
1289 5311 5030
5030 5308 92
5311 1352 5308
5030 5311 5308
1355 5322 5325
5325 5309 1352
5322 351 5309
5325 5322 5309
1289 5323 5311
5311 5325 1352
5323 1355 5325
5311 5323 5325
349 5261 5332
5332 5334 1357
5261 1342 5334
5332 5261 5334
1357 5336 5333
5333 5313 351
5336 1353 5313
5333 5336 5313
1342 5260 5315
5315 5312 1353
5260 94 5312
5315 5260 5312
1357 5334 5336
5336 5315 1353
5334 1342 5315
5336 5334 5315
338 5268 5321
5321 5324 1355
5268 1344 5324
5321 5268 5324
1355 5337 5322
5322 5333 351
5337 1357 5333
5322 5337 5333
1344 5269 5335
5335 5332 1357
5269 349 5332
5335 5269 5332
1355 5324 5337
5337 5335 1357
5324 1344 5335
5337 5324 5335
9 5390 6718
6718 6720 1700
5390 1372 6720
6718 5390 6720
1700 6727 6719
6719 6725 436
6727 1702 6725
6719 6727 6725
1372 5391 6726
6726 6724 1702
5391 356 6724
6726 5391 6724
1700 6720 6727
6727 6726 1702
6720 1372 6726
6727 6720 6726
436 6747 6723
6723 6749 1701
6747 1709 6749
6723 6747 6749
1701 6741 6722
6722 6739 115
6741 1707 6739
6722 6741 6739
1709 6748 6751
6751 6740 1707
6748 438 6740
6751 6748 6740
1701 6749 6741
6741 6751 1707
6749 1709 6751
6741 6749 6751
356 5393 6742
6742 6744 1708
5393 1373 6744
6742 5393 6744
1708 6746 6743
6743 6737 438
6746 1706 6737
6743 6746 6737
1373 5392 6738
6738 6736 1706
5392 96 6736
6738 5392 6736
1708 6744 6746
6746 6738 1706
6744 1373 6738
6746 6744 6738
436 6725 6747
6747 6750 1709
6725 1702 6750
6747 6725 6750
1709 6752 6748
6748 6743 438
6752 1708 6743
6748 6752 6743
1702 6724 6745
6745 6742 1708
6724 356 6742
6745 6724 6742
1709 6750 6752
6752 6745 1708
6750 1702 6745
6752 6750 6745
115 7026 6734
6734 7028 1705
7026 1776 7028
6734 7026 7028
1705 7036 6735
6735 7034 437
7036 1778 7034
6735 7036 7034
1776 7027 7038
7038 7035 1778
7027 454 7035
7038 7027 7035
1705 7028 7036
7036 7038 1778
7028 1776 7038
7036 7028 7038
437 6974 6733
6733 6976 1704
6974 1764 6976
6733 6974 6976
1704 6970 6732
6732 6968 32
6970 1762 6968
6732 6970 6968
1764 6975 6977
6977 6969 1762
6975 451 6969
6977 6975 6969
1704 6976 6970
6970 6977 1762
6976 1764 6977
6970 6976 6977
454 7031 7045
7045 7048 1780
7031 1777 7048
7045 7031 7048
1780 7046 7044
7044 6973 451
7046 1763 6973
7044 7046 6973
1777 7030 7032
7032 6972 1763
7030 118 6972
7032 7030 6972
1780 7048 7046
7046 7032 1763
7048 1777 7032
7046 7048 7032
437 7034 6974
6974 7037 1764
7034 1778 7037
6974 7034 7037
1764 7047 6975
6975 7044 451
7047 1780 7044
6975 7047 7044
1778 7035 7049
7049 7045 1780
7035 454 7045
7049 7035 7045
1764 7037 7047
7047 7049 1780
7037 1778 7049
7047 7037 7049
96 5396 6982
6982 6984 1766
5396 1375 6984
6982 5396 6984
1766 6993 6983
6983 6990 452
6993 1768 6990
6983 6993 6990
1375 5397 6991
6991 6989 1768
5397 357 6989
6991 5397 6989
1766 6984 6993
6993 6991 1768
6984 1375 6991
6993 6984 6991
452 6999 6987
6987 7002 1767
6999 1770 7002
6987 6999 7002
1767 6988 6986
6986 6958 118
6988 1759 6958
6986 6988 6958
1770 6998 7000
7000 6959 1759
6998 450 6959
7000 6998 6959
1767 7002 6988
6988 7000 1759
7002 1770 7000
6988 7002 7000
357 5395 6960
6960 6962 1760
5395 1374 6962
6960 5395 6962
1760 6963 6961
6961 6955 450
6963 1758 6955
6961 6963 6955
1374 5394 6956
6956 6954 1758
5394 28 6954
6956 5394 6954
1760 6962 6963
6963 6956 1758
6962 1374 6956
6963 6962 6956
452 6990 6999
6999 7003 1770
6990 1768 7003
6999 6990 7003
1770 7001 6998
6998 6961 450
7001 1760 6961
6998 7001 6961
1768 6989 6992
6992 6960 1760
6989 357 6960
6992 6989 6960
1770 7003 7001
7001 6992 1760
7003 1768 6992
7001 7003 6992
115 6739 7026
7026 7029 1776
6739 1707 7029
7026 6739 7029
1776 7043 7027
7027 7040 454
7043 1779 7040
7027 7043 7040
1707 6740 7041
7041 7039 1779
6740 438 7039
7041 6740 7039
1776 7029 7043
7043 7041 1779
7029 1707 7041
7043 7029 7041
454 7051 7031
7031 7054 1777
7051 1781 7054
7031 7051 7054
1777 7033 7030
7030 6986 118
7033 1767 6986
7030 7033 6986
1781 7050 7052
7052 6987 1767
7050 452 6987
7052 7050 6987
1777 7054 7033
7033 7052 1767
7054 1781 7052
7033 7054 7052
438 6737 6994
6994 6996 1769
6737 1706 6996
6994 6737 6996
1769 6997 6995
6995 6983 452
6997 1766 6983
6995 6997 6983
1706 6736 6985
6985 6982 1766
6736 96 6982
6985 6736 6982
1769 6996 6997
6997 6985 1766
6996 1706 6985
6997 6996 6985
454 7040 7051
7051 7055 1781
7040 1779 7055
7051 7040 7055
1781 7053 7050
7050 6995 452
7053 1769 6995
7050 7053 6995
1779 7039 7042
7042 6994 1769
7039 438 6994
7042 7039 6994
1781 7055 7053
7053 7042 1769
7055 1779 7042
7053 7055 7042
32 6784 6680
6680 6786 1690
6784 1718 6786
6680 6784 6786
1690 6791 6681
6681 6789 433
6791 1720 6789
6681 6791 6789
1718 6785 6792
6792 6790 1720
6785 441 6790
6792 6785 6790
1690 6786 6791
6791 6792 1720
6786 1718 6792
6791 6786 6792
433 6840 6683
6683 6842 1691
6840 1732 6842
6683 6840 6842
1691 6834 6682
6682 6832 114
6834 1730 6832
6682 6834 6832
1732 6841 6844
6844 6833 1730
6841 444 6833
6844 6841 6833
1691 6842 6834
6834 6844 1730
6842 1732 6844
6834 6842 6844
441 6788 6850
6850 6852 1734
6788 1719 6852
6850 6788 6852
1734 6854 6851
6851 6837 444
6854 1731 6837
6851 6854 6837
1719 6787 6838
6838 6836 1731
6787 116 6836
6838 6787 6836
1734 6852 6854
6854 6838 1731
6852 1719 6838
6854 6852 6838
433 6789 6840
6840 6843 1732
6789 1720 6843
6840 6789 6843
1732 6855 6841
6841 6851 444
6855 1734 6851
6841 6855 6851
1720 6790 6853
6853 6850 1734
6790 441 6850
6853 6790 6850
1732 6843 6855
6855 6853 1734
6843 1720 6853
6855 6843 6853
114 6687 6670
6670 6689 1687
6687 1693 6689
6670 6687 6689
1687 6697 6671
6671 6695 432
6697 1695 6695
6671 6697 6695
1693 6688 6699
6699 6696 1695
6688 434 6696
6699 6688 6696
1687 6689 6697
6697 6699 1695
6689 1693 6699
6697 6689 6699
432 6673 6667
6667 6675 1686
6673 1688 6675
6667 6673 6675
1686 6668 6666
6666 4224 8
6668 1083 4224
6666 6668 4224
1688 6672 6674
6674 4225 1083
6672 285 4225
6674 6672 4225
1686 6675 6668
6668 6674 1083
6675 1688 6674
6668 6675 6674
434 6685 6691
6691 6694 1694
6685 1692 6694
6691 6685 6694
1694 6692 6690
6690 4227 285
6692 1084 4227
6690 6692 4227
1692 6684 6686
6686 4226 1084
6684 79 4226
6686 6684 4226
1694 6694 6692
6692 6686 1084
6694 1692 6686
6692 6694 6686
432 6695 6673
6673 6698 1688
6695 1695 6698
6673 6695 6698
1688 6693 6672
6672 6690 285
6693 1694 6690
6672 6693 6690
1695 6696 6700
6700 6691 1694
6696 434 6691
6700 6696 6691
1688 6698 6693
6693 6700 1694
6698 1695 6700
6693 6698 6700
116 6774 6797
6797 6799 1722
6774 1715 6799
6797 6774 6799
1722 6813 6798
6798 6810 442
6813 1725 6810
6798 6813 6810
1715 6775 6811
6811 6809 1725
6775 440 6809
6811 6775 6809
1722 6799 6813
6813 6811 1725
6799 1715 6811
6813 6799 6811
442 6801 6794
6794 6804 1721
6801 1723 6804
6794 6801 6804
1721 6795 6793
6793 4230 79
6795 1086 4230
6793 6795 4230
1723 6800 6802
6802 4231 1086
6800 286 4231
6802 6800 4231
1721 6804 6795
6795 6802 1086
6804 1723 6802
6795 6804 6802
440 6771 6777
6777 6779 1716
6771 1714 6779
6777 6771 6779
1716 6778 6776
6776 4229 286
6778 1085 4229
6776 6778 4229
1714 6770 6772
6772 4228 1085
6770 24 4228
6772 6770 4228
1716 6779 6778
6778 6772 1085
6779 1714 6772
6778 6779 6772
442 6810 6801
6801 6814 1723
6810 1725 6814
6801 6810 6814
1723 6803 6800
6800 6776 286
6803 1716 6776
6800 6803 6776
1725 6809 6812
6812 6777 1716
6809 440 6777
6812 6809 6777
1723 6814 6803
6803 6812 1716
6814 1725 6812
6803 6814 6812
114 6832 6687
6687 6835 1693
6832 1730 6835
6687 6832 6835
1693 6847 6688
6688 6845 434
6847 1733 6845
6688 6847 6845
1730 6833 6849
6849 6846 1733
6833 444 6846
6849 6833 6846
1693 6835 6847
6847 6849 1733
6835 1730 6849
6847 6835 6849
434 6805 6685
6685 6807 1692
6805 1724 6807
6685 6805 6807
1692 6796 6684
6684 6793 79
6796 1721 6793
6684 6796 6793
1724 6806 6808
6808 6794 1721
6806 442 6794
6808 6806 6794
1692 6807 6796
6796 6808 1721
6807 1724 6808
6796 6807 6808
444 6837 6857
6857 6860 1735
6837 1731 6860
6857 6837 6860
1735 6858 6856
6856 6798 442
6858 1722 6798
6856 6858 6798
1731 6836 6839
6839 6797 1722
6836 116 6797
6839 6836 6797
1735 6860 6858
6858 6839 1722
6860 1731 6839
6858 6860 6839
434 6845 6805
6805 6848 1724
6845 1733 6848
6805 6845 6848
1724 6859 6806
6806 6856 442
6859 1735 6856
6806 6859 6856
1733 6846 6861
6861 6857 1735
6846 444 6857
6861 6846 6857
1724 6848 6859
6859 6861 1735
6848 1733 6861
6859 6848 6861
28 5352 5477
5477 5479 1396
5352 1362 5479
5477 5352 5479
1396 5485 5478
5478 5483 363
5485 1398 5483
5478 5485 5483
1362 5353 5484
5484 5482 1398
5353 353 5482
5484 5353 5482
1396 5479 5485
5485 5484 1398
5479 1362 5484
5485 5479 5484
363 5526 5481
5481 5528 1397
5526 1408 5528
5481 5526 5528
1397 5514 5480
5480 5512 98
5514 1405 5512
5480 5514 5512
1408 5527 5530
5530 5513 1405
5527 365 5513
5530 5527 5513
1397 5528 5514
5514 5530 1405
5528 1408 5530
5514 5528 5530
353 5355 5516
5516 5518 1406
5355 1363 5518
5516 5355 5518
1406 5520 5517
5517 5509 365
5520 1404 5509
5517 5520 5509
1363 5354 5510
5510 5508 1404
5354 95 5508
5510 5354 5508
1406 5518 5520
5520 5510 1404
5518 1363 5510
5520 5518 5510
363 5483 5526
5526 5529 1408
5483 1398 5529
5526 5483 5529
1408 5531 5527
5527 5517 365
5531 1406 5517
5527 5531 5517
1398 5482 5519
5519 5516 1406
5482 353 5516
5519 5482 5516
1408 5529 5531
5531 5519 1406
5529 1398 5519
5531 5529 5519
98 5490 5471
5471 5492 1394
5490 1400 5492
5471 5490 5492
1394 5504 5472
5472 5502 362
5504 1403 5502
5472 5504 5502
1400 5491 5506
5506 5503 1403
5491 364 5503
5506 5491 5503
1394 5492 5504
5504 5506 1403
5492 1400 5506
5504 5492 5506
362 5474 5469
5469 5476 1393
5474 1395 5476
5469 5474 5476
1393 5470 5468
5468 4203 24
5470 1077 4203
5468 5470 4203
1395 5473 5475
5475 4204 1077
5473 283 4204
5475 5473 4204
1393 5476 5470
5470 5475 1077
5476 1395 5475
5470 5476 5475
364 5487 5494
5494 5497 1401
5487 1399 5497
5494 5487 5497
1401 5495 5493
5493 4206 283
5495 1078 4206
5493 5495 4206
1399 5486 5488
5488 4205 1078
5486 78 4205
5488 5486 4205
1401 5497 5495
5495 5488 1078
5497 1399 5488
5495 5497 5488
362 5502 5474
5474 5505 1395
5502 1403 5505
5474 5502 5505
1395 5496 5473
5473 5493 283
5496 1401 5493
5473 5496 5493
1403 5503 5507
5507 5494 1401
5503 364 5494
5507 5503 5494
1395 5505 5496
5496 5507 1401
5505 1403 5507
5496 5505 5507
95 5342 5376
5376 5378 1369
5342 1359 5378
5376 5342 5378
1369 5388 5377
5377 5385 355
5388 1371 5385
5377 5388 5385
1359 5343 5386
5386 5384 1371
5343 352 5384
5386 5343 5384
1369 5378 5388
5388 5386 1371
5378 1359 5386
5388 5378 5386
355 5380 5374
5374 5383 1368
5380 1370 5383
5374 5380 5383
1368 5375 5373
5373 4197 78
5375 1075 4197
5373 5375 4197
1370 5379 5381
5381 4198 1075
5379 282 4198
5381 5379 4198
1368 5383 5375
5375 5381 1075
5383 1370 5381
5375 5383 5381
352 5339 5349
5349 5351 1361
5339 1358 5351
5349 5339 5351
1361 5350 5348
5348 4195 282
5350 1074 4195
5348 5350 4195
1358 5338 5341
5341 4194 1074
5338 1 4194
5341 5338 4194
1361 5351 5350
5350 5341 1074
5351 1358 5341
5350 5351 5341
355 5385 5380
5380 5389 1370
5385 1371 5389
5380 5385 5389
1370 5382 5379
5379 5348 282
5382 1361 5348
5379 5382 5348
1371 5384 5387
5387 5349 1361
5384 352 5349
5387 5384 5349
1370 5389 5382
5382 5387 1361
5389 1371 5387
5382 5389 5387
98 5512 5490
5490 5515 1400
5512 1405 5515
5490 5512 5515
1400 5534 5491
5491 5532 364
5534 1409 5532
5491 5534 5532
1405 5513 5536
5536 5533 1409
5513 365 5533
5536 5513 5533
1400 5515 5534
5534 5536 1409
5515 1405 5536
5534 5515 5536
364 5499 5487
5487 5501 1399
5499 1402 5501
5487 5499 5501
1399 5489 5486
5486 5373 78
5489 1368 5373
5486 5489 5373
1402 5498 5500
5500 5374 1368
5498 355 5374
5500 5498 5374
1399 5501 5489
5489 5500 1368
5501 1402 5500
5489 5501 5500
365 5509 5522
5522 5525 1407
5509 1404 5525
5522 5509 5525
1407 5523 5521
5521 5377 355
5523 1369 5377
5521 5523 5377
1404 5508 5511
5511 5376 1369
5508 95 5376
5511 5508 5376
1407 5525 5523
5523 5511 1369
5525 1404 5511
5523 5525 5511
364 5532 5499
5499 5535 1402
5532 1409 5535
5499 5532 5535
1402 5524 5498
5498 5521 355
5524 1407 5521
5498 5524 5521
1409 5533 5537
5537 5522 1407
5533 365 5522
5537 5533 5522
1402 5535 5524
5524 5537 1407
5535 1409 5537
5524 5535 5537
32 6968 6784
6784 6971 1718
6968 1762 6971
6784 6968 6971
1718 6980 6785
6785 6978 441
6980 1765 6978
6785 6980 6978
1762 6969 6981
6981 6979 1765
6969 451 6979
6981 6969 6979
1718 6971 6980
6980 6981 1765
6971 1762 6981
6980 6971 6981
441 7064 6788
6788 7066 1719
7064 1784 7066
6788 7064 7066
1719 7058 6787
6787 7056 116
7058 1782 7056
6787 7058 7056
1784 7065 7068
7068 7057 1782
7065 455 7057
7068 7065 7057
1719 7066 7058
7058 7068 1782
7066 1784 7068
7058 7066 7068
451 6973 7074
7074 7076 1786
6973 1763 7076
7074 6973 7076
1786 7078 7075
7075 7061 455
7078 1783 7061
7075 7078 7061
1763 6972 7062
7062 7060 1783
6972 118 7060
7062 6972 7060
1786 7076 7078
7078 7062 1783
7076 1763 7062
7078 7076 7062
441 6978 7064
7064 7067 1784
6978 1765 7067
7064 6978 7067
1784 7079 7065
7065 7075 455
7079 1786 7075
7065 7079 7075
1765 6979 7077
7077 7074 1786
6979 451 7074
7077 6979 7074
1784 7067 7079
7079 7077 1786
7067 1765 7077
7079 7067 7077
116 6818 6774
6774 6820 1715
6818 1727 6820
6774 6818 6820
1715 6828 6775
6775 6826 440
6828 1729 6826
6775 6828 6826
1727 6819 6830
6830 6827 1729
6819 443 6827
6830 6819 6827
1715 6820 6828
6828 6830 1729
6820 1727 6830
6828 6820 6830
440 6781 6771
6771 6783 1714
6781 1717 6783
6771 6781 6783
1714 6773 6770
6770 5468 24
6773 1393 5468
6770 6773 5468
1717 6780 6782
6782 5469 1393
6780 362 5469
6782 6780 5469
1714 6783 6773
6773 6782 1393
6783 1717 6782
6773 6783 6782
443 6816 6822
6822 6825 1728
6816 1726 6825
6822 6816 6825
1728 6823 6821
6821 5472 362
6823 1394 5472
6821 6823 5472
1726 6815 6817
6817 5471 1394
6815 98 5471
6817 6815 5471
1728 6825 6823
6823 6817 1394
6825 1726 6817
6823 6825 6817
440 6826 6781
6781 6829 1717
6826 1729 6829
6781 6826 6829
1717 6824 6780
6780 6821 362
6824 1728 6821
6780 6824 6821
1729 6827 6831
6831 6822 1728
6827 443 6822
6831 6827 6822
1717 6829 6824
6824 6831 1728
6829 1729 6831
6824 6829 6831
118 6958 7008
7008 7010 1772
6958 1759 7010
7008 6958 7010
1772 7024 7009
7009 7021 453
7024 1775 7021
7009 7024 7021
1759 6959 7022
7022 7020 1775
6959 450 7020
7022 6959 7020
1772 7010 7024
7024 7022 1775
7010 1759 7022
7024 7010 7022
453 7012 7005
7005 7015 1771
7012 1773 7015
7005 7012 7015
1771 7006 7004
7004 5480 98
7006 1397 5480
7004 7006 5480
1773 7011 7013
7013 5481 1397
7011 363 5481
7013 7011 5481
1771 7015 7006
7006 7013 1397
7015 1773 7013
7006 7015 7013
450 6955 6965
6965 6967 1761
6955 1758 6967
6965 6955 6967
1761 6966 6964
6964 5478 363
6966 1396 5478
6964 6966 5478
1758 6954 6957
6957 5477 1396
6954 28 5477
6957 6954 5477
1761 6967 6966
6966 6957 1396
6967 1758 6957
6966 6967 6957
453 7021 7012
7012 7025 1773
7021 1775 7025
7012 7021 7025
1773 7014 7011
7011 6964 363
7014 1761 6964
7011 7014 6964
1775 7020 7023
7023 6965 1761
7020 450 6965
7023 7020 6965
1773 7025 7014
7014 7023 1761
7025 1775 7023
7014 7025 7023
116 7056 6818
6818 7059 1727
7056 1782 7059
6818 7056 7059
1727 7071 6819
6819 7069 443
7071 1785 7069
6819 7071 7069
1782 7057 7073
7073 7070 1785
7057 455 7070
7073 7057 7070
1727 7059 7071
7071 7073 1785
7059 1782 7073
7071 7059 7073
443 7016 6816
6816 7018 1726
7016 1774 7018
6816 7016 7018
1726 7007 6815
6815 7004 98
7007 1771 7004
6815 7007 7004
1774 7017 7019
7019 7005 1771
7017 453 7005
7019 7017 7005
1726 7018 7007
7007 7019 1771
7018 1774 7019
7007 7018 7019
455 7061 7081
7081 7084 1787
7061 1783 7084
7081 7061 7084
1787 7082 7080
7080 7009 453
7082 1772 7009
7080 7082 7009
1783 7060 7063
7063 7008 1772
7060 118 7008
7063 7060 7008
1787 7084 7082
7082 7063 1772
7084 1783 7063
7082 7084 7063
443 7069 7016
7016 7072 1774
7069 1785 7072
7016 7069 7072
1774 7083 7017
7017 7080 453
7083 1787 7080
7017 7083 7080
1785 7070 7085
7085 7081 1787
7070 455 7081
7085 7070 7081
1774 7072 7083
7083 7085 1787
7072 1785 7085
7083 7072 7085
MATERIALS 1
Styx
MATERIAL Styx
0.76 0.76 0.76 1
0.76 0.76 0.76 1
0 0 0 1 0
0 0 0 1
TEXTURES 0
